date,campaign_version,region,daily_budget,match_types,clicks,cost,all_conv
2024-06-26,13,B,38.83,Phrase; Exact,4,2.59,0.0
2024-06-27,7,A,58.25,Phrase; Exact,9,7.13,0.0
2024-06-27,13,B,38.83,Phrase; Exact,78,54.17,0.0
2024-06-27,4,C,19.42,Phrase; Exact,10,3.92,0.0
2024-06-27,22,USA,271.84,Phrase; Exact,3,5.22,0.0
2024-06-28,7,A,58.25,Phrase; Exact,7,10.79,0.0
2024-06-28,13,B,38.83,Phrase; Exact,54,35.37,0.0
2024-06-28,4,C,19.42,Phrase; Exact,15,10.73,0.0
2024-06-28,22,USA,271.84,Phrase; Exact,4,12.86,0.0
2024-06-29,7,A,58.25,Phrase; Exact,19,24.2,0.0
2024-06-29,13,B,38.83,Phrase; Exact,88,66.95,0.0
2024-06-29,4,C,19.42,Phrase; Exact,15,6.33,0.0
2024-06-29,22,USA,271.84,Phrase; Exact,5,7.97,0.0
2024-06-30,7,A,58.25,Phrase; Exact,31,82.24,0.0
2024-06-30,13,B,38.83,Phrase; Exact,53,35.19,0.0
2024-06-30,4,C,19.42,Phrase; Exact,50,38.84,0.0
2024-06-30,22,USA,271.84,Phrase; Exact,11,37.99,0.0
2024-07-01,7,A,58.25,Phrase; Exact,38,69.6,0.0
2024-07-01,13,B,38.83,Phrase; Exact,70,46.87,0.0
2024-07-01,4,C,19.42,Phrase; Exact,33,23.2,0.0
2024-07-01,22,USA,271.84,Phrase; Exact,29,140.89,0.0
2024-07-02,7,A,58.25,Phrase; Exact,40,72.68,0.0
2024-07-02,13,B,38.83,Phrase; Exact,75,47.2,0.0
2024-07-02,4,C,19.42,Phrase; Exact,38,22.89,0.0
2024-07-02,22,USA,271.84,Phrase; Exact,35,162.54,0.0
2024-07-03,7,A,58.25,Phrase; Exact,41,67.71,4.0
2024-07-03,13,B,38.83,Phrase; Exact,70,38.01,6.0
2024-07-03,4,C,19.42,Phrase; Exact,30,17.54,0.0
2024-07-03,22,USA,271.84,Phrase; Exact,62,404.28,0.0
2024-07-04,7,A,58.25,Phrase; Exact,40,63.76,0.0
2024-07-04,13,B,38.83,Phrase; Exact,50,28.22,0.0
2024-07-04,4,C,19.42,Phrase; Exact,31,17.35,0.0
2024-07-04,22,USA,271.84,Phrase; Exact,57,407.88,0.0
2024-07-05,7,A,58.25,Phrase; Exact,51,57.8,0.0
2024-07-05,13,B,38.83,Phrase; Exact,35,17.62,0.0
2024-07-05,4,C,19.42,Phrase; Exact,30,23.8,0.0
2024-07-05,22,USA,271.84,Phrase; Exact,49,318.38,7.0
2024-07-06,7,A,58.25,Phrase; Exact,47,69.8,0.0
2024-07-06,13,B,38.83,Phrase; Exact,71,60.26,0.0
2024-07-06,4,C,19.42,Phrase; Exact,29,23.71,0.0
2024-07-06,22,USA,271.84,Phrase; Exact,52,334.93,0.0
2024-07-07,7,A,58.25,Phrase; Exact,37,56.88,1.0
2024-07-07,13,B,38.83,Phrase; Exact,57,46.96,0.0
2024-07-07,4,C,19.42,Phrase; Exact,43,24.66,0.0
2024-07-07,22,USA,271.84,Phrase; Exact,61,320.78,0.0
2024-07-08,7,A,58.25,Phrase; Exact,43,57.77,0.0
2024-07-08,13,B,38.83,Phrase; Exact,66,45.93,1.0
2024-07-08,4,C,19.42,Phrase; Exact,35,18.27,0.0
2024-07-08,22,USA,271.84,Phrase; Exact,52,313.66,0.0
2024-07-09,7,A,58.25,Phrase; Exact,45,58.25,0.0
2024-07-09,13,B,38.83,Phrase; Exact,64,43.49,4.02
2024-07-09,4,C,19.42,Phrase; Exact,32,18.94,0.0
2024-07-09,22,USA,271.84,Phrase; Exact,48,264.87,1.0
2024-07-10,7,A,58.25,Phrase; Exact,41,55.0,0.0
2024-07-10,13,B,38.83,Phrase; Exact,72,44.23,4.0
2024-07-10,4,C,19.42,Phrase; Exact,36,18.12,0.0
2024-07-10,22,USA,271.84,Phrase; Exact,51,262.27,0.0
2024-07-11,7,A,58.25,Phrase; Exact,38,42.04,3.0
2024-07-11,13,B,38.83,Phrase; Exact,47,25.31,2.0
2024-07-11,4,C,19.42,Phrase; Exact,19,11.76,0.0
2024-07-11,22,USA,271.84,Phrase; Exact,40,144.74,0.0
2024-07-12,7,A,58.25,Phrase; Exact,33,39.8,1.0
2024-07-12,13,B,38.83,Phrase; Exact,43,21.52,0.0
2024-07-12,4,C,19.42,Phrase; Exact,29,15.66,0.0
2024-07-12,22,USA,271.84,Phrase; Exact,46,218.81,0.0
2024-07-13,7,A,58.25,Phrase; Exact,26,31.86,1.0
2024-07-13,13,B,38.83,Phrase; Exact,59,48.15,0.0
2024-07-13,4,C,19.42,Phrase; Exact,36,20.85,0.0
2024-07-13,22,USA,271.84,Phrase; Exact,39,173.75,0.0
2024-07-14,7,A,58.25,Phrase; Exact,35,45.42,0.0
2024-07-14,13,B,38.83,Phrase; Exact,50,39.24,0.0
2024-07-14,4,C,19.42,Phrase; Exact,30,20.34,0.0
2024-07-14,22,USA,271.84,Phrase; Exact,41,189.21,0.0
2024-07-15,7,A,58.25,Phrase; Exact,50,109.94,0.0
2024-07-15,13,B,38.83,Phrase; Exact,60,44.17,1.0
2024-07-15,4,C,19.42,Phrase; Exact,34,20.6,0.0
2024-07-15,22,USA,271.84,Phrase; Exact,84,518.46,1.0
2024-07-16,7,A,58.25,Phrase; Exact,43,73.94,1.0
2024-07-16,13,B,38.83,Phrase; Exact,74,45.86,1.0
2024-07-16,4,C,19.42,Phrase; Exact,34,20.67,0.0
2024-07-16,22,USA,271.84,Phrase; Exact,62,360.48,0.0
2024-07-17,7,A,58.25,Phrase; Exact,47,57.9,1.0
2024-07-17,13,B,38.83,Phrase; Exact,66,38.57,0.0
2024-07-17,4,C,19.42,Phrase; Exact,28,14.52,0.0
2024-07-17,22,USA,271.84,Phrase; Exact,59,266.53,0.0
2024-07-18,7,A,58.25,Phrase; Exact,42,57.43,0.0
2024-07-18,13,B,38.83,Phrase; Exact,51,29.99,0.0
2024-07-18,4,C,19.42,Phrase; Exact,29,15.39,5.0
2024-07-18,22,USA,271.84,Phrase; Exact,52,263.28,4.0
2024-07-19,7,A,58.25,Phrase; Exact,28,36.5,0.0
2024-07-19,13,B,38.83,Phrase; Exact,35,23.78,0.0
2024-07-19,4,C,19.42,Phrase; Exact,41,22.36,0.0
2024-07-19,22,USA,271.84,Phrase; Exact,36,144.61,0.0
2024-07-20,7,A,58.25,Phrase; Exact,19,20.14,0.0
2024-07-20,13,B,38.83,Phrase; Exact,36,23.47,1.0
2024-07-20,4,C,19.42,Phrase; Exact,33,21.45,0.0
2024-07-20,22,USA,271.84,Phrase; Exact,44,184.88,0.0
2024-07-21,7,A,58.25,Phrase; Exact,39,73.48,0.0
2024-07-21,13,B,38.83,Phrase; Exact,75,62.57,1.0
2024-07-21,4,C,19.42,Phrase; Exact,36,22.85,0.0
2024-07-21,22,USA,271.84,Phrase; Exact,43,218.13,0.0
2024-07-22,7,A,58.25,Phrase; Exact,54,75.09,0.0
2024-07-22,13,B,38.83,Phrase; Exact,61,42.74,0.0
2024-07-22,4,C,19.42,Phrase; Exact,41,18.26,1.0
2024-07-22,22,USA,271.84,Phrase; Exact,67,394.97,1.0
2024-07-23,7,A,58.25,Phrase; Exact,49,68.86,0.0
2024-07-23,13,B,38.83,Phrase; Exact,55,42.44,0.0
2024-07-23,4,C,19.42,Phrase; Exact,31,17.16,0.0
2024-07-23,22,USA,271.84,Phrase; Exact,61,311.94,0.0
2024-07-24,7,A,58.25,Phrase; Exact,59,66.6,2.0
2024-07-24,13,B,38.83,Phrase; Exact,54,41.75,3.0
2024-07-24,4,C,19.42,Phrase; Exact,32,15.59,0.0
2024-07-24,22,USA,271.84,Phrase; Exact,48,313.57,0.0
2024-07-25,7,A,58.25,Phrase; Exact,33,36.55,0.0
2024-07-25,13,B,38.83,Phrase; Exact,54,37.09,0.0
2024-07-25,4,C,19.42,Phrase; Exact,35,19.15,0.0
2024-07-25,22,USA,271.84,Phrase; Exact,60,280.2,0.0
2024-07-26,7,A,58.25,Phrase; Exact,17,17.7,0.0
2024-07-26,13,B,38.83,Phrase; Exact,32,17.52,2.0
2024-07-26,4,C,19.42,Phrase; Exact,15,10.61,0.0
2024-07-26,22,USA,271.84,Phrase; Exact,33,157.16,9.0
2024-07-27,7,A,58.25,Phrase; Exact,18,19.76,1.0
2024-07-27,13,B,38.83,Phrase; Exact,39,20.49,0.0
2024-07-27,4,C,19.42,Phrase; Exact,21,9.29,0.0
2024-07-27,22,USA,271.84,Phrase; Exact,20,95.58,0.0
2024-07-28,7,A,58.25,Phrase; Exact,19,30.17,0.0
2024-07-28,13,B,38.83,Phrase; Exact,32,14.38,0.0
2024-07-28,4,C,19.42,Phrase; Exact,18,10.03,0.0
2024-07-28,22,USA,271.84,Phrase; Exact,22,98.93,0.0
2024-07-29,7,A,58.25,Phrase; Exact,64,109.75,0.0
2024-07-29,13,B,38.83,Phrase; Exact,38,22.73,1.0
2024-07-29,4,C,19.42,Phrase; Exact,54,39.05,0.0
2024-07-29,22,USA,271.84,Phrase; Exact,52,264.84,6.0
2024-07-30,7,A,58.25,Phrase; Exact,49,79.72,0.0
2024-07-30,13,B,38.83,Phrase; Exact,83,77.59,0.0
2024-07-30,4,C,19.42,Phrase; Exact,32,22.32,2.0
2024-07-30,22,USA,271.84,Phrase; Exact,83,504.48,1.0
2024-07-31,7,A,58.25,Phrase; Exact,46,48.85,2.0
2024-07-31,13,B,38.83,Phrase; Exact,54,42.28,0.0
2024-07-31,4,C,19.42,Phrase; Exact,22,14.12,0.0
2024-07-31,22,USA,271.84,Phrase; Exact,43,228.84,0.0
2024-08-01,7,A,58.25,Phrase; Exact,70,90.48,2.0
2024-08-01,13,B,38.83,Phrase; Exact,65,48.83,0.0
2024-08-01,4,C,19.42,Phrase; Exact,16,10.95,0.0
2024-08-01,22,USA,271.84,Phrase; Exact,60,405.3,4.0
2024-08-02,7,A,58.25,Phrase; Exact,36,44.25,3.0
2024-08-02,13,B,38.83,Phrase; Exact,45,33.66,0.0
2024-08-02,4,C,19.42,Phrase; Exact,31,18.8,0.0
2024-08-02,22,USA,271.84,Phrase; Exact,51,257.89,1.0
2024-08-03,7,A,58.25,Phrase; Exact,24,39.42,0.0
2024-08-03,13,B,38.83,Phrase; Exact,50,33.41,0.0
2024-08-03,4,C,19.42,Phrase; Exact,39,27.9,0.0
2024-08-03,22,USA,271.84,Phrase; Exact,45,240.2,0.0
2024-08-04,7,A,58.25,Phrase; Exact,21,32.42,0.0
2024-08-04,13,B,38.83,Phrase; Exact,51,36.66,0.0
2024-08-04,4,C,19.42,Phrase; Exact,26,20.84,0.0
2024-08-04,22,USA,271.84,Phrase; Exact,38,223.04,0.0
2024-08-05,7,A,58.25,Phrase; Exact,42,63.06,0.0
2024-08-05,13,B,38.83,Phrase; Exact,50,30.92,0.0
2024-08-05,4,C,19.42,Phrase; Exact,26,20.35,0.0
2024-08-05,22,USA,271.84,Phrase; Exact,51,221.52,0.0
2024-08-06,7,A,58.25,Phrase; Exact,55,79.12,0.0
2024-08-06,13,B,38.83,Phrase; Exact,73,43.08,0.0
2024-08-06,4,C,19.42,Phrase; Exact,33,21.42,0.0
2024-08-06,22,USA,271.84,Phrase; Exact,58,334.35,0.0
2024-08-07,7,A,58.25,Phrase; Exact,23,40.15,0.0
2024-08-07,13,B,38.83,Phrase; Exact,58,50.88,0.0
2024-08-07,4,C,19.42,Phrase; Exact,29,16.69,0.0
2024-08-07,22,USA,271.84,Phrase; Exact,46,214.21,1.0
2024-08-08,7,A,58.25,Phrase; Exact,21,27.22,0.0
2024-08-08,13,B,38.83,Phrase; Exact,43,38.06,1.0
2024-08-08,4,C,19.42,Phrase; Exact,15,8.04,0.0
2024-08-08,22,USA,271.84,Phrase; Exact,47,264.48,3.0
2024-08-09,7,A,58.25,Phrase; Exact,41,80.47,0.0
2024-08-09,13,B,38.83,Phrase; Exact,62,53.39,1.0
2024-08-09,4,C,19.42,Phrase; Exact,39,27.47,0.0
2024-08-09,22,USA,271.84,Phrase; Exact,62,363.5,0.0
2024-08-10,7,A,58.25,Phrase; Exact,29,68.74,0.0
2024-08-10,13,B,38.83,Phrase; Exact,45,40.9,2.0
2024-08-10,4,C,19.42,Phrase; Exact,38,28.25,0.0
2024-08-10,22,USA,271.84,Phrase; Exact,31,174.86,0.0
2024-08-11,7,A,58.25,Phrase; Exact,39,78.17,0.0
2024-08-11,13,B,38.83,Phrase; Exact,38,26.95,0.0
2024-08-11,4,C,19.42,Phrase; Exact,36,19.4,1.0
2024-08-11,22,USA,271.84,Phrase; Exact,29,131.92,0.0
2024-08-12,7,A,58.25,Phrase; Exact,51,86.19,0.0
2024-08-12,13,B,38.83,Phrase; Exact,49,44.41,0.0
2024-08-12,4,C,19.42,Phrase; Exact,30,21.31,1.0
2024-08-12,22,USA,271.84,Phrase; Exact,64,522.28,2.03
2024-08-13,7,A,58.25,Phrase; Exact,45,70.52,0.0
2024-08-13,13,B,38.83,Phrase; Exact,53,41.33,0.0
2024-08-13,4,C,19.42,Phrase; Exact,26,20.63,1.0
2024-08-13,22,USA,271.84,Phrase; Exact,61,342.26,0.0
2024-08-14,7,A,58.25,Phrase; Exact,31,56.86,0.0
2024-08-14,13,B,38.83,Phrase; Exact,59,44.0,0.98
2024-08-14,4,C,19.42,Phrase; Exact,28,18.2,0.0
2024-08-14,22,USA,271.84,Phrase; Exact,53,304.29,2.0
2024-08-15,7,A,58.25,Phrase; Exact,28,34.62,0.0
2024-08-15,13,B,38.83,Phrase; Exact,57,43.01,0.0
2024-08-15,4,C,19.42,Phrase; Exact,21,13.6,1.0
2024-08-15,22,USA,271.84,Phrase; Exact,52,268.38,0.0
2024-08-16,7,A,58.25,Phrase; Exact,28,39.83,0.0
2024-08-16,13,B,38.83,Phrase; Exact,39,29.37,0.0
2024-08-16,4,C,19.42,Phrase; Exact,36,21.43,0.0
2024-08-16,22,USA,271.84,Phrase; Exact,45,245.16,0.0
2024-08-17,7,A,58.25,Phrase; Exact,28,32.27,1.0
2024-08-17,13,B,38.83,Phrase; Exact,23,15.47,0.0
2024-08-17,4,C,19.42,Phrase; Exact,19,10.76,0.0
2024-08-17,22,USA,271.84,Phrase; Exact,26,131.23,0.0
2024-08-18,7,A,58.25,Phrase; Exact,39,78.36,0.0
2024-08-18,13,B,38.83,Phrase; Exact,23,13.02,0.0
2024-08-18,4,C,19.42,Phrase; Exact,22,14.24,0.0
2024-08-18,22,USA,271.84,Phrase; Exact,37,184.61,0.0
2024-08-19,7,A,58.25,Phrase; Exact,52,80.58,0.0
2024-08-19,13,B,38.83,Phrase; Exact,72,64.79,0.0
2024-08-19,4,C,19.42,Phrase; Exact,30,21.38,0.0
2024-08-19,22,USA,271.84,Phrase; Exact,79,423.71,1.0
2024-08-20,7,A,58.25,Phrase; Exact,48,73.65,0.0
2024-08-20,13,B,38.83,Phrase; Exact,71,56.35,1.0
2024-08-20,4,C,19.42,Phrase; Exact,35,23.06,0.0
2024-08-20,22,USA,271.84,Phrase; Exact,58,297.26,0.0
2024-08-21,7,A,58.25,Phrase; Exact,56,60.33,1.0
2024-08-21,13,B,38.83,Phrase; Exact,55,45.71,0.0
2024-08-21,4,C,19.42,Phrase; Exact,38,25.9,0.0
2024-08-21,22,USA,271.84,Phrase; Exact,41,245.99,3.0
2024-08-22,7,A,58.25,Phrase; Exact,40,48.28,0.0
2024-08-22,13,B,38.83,Phrase; Exact,47,30.03,0.0
2024-08-22,4,C,19.42,Phrase; Exact,26,18.34,1.0
2024-08-22,22,USA,271.84,Phrase; Exact,37,165.35,0.0
2024-08-23,7,A,58.25,Phrase; Exact,52,51.53,2.0
2024-08-23,13,B,38.83,Phrase; Exact,52,45.52,0.0
2024-08-23,4,C,19.42,Phrase; Exact,18,13.04,0.0
2024-08-23,22,USA,271.84,Phrase; Exact,48,301.81,0.0
2024-08-24,7,A,58.25,Phrase; Exact,25,34.16,1.0
2024-08-24,13,B,38.83,Phrase; Exact,56,36.73,0.0
2024-08-24,4,C,19.42,Phrase; Exact,35,23.71,0.0
2024-08-24,22,USA,271.84,Phrase; Exact,41,188.06,0.0
2024-08-25,7,A,58.25,Phrase; Exact,25,28.51,0.0
2024-08-25,13,B,38.83,Phrase; Exact,46,29.76,0.0
2024-08-25,4,C,19.42,Phrase; Exact,28,19.69,0.0
2024-08-25,22,USA,271.84,Phrase; Exact,45,260.68,0.0
2024-08-26,7,A,58.25,Phrase; Exact,59,92.53,1.0
2024-08-26,13,B,38.83,Phrase; Exact,43,36.19,3.0
2024-08-26,4,C,19.42,Phrase; Exact,35,20.84,0.0
2024-08-26,22,USA,271.84,Phrase; Exact,54,375.52,2.0
2024-08-27,7,A,58.25,Phrase; Exact,41,70.98,0.0
2024-08-27,13,B,38.83,Phrase; Exact,66,39.9,0.0
2024-08-27,4,C,19.42,Phrase; Exact,33,20.77,0.0
2024-08-27,22,USA,271.84,Phrase; Exact,53,296.77,1.0
2024-08-28,7,A,58.25,Phrase; Exact,47,69.59,1.0
2024-08-28,13,B,38.83,Phrase; Exact,39,30.17,0.0
2024-08-28,4,C,19.42,Phrase; Exact,32,21.2,1.0
2024-08-28,22,USA,271.84,Phrase; Exact,50,277.26,0.0
2024-08-29,7,A,58.25,Phrase; Exact,42,59.89,1.0
2024-08-29,13,B,38.83,Phrase; Exact,64,41.88,1.0
2024-08-29,4,C,19.42,Phrase; Exact,32,19.64,0.0
2024-08-29,22,USA,271.84,Phrase; Exact,46,291.38,0.0
2024-08-30,7,A,58.25,Phrase; Exact,21,27.85,3.0
2024-08-30,13,B,38.83,Phrase; Exact,46,31.43,0.0
2024-08-30,4,C,19.42,Phrase; Exact,19,11.92,0.0
2024-08-30,22,USA,271.84,Phrase; Exact,30,175.98,0.0
2024-08-31,7,A,58.25,Phrase; Exact,22,27.33,0.0
2024-08-31,13,B,38.83,Phrase; Exact,37,23.58,0.0
2024-08-31,4,C,19.42,Phrase; Exact,19,10.57,0.0
2024-08-31,22,USA,271.84,Phrase; Exact,27,134.09,0.0
2024-09-01,7,A,58.25,Phrase; Exact,24,26.2,2.0
2024-09-01,13,B,38.83,Phrase; Exact,32,15.42,0.0
2024-09-01,4,C,19.42,Phrase; Exact,13,5.44,0.0
2024-09-01,22,USA,271.84,Phrase; Exact,26,107.53,0.0
2024-09-02,7,A,58.25,Phrase; Exact,51,96.23,0.0
2024-09-02,13,B,38.83,Phrase; Exact,80,57.47,0.0
2024-09-02,4,C,19.42,Phrase; Exact,26,17.55,0.0
2024-09-02,22,USA,271.84,Phrase; Exact,42,226.27,0.0
2024-09-03,7,A,58.25,Phrase; Exact,40,85.27,0.0
2024-09-03,13,B,38.83,Phrase; Exact,62,51.86,3.0
2024-09-03,4,C,19.42,Phrase; Exact,58,39.05,0.0
2024-09-03,22,USA,271.84,Phrase; Exact,76,528.44,0.0
2024-09-04,7,A,58.25,Phrase; Exact,59,85.95,0.0
2024-09-04,13,B,38.83,Phrase; Exact,70,47.92,0.0
2024-09-04,4,C,19.42,Phrase; Exact,39,26.44,0.0
2024-09-04,22,USA,271.84,Phrase; Exact,67,368.59,3.0
2024-09-05,7,A,58.25,Phrase; Exact,35,55.08,0.0
2024-09-05,13,B,38.83,Phrase; Exact,66,50.73,0.0
2024-09-05,4,C,19.42,Phrase; Exact,35,23.36,0.0
2024-09-05,22,USA,271.84,Phrase; Exact,66,364.72,2.0
2024-09-06,7,A,58.25,Phrase; Exact,20,33.02,4.0
2024-09-06,13,B,38.83,Phrase; Exact,64,46.91,0.0
2024-09-06,4,C,19.42,Phrase; Exact,33,22.61,1.0
2024-09-06,22,USA,271.84,Phrase; Exact,48,301.87,2.0
2024-09-07,7,A,58.25,Phrase; Exact,21,31.13,1.0
2024-09-07,13,B,38.83,Phrase; Exact,58,32.22,0.0
2024-09-07,4,C,19.42,Phrase; Exact,29,16.88,0.0
2024-09-07,22,USA,271.84,Phrase; Exact,43,227.86,5.0
2024-09-08,7,A,58.25,Phrase; Exact,32,58.67,1.0
2024-09-08,13,B,38.83,Phrase; Exact,53,32.81,1.0
2024-09-08,4,C,19.42,Phrase; Exact,31,17.32,0.0
2024-09-08,22,USA,271.84,Phrase; Exact,46,214.84,0.0
2024-09-09,7,A,58.25,Phrase; Exact,57,90.5,0.0
2024-09-09,13,B,38.83,Phrase; Exact,72,47.41,0.0
2024-09-09,4,C,19.42,Phrase; Exact,53,27.2,0.0
2024-09-09,22,USA,271.84,Phrase; Exact,75,368.29,0.0
2024-09-10,7,A,58.25,Phrase; Exact,49,72.41,2.0
2024-09-10,13,B,38.83,Phrase; Exact,72,44.78,1.0
2024-09-10,4,C,19.42,Phrase; Exact,44,21.13,0.0
2024-09-10,22,USA,271.84,Phrase; Exact,51,325.06,1.0
2024-09-11,7,A,58.25,Phrase; Exact,55,74.6,0.0
2024-09-11,13,B,38.83,Phrase; Exact,67,44.12,2.0
2024-09-11,4,C,19.42,Phrase; Exact,39,19.06,0.0
2024-09-11,22,USA,271.84,Phrase; Exact,44,221.93,0.0
2024-09-12,7,A,58.25,Phrase; Exact,44,58.92,6.0
2024-09-12,13,B,38.83,Phrase; Exact,63,41.78,1.0
2024-09-12,4,C,19.42,Phrase; Exact,33,20.78,0.0
2024-09-12,22,USA,271.84,Phrase; Exact,53,278.65,3.0
2024-09-13,7,A,58.25,Phrase; Exact,28,39.33,0.0
2024-09-13,13,B,38.83,Phrase; Exact,54,33.85,2.0
2024-09-13,4,C,19.42,Phrase; Exact,22,15.3,0.0
2024-09-13,22,USA,271.84,Phrase; Exact,43,196.4,3.0
2024-09-14,7,A,58.25,Phrase; Exact,19,28.14,0.0
2024-09-14,13,B,38.83,Phrase; Exact,34,17.46,0.0
2024-09-14,4,C,19.42,Phrase; Exact,21,11.34,0.0
2024-09-14,22,USA,271.84,Phrase; Exact,36,162.8,0.0
2024-09-15,7,A,58.25,Phrase; Exact,29,44.4,1.0
2024-09-15,13,B,38.83,Phrase; Exact,27,14.87,0.0
2024-09-15,4,C,19.42,Phrase; Exact,33,16.88,0.0
2024-09-15,22,USA,271.84,Phrase; Exact,36,175.4,2.0
2024-09-16,7,A,58.25,Phrase; Exact,59,117.71,1.0
2024-09-16,13,B,38.83,Phrase; Exact,75,50.19,0.0
2024-09-16,4,C,19.42,Phrase; Exact,29,16.28,0.0
2024-09-16,22,USA,271.84,Phrase; Exact,83,534.62,2.98
2024-09-17,7,A,58.25,Phrase; Exact,52,66.33,1.0
2024-09-17,13,B,38.83,Phrase; Exact,54,44.5,2.0
2024-09-17,4,C,19.42,Phrase; Exact,37,23.3,0.0
2024-09-17,22,USA,271.84,Phrase; Exact,65,357.04,1.0
2024-09-18,7,A,58.25,Phrase; Exact,47,59.04,1.0
2024-09-18,13,B,38.83,Phrase; Exact,76,52.01,0.0
2024-09-18,4,C,19.42,Phrase; Exact,40,21.66,1.0
2024-09-18,22,USA,271.84,Phrase; Exact,51,277.4,0.0
2024-09-19,7,A,58.25,Phrase; Exact,50,60.39,5.0
2024-09-19,13,B,38.83,Phrase; Exact,79,52.07,0.0
2024-09-19,4,C,19.42,Phrase; Exact,41,23.26,0.0
2024-09-19,22,USA,271.84,Phrase; Exact,54,264.62,0.0
2024-09-20,7,A,58.25,Phrase; Exact,29,32.94,0.0
2024-09-20,13,B,38.83,Phrase; Exact,55,31.38,0.0
2024-09-20,4,C,19.42,Phrase; Exact,30,15.81,0.0
2024-09-20,22,USA,271.84,Phrase; Exact,49,233.68,0.0
2024-09-21,7,A,58.25,Phrase; Exact,23,25.64,2.0
2024-09-21,13,B,38.83,Phrase; Exact,49,29.49,1.0
2024-09-21,4,C,19.42,Phrase; Exact,30,17.4,0.0
2024-09-21,22,USA,271.84,Phrase; Exact,25,114.63,3.0
2024-09-22,7,A,58.25,Phrase; Exact,21,20.27,0.0
2024-09-22,13,B,38.83,Phrase; Exact,45,33.47,1.0
2024-09-22,4,C,19.42,Phrase; Exact,37,17.63,0.0
2024-09-22,22,USA,271.84,Phrase; Exact,34,134.87,1.0
2024-09-23,7,A,58.25,Phrase; Exact,44,70.4,15.0
2024-09-23,13,B,38.83,Phrase; Exact,82,55.72,3.0
2024-09-23,4,C,19.42,Phrase; Exact,42,26.95,1.0
2024-09-23,22,USA,271.84,Phrase; Exact,81,534.87,12.0
2024-09-24,7,A,58.25,Phrase; Exact,66,84.39,3.0
2024-09-24,13,B,38.83,Phrase; Exact,70,46.03,3.0
2024-09-24,4,C,19.42,Phrase; Exact,46,24.78,0.0
2024-09-24,22,USA,271.84,Phrase; Exact,64,343.03,6.0
2024-09-25,7,A,58.25,Phrase; Exact,54,75.19,0.0
2024-09-25,13,B,38.83,Phrase; Exact,69,40.28,2.0
2024-09-25,4,C,19.42,Phrase; Exact,35,22.33,0.0
2024-09-25,22,USA,271.84,Phrase; Exact,53,307.62,0.0
2024-09-26,7,A,58.25,Phrase; Exact,59,81.37,10.0
2024-09-26,13,B,38.83,Phrase; Exact,57,33.09,0.0
2024-09-26,4,C,19.42,Phrase; Exact,35,19.35,0.0
2024-09-26,22,USA,271.84,Phrase; Exact,57,277.09,0.0
2024-09-27,7,A,58.25,Phrase; Exact,46,60.58,5.0
2024-09-27,13,B,38.83,Phrase; Exact,57,34.79,1.0
2024-09-27,4,C,19.42,Phrase; Exact,26,10.55,0.0
2024-09-27,22,USA,271.84,Phrase; Exact,39,204.21,0.0
2024-09-28,7,A,58.25,Phrase; Exact,25,31.89,0.0
2024-09-28,13,B,38.83,Phrase; Exact,48,25.32,2.0
2024-09-28,4,C,19.42,Phrase; Exact,25,8.61,0.0
2024-09-28,22,USA,271.84,Phrase; Exact,33,109.48,0.0
2024-09-29,7,A,58.25,Phrase; Exact,34,46.35,2.0
2024-09-29,13,B,38.83,Phrase; Exact,57,32.81,1.0
2024-09-29,4,C,19.42,Phrase; Exact,34,18.94,0.0
2024-09-29,22,USA,271.84,Phrase; Exact,40,196.12,0.0
2024-09-30,7,A,58.25,Phrase; Exact,31,42.46,2.0
2024-09-30,13,B,38.83,Phrase; Exact,67,39.67,0.0
2024-09-30,4,C,19.42,Phrase; Exact,36,20.09,0.0
2024-09-30,22,USA,271.84,Phrase; Exact,60,305.99,1.0
2024-10-01,7,A,58.25,Phrase; Exact,59,71.9,0.0
2024-10-01,13,B,38.83,Phrase; Exact,76,42.32,1.0
2024-10-01,4,C,19.42,Phrase; Exact,32,17.62,0.0
2024-10-01,22,USA,271.84,Phrase; Exact,63,344.74,0.0
2024-10-02,7,A,58.25,Phrase; Exact,48,49.8,1.0
2024-10-02,13,B,38.83,Phrase; Exact,68,34.32,0.0
2024-10-02,4,C,19.42,Phrase; Exact,36,23.36,0.0
2024-10-02,22,USA,271.84,Phrase; Exact,70,355.73,3.0
2024-10-03,7,A,58.25,Phrase; Exact,42,76.01,3.0
2024-10-03,13,B,38.83,Phrase; Exact,60,30.76,0.0
2024-10-03,4,C,19.42,Phrase; Exact,44,21.4,0.0
2024-10-03,22,USA,271.84,Phrase; Exact,62,316.01,7.0
2024-10-04,7,A,58.25,Phrase; Exact,33,40.68,0.0
2024-10-04,13,B,38.83,Phrase; Exact,77,45.38,3.0
2024-10-04,4,C,19.42,Phrase; Exact,38,22.09,2.0
2024-10-04,22,USA,271.84,Phrase; Exact,31,159.21,0.0
2024-10-05,7,A,58.25,Phrase; Exact,19,22.72,0.0
2024-10-05,13,B,38.83,Phrase; Exact,63,39.73,0.0
2024-10-05,4,C,19.42,Phrase; Exact,32,15.31,0.0
2024-10-05,22,USA,271.84,Phrase; Exact,22,85.36,0.0
2024-10-06,7,A,58.25,Phrase; Exact,37,51.76,0.0
2024-10-06,13,B,38.83,Phrase; Exact,43,21.83,0.0
2024-10-06,4,C,19.42,Phrase; Exact,31,16.67,0.0
2024-10-06,22,USA,271.84,Phrase; Exact,44,169.02,3.0
2024-11-17,14,B,42.35,Phrase; Exact,1,0.87,0.0
2024-11-18,8,A,63.53,Phrase; Exact,7,7.51,0.0
2024-11-18,14,B,42.35,Phrase; Exact,77,84.63,1.0
2024-11-18,5,C,21.18,Phrase; Exact,17,11.25,3.0
2024-11-18,23,USA,296.47,Phrase; Exact,3,3.5,0.0
2024-11-19,8,A,63.53,Phrase; Exact,39,55.9,2.0
2024-11-19,14,B,42.35,Phrase; Exact,41,45.66,0.0
2024-11-19,5,C,21.18,Phrase; Exact,43,40.77,0.0
2024-11-19,23,USA,296.47,Phrase; Exact,4,8.42,0.0
2024-11-20,8,A,63.53,Phrase; Exact,44,85.06,0.0
2024-11-20,14,B,42.35,Phrase; Exact,44,43.72,0.0
2024-11-20,5,C,21.18,Phrase; Exact,36,31.13,0.0
2024-11-20,23,USA,296.47,Phrase; Exact,2,15.04,0.0
2024-11-21,8,A,63.53,Phrase; Exact,54,127.04,4.0
2024-11-21,14,B,42.35,Phrase; Exact,39,35.22,0.0
2024-11-21,5,C,21.18,Phrase; Exact,34,27.41,0.0
2024-11-21,23,USA,296.47,Phrase; Exact,19,83.56,0.0
2024-11-22,8,A,63.53,Phrase; Exact,43,117.65,0.0
2024-11-22,14,B,42.35,Phrase; Exact,54,44.21,2.0
2024-11-22,5,C,21.18,Phrase; Exact,38,25.96,0.0
2024-11-22,23,USA,296.47,Phrase; Exact,47,341.04,0.0
2024-11-23,8,A,63.53,Phrase; Exact,25,56.01,1.0
2024-11-23,14,B,42.35,Phrase; Exact,54,44.07,0.0
2024-11-23,5,C,21.18,Phrase; Exact,30,22.27,0.0
2024-11-23,23,USA,296.47,Phrase; Exact,66,592.91,1.0
2024-11-24,8,A,63.53,Phrase; Exact,32,77.48,0.0
2024-11-24,14,B,42.35,Phrase; Exact,33,28.61,0.0
2024-11-24,5,C,21.18,Phrase; Exact,23,14.77,0.0
2024-11-24,23,USA,296.47,Phrase; Exact,51,568.64,0.0
2024-11-25,9,A,50.0,Phrase; Exact,41,77.1,1.0
2024-11-25,2,B,12.35,Broad,1,0.36,0.0
2024-11-25,15,B,30.0,Phrase; Exact,50,49.2,1.0
2024-11-25,6,C,15.0,Phrase; Exact,24,15.52,0.0
2024-11-25,24,USA,200.0,Phrase; Exact,56,591.98,0.0
2024-11-26,1,A,13.53,Broad,3,4.16,0.0
2024-11-26,9,A,50.0,Phrase; Exact,34,55.22,0.0
2024-11-26,2,B,12.35,Broad,6,4.22,0.0
2024-11-26,15,B,30.0,Phrase; Exact,39,31.66,0.0
2024-11-26,3,C,6.18,Broad,6,2.65,0.0
2024-11-26,6,C,15.0,Phrase; Exact,24,15.7,0.0
2024-11-26,24,USA,200.0,Phrase; Exact,23,232.73,0.0
2024-11-27,1,A,13.53,Broad,3,10.48,1.0
2024-11-27,9,A,50.0,Phrase; Exact,30,50.55,0.0
2024-11-27,2,B,12.35,Broad,15,12.1,0.0
2024-11-27,15,B,30.0,Phrase; Exact,36,30.85,0.5
2024-11-27,3,C,6.18,Broad,12,7.2,0.0
2024-11-27,6,C,15.0,Phrase; Exact,18,15.92,0.0
2024-11-27,19,USA,96.47,Broad,4,11.44,0.0
2024-11-27,24,USA,200.0,Phrase; Exact,26,192.33,0.0
2024-11-28,1,A,13.53,Broad,9,15.41,0.0
2024-11-28,9,A,50.0,Phrase; Exact,19,38.41,1.0
2024-11-28,2,B,12.35,Broad,8,7.03,0.0
2024-11-28,15,B,30.0,Phrase; Exact,40,30.36,0.5
2024-11-28,3,C,6.18,Broad,21,12.36,0.0
2024-11-28,6,C,15.0,Phrase; Exact,19,11.9,0.0
2024-11-28,19,USA,96.47,Broad,4,11.5,0.0
2024-11-28,24,USA,200.0,Phrase; Exact,28,196.73,0.0
2024-11-29,1,A,13.53,Broad,6,15.11,0.0
2024-11-29,9,A,50.0,Phrase; Exact,9,16.1,5.0
2024-11-29,2,B,12.35,Broad,29,24.63,0.0
2024-11-29,15,B,30.0,Phrase; Exact,16,11.58,0.0
2024-11-29,3,C,6.18,Broad,12,8.84,0.0
2024-11-29,6,C,15.0,Phrase; Exact,24,17.13,0.0
2024-11-29,19,USA,96.47,Broad,10,59.07,0.0
2024-11-29,24,USA,200.0,Phrase; Exact,20,241.4,3.0
2024-11-30,1,A,13.53,Broad,8,13.36,0.0
2024-11-30,9,A,50.0,Phrase; Exact,11,24.73,0.0
2024-11-30,2,B,12.35,Broad,26,24.7,0.0
2024-11-30,15,B,30.0,Phrase; Exact,19,11.01,0.0
2024-11-30,3,C,6.18,Broad,9,5.94,0.0
2024-11-30,6,C,15.0,Phrase; Exact,19,14.18,0.0
2024-11-30,19,USA,96.47,Broad,34,192.92,0.0
2024-11-30,24,USA,200.0,Phrase; Exact,18,81.14,0.0
2024-12-01,1,A,13.53,Broad,6,13.55,0.0
2024-12-01,9,A,50.0,Phrase; Exact,21,59.13,0.0
2024-12-01,2,B,12.35,Broad,14,15.69,0.0
2024-12-01,15,B,30.0,Phrase; Exact,41,34.52,1.0
2024-12-01,3,C,6.18,Broad,7,1.96,0.0
2024-12-01,6,C,15.0,Phrase; Exact,17,10.26,0.0
2024-12-01,19,USA,96.47,Broad,14,96.1,0.0
2024-12-01,24,USA,200.0,Phrase; Exact,32,199.79,1.0
2024-12-02,1,A,13.53,Broad,3,7.22,0.0
2024-12-02,9,A,50.0,Phrase; Exact,21,47.03,0.0
2024-12-02,2,B,12.35,Broad,21,15.12,0.0
2024-12-02,15,B,30.0,Phrase; Exact,37,35.29,0.0
2024-12-02,3,C,6.18,Broad,21,10.69,0.0
2024-12-02,6,C,15.0,Phrase; Exact,25,21.21,0.0
2024-12-02,19,USA,96.47,Broad,15,99.57,0.0
2024-12-02,24,USA,200.0,Phrase; Exact,23,206.34,0.0
2024-12-03,1,A,13.53,Broad,14,21.68,0.0
2024-12-03,9,A,50.0,Phrase; Exact,31,69.05,0.0
2024-12-03,2,B,12.35,Broad,13,12.28,0.0
2024-12-03,15,B,30.0,Phrase; Exact,30,34.36,3.0
2024-12-03,3,C,6.18,Broad,11,7.54,0.0
2024-12-03,6,C,15.0,Phrase; Exact,21,16.04,0.0
2024-12-03,19,USA,96.47,Broad,16,103.32,0.0
2024-12-03,24,USA,200.0,Phrase; Exact,27,194.8,0.0
2024-12-04,1,A,13.53,Broad,10,17.29,0.0
2024-12-04,9,A,50.0,Phrase; Exact,24,59.46,0.0
2024-12-04,2,B,12.35,Broad,10,6.09,0.0
2024-12-04,15,B,30.0,Phrase; Exact,39,30.29,3.0
2024-12-04,3,C,6.18,Broad,8,5.73,0.0
2024-12-04,6,C,15.0,Phrase; Exact,21,16.57,0.0
2024-12-04,19,USA,96.47,Broad,22,113.22,0.0
2024-12-04,24,USA,200.0,Phrase; Exact,33,209.75,0.0
2024-12-05,1,A,13.53,Broad,9,13.94,0.0
2024-12-05,9,A,50.0,Phrase; Exact,24,40.47,0.0
2024-12-05,2,B,12.35,Broad,22,14.75,0.0
2024-12-05,15,B,30.0,Phrase; Exact,33,30.31,2.0
2024-12-05,3,C,6.18,Broad,10,4.42,0.0
2024-12-05,6,C,15.0,Phrase; Exact,23,15.41,0.0
2024-12-05,19,USA,96.47,Broad,23,123.78,0.0
2024-12-05,24,USA,200.0,Phrase; Exact,37,217.81,0.0
2024-12-06,1,A,13.53,Broad,2,2.27,0.0
2024-12-06,9,A,50.0,Phrase; Exact,17,31.09,0.0
2024-12-06,2,B,12.35,Broad,17,10.65,0.0
2024-12-06,15,B,30.0,Phrase; Exact,35,32.74,0.0
2024-12-06,3,C,6.18,Broad,9,7.71,0.0
2024-12-06,6,C,15.0,Phrase; Exact,18,13.12,0.0
2024-12-06,19,USA,96.47,Broad,21,112.43,0.0
2024-12-06,24,USA,200.0,Phrase; Exact,29,179.41,0.0
2024-12-07,1,A,13.53,Broad,6,10.95,0.0
2024-12-07,9,A,50.0,Phrase; Exact,26,50.36,0.0
2024-12-07,2,B,12.35,Broad,11,7.47,0.0
2024-12-07,15,B,30.0,Phrase; Exact,32,35.25,0.0
2024-12-07,3,C,6.18,Broad,9,4.93,0.0
2024-12-07,6,C,15.0,Phrase; Exact,15,9.69,0.0
2024-12-07,19,USA,96.47,Broad,4,18.87,0.0
2024-12-07,24,USA,200.0,Phrase; Exact,29,186.32,0.0
2024-12-08,1,A,13.53,Broad,6,10.09,0.0
2024-12-08,9,A,50.0,Phrase; Exact,26,47.41,0.0
2024-12-08,2,B,12.35,Broad,16,19.11,0.0
2024-12-08,15,B,30.0,Phrase; Exact,25,22.35,0.0
2024-12-08,3,C,6.18,Broad,9,5.54,0.0
2024-12-08,6,C,15.0,Phrase; Exact,26,20.08,0.0
2024-12-08,19,USA,96.47,Broad,3,9.69,0.0
2024-12-08,24,USA,200.0,Phrase; Exact,34,249.62,0.0
2024-12-09,1,A,13.53,Broad,12,26.91,0.0
2024-12-09,9,A,50.0,Phrase; Exact,28,57.71,0.0
2024-12-09,2,B,12.35,Broad,16,14.81,0.0
2024-12-09,15,B,30.0,Phrase; Exact,35,29.82,4.0
2024-12-09,3,C,6.18,Broad,16,8.52,0.0
2024-12-09,6,C,15.0,Phrase; Exact,19,16.44,0.0
2024-12-09,19,USA,96.47,Broad,27,195.45,0.0
2024-12-09,24,USA,200.0,Phrase; Exact,24,200.65,3.0
2024-12-10,1,A,13.53,Broad,7,16.68,0.0
2024-12-10,9,A,50.0,Phrase; Exact,28,57.91,0.0
2024-12-10,2,B,12.35,Broad,19,15.44,0.0
2024-12-10,15,B,30.0,Phrase; Exact,35,31.78,0.0
2024-12-10,3,C,6.18,Broad,17,7.41,0.0
2024-12-10,6,C,15.0,Phrase; Exact,20,15.19,0.0
2024-12-10,19,USA,96.47,Broad,19,120.57,0.0
2024-12-10,24,USA,200.0,Phrase; Exact,32,204.66,0.0
2024-12-11,1,A,13.53,Broad,7,10.82,0.0
2024-12-11,9,A,50.0,Phrase; Exact,23,41.59,3.0
2024-12-11,2,B,12.35,Broad,20,15.56,0.0
2024-12-11,15,B,30.0,Phrase; Exact,21,22.16,0.0
2024-12-11,3,C,6.18,Broad,17,6.27,0.0
2024-12-11,6,C,15.0,Phrase; Exact,15,8.62,0.0
2024-12-11,19,USA,96.47,Broad,17,112.65,0.0
2024-12-11,24,USA,200.0,Phrase; Exact,35,178.66,0.0
2024-12-12,1,A,13.53,Broad,8,16.1,0.0
2024-12-12,9,A,50.0,Phrase; Exact,25,60.76,0.0
2024-12-12,2,B,12.35,Broad,14,8.41,0.0
2024-12-12,15,B,30.0,Phrase; Exact,34,31.34,0.0
2024-12-12,3,C,6.18,Broad,17,6.16,0.0
2024-12-12,6,C,15.0,Phrase; Exact,20,14.3,0.0
2024-12-12,19,USA,96.47,Broad,23,110.35,0.0
2024-12-12,24,USA,200.0,Phrase; Exact,26,209.05,0.0
2024-12-13,1,A,13.53,Broad,5,10.33,0.0
2024-12-13,9,A,50.0,Phrase; Exact,26,47.69,0.0
2024-12-13,2,B,12.35,Broad,16,9.88,0.0
2024-12-13,15,B,30.0,Phrase; Exact,34,31.58,0.0
2024-12-13,3,C,6.18,Broad,13,4.54,0.0
2024-12-13,6,C,15.0,Phrase; Exact,31,21.04,0.0
2024-12-13,19,USA,96.47,Broad,11,60.85,0.0
2024-12-13,24,USA,200.0,Phrase; Exact,28,148.01,0.0
2024-12-14,1,A,13.53,Broad,2,3.0,0.0
2024-12-14,9,A,50.0,Phrase; Exact,23,47.66,2.0
2024-12-14,2,B,12.35,Broad,15,8.43,0.0
2024-12-14,15,B,30.0,Phrase; Exact,30,23.92,0.0
2024-12-14,3,C,6.18,Broad,17,6.96,0.0
2024-12-14,6,C,15.0,Phrase; Exact,22,17.47,0.0
2024-12-14,19,USA,96.47,Broad,8,29.72,0.0
2024-12-14,24,USA,200.0,Phrase; Exact,30,167.09,0.0
2024-12-15,1,A,13.53,Broad,12,26.06,0.0
2024-12-15,9,A,50.0,Phrase; Exact,23,51.71,0.0
2024-12-15,2,B,12.35,Broad,24,14.91,0.0
2024-12-15,15,B,30.0,Phrase; Exact,45,32.08,0.0
2024-12-15,3,C,6.18,Broad,14,5.82,0.0
2024-12-15,6,C,15.0,Phrase; Exact,19,16.63,0.0
2024-12-15,19,USA,96.47,Broad,25,167.62,1.0
2024-12-15,24,USA,200.0,Phrase; Exact,21,127.3,0.0
2024-12-16,1,A,13.53,Broad,7,17.32,0.0
2024-12-16,9,A,50.0,Phrase; Exact,21,44.59,4.0
2024-12-16,2,B,12.35,Broad,23,12.86,0.0
2024-12-16,15,B,30.0,Phrase; Exact,42,31.02,0.0
2024-12-16,3,C,6.18,Broad,14,6.74,0.0
2024-12-16,6,C,15.0,Phrase; Exact,27,15.44,0.0
2024-12-16,19,USA,96.47,Broad,17,109.68,0.0
2024-12-16,24,USA,200.0,Phrase; Exact,51,364.86,0.0
2024-12-17,1,A,13.53,Broad,9,16.0,0.0
2024-12-17,9,A,50.0,Phrase; Exact,22,47.42,0.0
2024-12-17,2,B,12.35,Broad,19,12.53,0.0
2024-12-17,15,B,30.0,Phrase; Exact,33,23.3,0.0
2024-12-17,3,C,6.18,Broad,14,6.32,0.0
2024-12-17,6,C,15.0,Phrase; Exact,19,15.64,0.0
2024-12-17,19,USA,96.47,Broad,18,105.25,2.0
2024-12-17,24,USA,200.0,Phrase; Exact,33,229.45,3.0
2024-12-18,1,A,13.53,Broad,3,9.38,0.0
2024-12-18,9,A,50.0,Phrase; Exact,21,39.44,0.0
2024-12-18,2,B,12.35,Broad,21,14.22,0.0
2024-12-18,15,B,30.0,Phrase; Exact,41,27.95,0.0
2024-12-18,3,C,6.18,Broad,16,5.16,0.0
2024-12-18,6,C,15.0,Phrase; Exact,20,9.28,0.0
2024-12-18,19,USA,96.47,Broad,15,68.68,0.0
2024-12-18,24,USA,200.0,Phrase; Exact,33,181.21,0.0
2024-12-19,1,A,13.53,Broad,6,7.23,0.0
2024-12-19,9,A,50.0,Phrase; Exact,26,47.75,2.0
2024-12-19,2,B,12.35,Broad,20,12.32,0.0
2024-12-19,15,B,30.0,Phrase; Exact,44,35.85,1.0
2024-12-19,3,C,6.18,Broad,18,6.33,0.0
2024-12-19,6,C,15.0,Phrase; Exact,24,13.64,0.0
2024-12-19,19,USA,96.47,Broad,23,109.46,0.0
2024-12-19,24,USA,200.0,Phrase; Exact,36,225.2,0.0
2024-12-20,1,A,13.53,Broad,9,11.45,0.0
2024-12-20,9,A,50.0,Phrase; Exact,24,58.61,0.0
2024-12-20,2,B,12.35,Broad,12,9.61,0.0
2024-12-20,15,B,30.0,Phrase; Exact,31,32.28,2.0
2024-12-20,3,C,6.18,Broad,17,6.37,0.0
2024-12-20,6,C,15.0,Phrase; Exact,21,16.36,0.0
2024-12-20,19,USA,96.47,Broad,4,22.27,0.0
2024-12-20,24,USA,200.0,Phrase; Exact,38,229.79,0.0
2024-12-21,1,A,13.53,Broad,2,5.02,0.0
2024-12-21,9,A,50.0,Phrase; Exact,8,12.25,0.0
2024-12-21,2,B,12.35,Broad,16,9.9,0.0
2024-12-21,15,B,30.0,Phrase; Exact,30,22.05,1.0
2024-12-21,3,C,6.18,Broad,15,6.23,0.0
2024-12-21,6,C,15.0,Phrase; Exact,18,11.28,0.0
2024-12-21,19,USA,96.47,Broad,27,159.5,0.0
2024-12-21,24,USA,200.0,Phrase; Exact,21,127.36,0.0
2024-12-22,1,A,13.53,Broad,8,16.11,0.0
2024-12-22,9,A,50.0,Phrase; Exact,25,71.37,0.0
2024-12-22,2,B,12.35,Broad,24,13.21,0.0
2024-12-22,15,B,30.0,Phrase; Exact,39,33.18,0.0
2024-12-22,3,C,6.18,Broad,18,6.01,0.0
2024-12-22,6,C,15.0,Phrase; Exact,23,17.84,0.0
2024-12-22,19,USA,96.47,Broad,16,120.72,0.0
2024-12-22,24,USA,200.0,Phrase; Exact,21,115.41,0.0
2024-12-23,1,A,13.53,Broad,12,23.06,0.0
2024-12-23,9,A,50.0,Phrase; Exact,21,60.52,3.0
2024-12-23,2,B,12.35,Broad,18,12.16,1.0
2024-12-23,15,B,30.0,Phrase; Exact,28,22.54,1.0
2024-12-23,3,C,6.18,Broad,17,5.79,0.0
2024-12-23,6,C,15.0,Phrase; Exact,21,16.45,0.0
2024-12-23,19,USA,96.47,Broad,18,103.66,0.0
2024-12-23,24,USA,200.0,Phrase; Exact,32,259.93,0.0
2024-12-24,1,A,13.53,Broad,6,15.0,0.0
2024-12-24,9,A,50.0,Phrase; Exact,23,55.79,0.0
2024-12-24,2,B,12.35,Broad,12,4.73,0.0
2024-12-24,15,B,30.0,Phrase; Exact,38,32.83,0.0
2024-12-24,3,C,6.18,Broad,7,3.49,0.0
2024-12-24,6,C,15.0,Phrase; Exact,22,15.51,0.0
2024-12-24,19,USA,96.47,Broad,12,55.63,0.0
2024-12-24,24,USA,200.0,Phrase; Exact,32,228.39,0.0
2024-12-25,1,A,13.53,Broad,3,6.44,0.0
2024-12-25,9,A,50.0,Phrase; Exact,16,39.0,0.0
2024-12-25,2,B,12.35,Broad,20,13.1,0.0
2024-12-25,15,B,30.0,Phrase; Exact,36,27.46,0.0
2024-12-25,3,C,6.18,Broad,9,3.35,0.0
2024-12-25,6,C,15.0,Phrase; Exact,25,15.15,0.0
2024-12-25,19,USA,96.47,Broad,10,89.56,0.0
2024-12-25,24,USA,200.0,Phrase; Exact,28,204.0,0.0
2024-12-26,1,A,13.53,Broad,7,7.71,0.0
2024-12-26,9,A,50.0,Phrase; Exact,27,54.88,0.0
2024-12-26,2,B,12.35,Broad,21,13.87,1.0
2024-12-26,15,B,30.0,Phrase; Exact,37,31.49,0.0
2024-12-26,3,C,6.18,Broad,21,11.21,0.0
2024-12-26,6,C,15.0,Phrase; Exact,27,14.55,0.0
2024-12-26,19,USA,96.47,Broad,18,110.82,0.0
2024-12-26,24,USA,200.0,Phrase; Exact,33,203.24,0.0
2024-12-27,1,A,13.53,Broad,11,25.44,0.0
2024-12-27,9,A,50.0,Phrase; Exact,26,56.25,0.0
2024-12-27,2,B,12.35,Broad,19,15.6,1.0
2024-12-27,15,B,30.0,Phrase; Exact,35,31.08,0.0
2024-12-27,3,C,6.18,Broad,15,6.86,0.0
2024-12-27,6,C,15.0,Phrase; Exact,19,13.84,1.0
2024-12-27,19,USA,96.47,Broad,15,84.96,0.0
2024-12-27,24,USA,200.0,Phrase; Exact,23,193.19,0.0
2024-12-28,1,A,13.53,Broad,8,13.16,0.0
2024-12-28,9,A,50.0,Phrase; Exact,19,46.14,0.0
2024-12-28,2,B,12.35,Broad,14,5.88,0.0
2024-12-28,15,B,30.0,Phrase; Exact,36,28.99,2.0
2024-12-28,3,C,6.18,Broad,12,5.79,0.0
2024-12-28,6,C,15.0,Phrase; Exact,12,8.75,0.0
2024-12-28,19,USA,96.47,Broad,13,100.19,0.0
2024-12-28,24,USA,200.0,Phrase; Exact,30,196.31,0.0
2024-12-29,1,A,13.53,Broad,9,13.83,0.0
2024-12-29,9,A,50.0,Phrase; Exact,22,44.78,0.0
2024-12-29,2,B,12.35,Broad,20,13.77,0.0
2024-12-29,15,B,30.0,Phrase; Exact,33,28.02,0.0
2024-12-29,3,C,6.18,Broad,11,5.34,0.0
2024-12-29,6,C,15.0,Phrase; Exact,14,8.22,0.0
2024-12-29,19,USA,96.47,Broad,16,88.84,0.0
2024-12-29,24,USA,200.0,Phrase; Exact,31,171.99,0.0
2024-12-30,1,A,13.53,Broad,6,8.47,0.0
2024-12-30,9,A,50.0,Phrase; Exact,26,42.43,0.0
2024-12-30,2,B,12.35,Broad,27,13.99,0.0
2024-12-30,15,B,30.0,Phrase; Exact,30,24.59,2.0
2024-12-30,3,C,6.18,Broad,13,3.66,0.0
2024-12-30,6,C,15.0,Phrase; Exact,22,11.25,0.0
2024-12-30,19,USA,96.47,Broad,13,75.62,0.0
2024-12-30,24,USA,200.0,Phrase; Exact,29,148.14,0.0
2024-12-31,1,A,13.53,Broad,6,6.08,0.0
2024-12-31,9,A,50.0,Phrase; Exact,20,21.98,0.0
2024-12-31,2,B,12.35,Broad,16,9.05,0.0
2024-12-31,15,B,30.0,Phrase; Exact,28,21.24,0.0
2024-12-31,3,C,6.18,Broad,4,1.48,0.0
2024-12-31,6,C,15.0,Phrase; Exact,29,20.14,0.0
2024-12-31,19,USA,96.47,Broad,14,51.5,0.0
2024-12-31,24,USA,200.0,Phrase; Exact,18,126.51,0.0
2025-01-01,1,A,13.53,Broad,4,9.71,0.0
2025-01-01,9,A,50.0,Phrase; Exact,15,23.72,0.0
2025-01-01,2,B,12.35,Broad,17,7.98,0.0
2025-01-01,15,B,30.0,Phrase; Exact,24,15.07,0.0
2025-01-01,3,C,6.18,Broad,16,7.33,0.0
2025-01-01,6,C,15.0,Phrase; Exact,27,18.02,0.0
2025-01-01,19,USA,96.47,Broad,20,107.51,0.0
2025-01-01,24,USA,200.0,Phrase; Exact,26,201.47,0.0
2025-01-02,1,A,13.53,Broad,11,18.63,0.0
2025-01-02,9,A,50.0,Phrase; Exact,31,79.33,4.0
2025-01-02,2,B,12.35,Broad,29,17.42,0.0
2025-01-02,15,B,30.0,Phrase; Exact,51,43.25,0.0
2025-01-02,3,C,6.18,Broad,16,7.55,0.0
2025-01-02,6,C,15.0,Phrase; Exact,26,18.28,0.0
2025-01-02,19,USA,96.47,Broad,20,94.79,0.0
2025-01-02,24,USA,200.0,Phrase; Exact,38,207.2,0.0
2025-01-03,1,A,13.53,Broad,11,16.32,0.0
2025-01-03,9,A,50.0,Phrase; Exact,30,58.06,0.0
2025-01-03,2,B,12.35,Broad,22,11.55,0.0
2025-01-03,15,B,30.0,Phrase; Exact,44,31.84,0.0
2025-01-03,3,C,6.18,Broad,14,6.23,0.0
2025-01-03,6,C,15.0,Phrase; Exact,29,13.65,0.0
2025-01-03,19,USA,96.47,Broad,16,96.86,0.0
2025-01-03,24,USA,200.0,Phrase; Exact,35,207.95,0.0
2025-01-04,1,A,13.53,Broad,4,15.18,0.0
2025-01-04,9,A,50.0,Phrase; Exact,33,56.26,0.0
2025-01-04,2,B,12.35,Broad,21,11.14,0.0
2025-01-04,15,B,30.0,Phrase; Exact,40,29.15,2.0
2025-01-04,3,C,6.18,Broad,10,3.8,0.0
2025-01-04,6,C,15.0,Phrase; Exact,27,16.57,0.0
2025-01-04,19,USA,96.47,Broad,10,38.39,0.0
2025-01-04,24,USA,200.0,Phrase; Exact,35,199.58,1.0
2025-01-05,1,A,13.53,Broad,3,4.68,0.0
2025-01-05,9,A,50.0,Phrase; Exact,24,37.42,0.0
2025-01-05,2,B,12.35,Broad,23,14.2,0.0
2025-01-05,15,B,30.0,Phrase; Exact,42,30.61,4.0
2025-01-05,3,C,6.18,Broad,14,4.47,1.0
2025-01-05,6,C,15.0,Phrase; Exact,11,8.8,0.0
2025-01-05,19,USA,96.47,Broad,19,147.06,0.0
2025-01-05,24,USA,200.0,Phrase; Exact,27,141.45,0.0
2025-01-06,1,A,13.53,Broad,7,9.18,0.0
2025-01-06,9,A,50.0,Phrase; Exact,34,57.44,0.0
2025-01-06,2,B,12.35,Broad,26,12.26,0.0
2025-01-06,15,B,30.0,Phrase; Exact,43,33.36,0.0
2025-01-06,3,C,6.18,Broad,16,9.19,0.0
2025-01-06,6,C,15.0,Phrase; Exact,29,18.56,0.0
2025-01-06,19,USA,96.47,Broad,17,107.82,0.0
2025-01-06,24,USA,200.0,Phrase; Exact,39,283.67,1.0
2025-01-07,1,A,13.53,Broad,11,21.83,0.0
2025-01-07,9,A,50.0,Phrase; Exact,31,55.89,0.0
2025-01-07,2,B,12.35,Broad,22,12.42,0.0
2025-01-07,15,B,30.0,Phrase; Exact,39,30.84,0.0
2025-01-07,3,C,6.18,Broad,14,6.17,0.0
2025-01-07,6,C,15.0,Phrase; Exact,28,18.38,0.0
2025-01-07,19,USA,96.47,Broad,8,47.79,1.0
2025-01-07,24,USA,200.0,Phrase; Exact,33,172.52,1.0
2025-01-08,1,A,13.53,Broad,7,13.57,0.0
2025-01-08,9,A,50.0,Phrase; Exact,32,51.44,2.0
2025-01-08,2,B,12.35,Broad,21,13.74,0.0
2025-01-08,15,B,30.0,Phrase; Exact,42,31.61,1.0
2025-01-08,3,C,6.18,Broad,10,4.35,0.0
2025-01-08,6,C,15.0,Phrase; Exact,23,12.53,0.0
2025-01-08,19,USA,96.47,Broad,9,47.85,0.0
2025-01-08,24,USA,200.0,Phrase; Exact,39,201.34,1.0
2025-01-09,1,A,13.53,Broad,6,8.12,0.0
2025-01-09,9,A,50.0,Phrase; Exact,33,49.9,0.0
2025-01-09,2,B,12.35,Broad,19,12.17,0.0
2025-01-09,15,B,30.0,Phrase; Exact,43,27.5,0.0
2025-01-09,3,C,6.18,Broad,15,7.48,0.0
2025-01-09,6,C,15.0,Phrase; Exact,20,13.34,0.0
2025-01-09,19,USA,96.47,Broad,27,191.77,0.0
2025-01-09,24,USA,200.0,Phrase; Exact,35,180.2,0.0
2025-01-10,1,A,13.53,Broad,9,10.23,0.0
2025-01-10,9,A,50.0,Phrase; Exact,43,58.95,2.0
2025-01-10,2,B,12.35,Broad,27,12.07,0.0
2025-01-10,15,B,30.0,Phrase; Exact,44,31.03,0.0
2025-01-10,3,C,6.18,Broad,18,7.97,0.0
2025-01-10,6,C,15.0,Phrase; Exact,27,17.48,1.0
2025-01-10,19,USA,96.47,Broad,19,125.02,5.0
2025-01-10,24,USA,200.0,Phrase; Exact,37,278.46,0.0
2025-01-11,1,A,13.53,Broad,13,20.55,0.0
2025-01-11,9,A,50.0,Phrase; Exact,24,26.53,0.0
2025-01-11,2,B,12.35,Broad,22,13.64,0.0
2025-01-11,15,B,30.0,Phrase; Exact,37,25.08,1.0
2025-01-11,3,C,6.18,Broad,19,7.48,0.0
2025-01-11,6,C,15.0,Phrase; Exact,23,14.12,0.0
2025-01-11,19,USA,96.47,Broad,20,92.68,0.0
2025-01-11,24,USA,200.0,Phrase; Exact,25,153.29,0.0
2025-01-12,1,A,13.53,Broad,13,19.54,0.0
2025-01-12,9,A,50.0,Phrase; Exact,24,35.5,1.0
2025-01-12,2,B,12.35,Broad,24,13.58,0.0
2025-01-12,15,B,30.0,Phrase; Exact,37,33.21,0.0
2025-01-12,3,C,6.18,Broad,15,5.35,0.0
2025-01-12,6,C,15.0,Phrase; Exact,25,13.73,4.0
2025-01-12,19,USA,96.47,Broad,16,77.41,0.0
2025-01-12,24,USA,200.0,Phrase; Exact,22,134.46,1.0
2025-01-13,1,A,13.53,Broad,13,17.09,0.0
2025-01-13,9,A,50.0,Phrase; Exact,36,59.88,1.0
2025-01-13,2,B,12.35,Broad,26,12.34,0.0
2025-01-13,15,B,30.0,Phrase; Exact,42,35.71,1.0
2025-01-13,3,C,6.18,Broad,10,2.67,0.0
2025-01-13,6,C,15.0,Phrase; Exact,25,15.52,0.0
2025-01-13,19,USA,96.47,Broad,22,124.04,0.0
2025-01-13,24,USA,200.0,Phrase; Exact,46,288.63,0.0
2025-01-14,1,A,13.53,Broad,11,13.86,0.0
2025-01-14,9,A,50.0,Phrase; Exact,40,65.19,0.0
2025-01-14,2,B,12.35,Broad,22,10.87,0.0
2025-01-14,15,B,30.0,Phrase; Exact,48,29.21,0.0
2025-01-14,3,C,6.18,Broad,15,6.9,0.0
2025-01-14,6,C,15.0,Phrase; Exact,25,15.28,1.0
2025-01-14,19,USA,96.47,Broad,14,95.44,0.0
2025-01-14,24,USA,200.0,Phrase; Exact,38,230.1,0.0
2025-01-15,1,A,13.53,Broad,10,14.5,0.0
2025-01-15,9,A,50.0,Phrase; Exact,37,60.39,0.0
2025-01-15,2,B,12.35,Broad,24,13.38,1.0
2025-01-15,15,B,30.0,Phrase; Exact,46,35.34,1.0
2025-01-15,3,C,6.18,Broad,17,7.21,0.0
2025-01-15,6,C,15.0,Phrase; Exact,21,15.2,0.0
2025-01-15,19,USA,96.47,Broad,21,93.01,0.0
2025-01-15,24,USA,200.0,Phrase; Exact,37,222.57,0.0
2025-01-16,1,A,13.53,Broad,6,8.28,0.0
2025-01-16,9,A,50.0,Phrase; Exact,45,56.13,1.0
2025-01-16,2,B,12.35,Broad,28,13.93,1.0
2025-01-16,15,B,30.0,Phrase; Exact,27,18.01,0.0
2025-01-16,3,C,6.18,Broad,16,6.52,0.0
2025-01-16,6,C,15.0,Phrase; Exact,15,8.48,0.0
2025-01-16,19,USA,96.47,Broad,18,122.56,0.0
2025-01-16,24,USA,200.0,Phrase; Exact,41,209.28,0.0
2025-01-17,1,A,13.53,Broad,7,8.01,0.0
2025-01-17,9,A,50.0,Phrase; Exact,35,52.16,0.0
2025-01-17,2,B,12.35,Broad,23,11.93,0.0
2025-01-17,15,B,30.0,Phrase; Exact,33,24.29,0.0
2025-01-17,3,C,6.18,Broad,22,6.86,0.0
2025-01-17,6,C,15.0,Phrase; Exact,20,11.71,0.0
2025-01-17,19,USA,96.47,Broad,12,52.0,0.0
2025-01-17,24,USA,200.0,Phrase; Exact,37,219.11,0.0
2025-01-18,1,A,13.53,Broad,3,3.42,0.0
2025-01-18,9,A,50.0,Phrase; Exact,15,25.78,1.0
2025-01-18,2,B,12.35,Broad,19,9.55,0.0
2025-01-18,15,B,30.0,Phrase; Exact,30,20.69,0.0
2025-01-18,3,C,6.18,Broad,11,5.24,0.0
2025-01-18,6,C,15.0,Phrase; Exact,24,18.48,0.0
2025-01-18,19,USA,96.47,Broad,16,70.96,0.0
2025-01-18,24,USA,200.0,Phrase; Exact,31,199.19,0.0
2025-01-19,1,A,13.53,Broad,18,25.54,0.0
2025-01-19,9,A,50.0,Phrase; Exact,25,31.43,0.0
2025-01-19,2,B,12.35,Broad,18,9.84,0.0
2025-01-19,15,B,30.0,Phrase; Exact,49,38.06,0.0
2025-01-19,3,C,6.18,Broad,9,3.93,0.0
2025-01-19,6,C,15.0,Phrase; Exact,27,15.66,0.0
2025-01-19,19,USA,96.47,Broad,16,85.23,0.0
2025-01-19,24,USA,200.0,Phrase; Exact,32,164.34,0.0
2025-01-20,1,A,13.53,Broad,12,17.65,0.0
2025-01-20,9,A,50.0,Phrase; Exact,52,70.72,2.0
2025-01-20,2,B,12.35,Broad,17,9.43,0.0
2025-01-20,15,B,30.0,Phrase; Exact,56,44.67,5.0
2025-01-20,3,C,6.18,Broad,9,3.04,0.0
2025-01-20,6,C,15.0,Phrase; Exact,34,18.17,0.0
2025-01-20,19,USA,96.47,Broad,11,62.49,0.0
2025-01-20,24,USA,200.0,Phrase; Exact,30,183.57,0.0
2025-01-21,1,A,13.53,Broad,16,15.59,0.0
2025-01-21,9,A,50.0,Phrase; Exact,46,55.11,2.0
2025-01-21,2,B,12.35,Broad,30,18.57,0.0
2025-01-21,15,B,30.0,Phrase; Exact,50,38.03,0.0
2025-01-21,3,C,6.18,Broad,22,10.58,0.0
2025-01-21,6,C,15.0,Phrase; Exact,22,10.93,0.0
2025-01-21,19,USA,96.47,Broad,21,115.32,0.0
2025-01-21,24,USA,200.0,Phrase; Exact,27,191.64,0.0
2025-01-22,1,A,13.53,Broad,11,14.44,0.0
2025-01-22,9,A,50.0,Phrase; Exact,34,39.35,0.0
2025-01-22,2,B,12.35,Broad,22,14.96,0.0
2025-01-22,15,B,30.0,Phrase; Exact,37,30.21,0.0
2025-01-22,3,C,6.18,Broad,3,7.22,0.0
2025-01-22,6,C,15.0,Phrase; Exact,26,19.98,0.0
2025-01-22,19,USA,96.47,Broad,27,153.22,0.0
2025-01-22,24,USA,200.0,Phrase; Exact,25,193.07,0.0
2025-01-23,1,A,13.53,Broad,12,12.58,0.0
2025-01-23,9,A,50.0,Phrase; Exact,37,54.77,3.0
2025-01-23,2,B,12.35,Broad,28,12.79,1.0
2025-01-23,15,B,30.0,Phrase; Exact,43,28.0,0.0
2025-01-23,3,C,6.18,Broad,18,5.7,0.0
2025-01-23,6,C,15.0,Phrase; Exact,25,19.03,0.0
2025-01-23,19,USA,96.47,Broad,23,120.49,0.0
2025-01-23,24,USA,200.0,Phrase; Exact,35,195.29,2.0
2025-01-24,1,A,13.53,Broad,9,10.53,0.0
2025-01-24,9,A,50.0,Phrase; Exact,39,47.83,0.0
2025-01-24,2,B,12.35,Broad,22,12.26,0.0
2025-01-24,15,B,30.0,Phrase; Exact,37,27.42,0.0
2025-01-24,3,C,6.18,Broad,16,8.27,0.0
2025-01-24,6,C,15.0,Phrase; Exact,31,17.37,0.0
2025-01-24,19,USA,96.47,Broad,12,84.57,0.0
2025-01-24,24,USA,200.0,Phrase; Exact,29,157.78,0.0
2025-01-25,1,A,13.53,Broad,3,2.61,0.0
2025-01-25,9,A,50.0,Phrase; Exact,27,31.0,0.0
2025-01-25,2,B,12.35,Broad,14,4.85,0.0
2025-01-25,15,B,30.0,Phrase; Exact,38,21.38,0.0
2025-01-25,3,C,6.18,Broad,20,6.07,0.0
2025-01-25,6,C,15.0,Phrase; Exact,28,11.92,0.0
2025-01-25,19,USA,96.47,Broad,13,71.14,0.0
2025-01-25,24,USA,200.0,Phrase; Exact,16,75.5,0.0
2025-01-26,1,A,13.53,Broad,14,22.13,0.0
2025-01-26,9,A,50.0,Phrase; Exact,10,11.49,0.0
2025-01-26,2,B,12.35,Broad,18,6.72,0.0
2025-01-26,15,B,30.0,Phrase; Exact,33,17.58,0.0
2025-01-26,3,C,6.18,Broad,9,2.46,0.0
2025-01-26,6,C,15.0,Phrase; Exact,27,13.86,0.0
2025-01-26,19,USA,96.47,Broad,13,58.23,0.0
2025-01-26,24,USA,200.0,Phrase; Exact,33,183.24,0.0
2025-01-27,1,A,13.53,Broad,11,12.05,0.0
2025-01-27,9,A,50.0,Phrase; Exact,39,60.7,5.0
2025-01-27,2,B,12.35,Broad,21,8.63,0.0
2025-01-27,15,B,30.0,Phrase; Exact,49,27.01,0.0
2025-01-27,3,C,6.18,Broad,20,6.39,0.0
2025-01-27,6,C,15.0,Phrase; Exact,18,11.79,0.0
2025-01-27,19,USA,96.47,Broad,17,111.03,0.0
2025-01-27,24,USA,200.0,Phrase; Exact,37,291.61,0.0
2025-01-28,1,A,13.53,Broad,9,13.85,0.0
2025-01-28,9,A,50.0,Phrase; Exact,56,77.78,1.0
2025-01-28,2,B,12.35,Broad,13,6.42,0.0
2025-01-28,15,B,30.0,Phrase; Exact,44,32.25,1.0
2025-01-28,3,C,6.18,Broad,15,5.12,0.0
2025-01-28,6,C,15.0,Phrase; Exact,13,8.36,0.0
2025-01-28,19,USA,96.47,Broad,17,88.59,0.0
2025-01-28,24,USA,200.0,Phrase; Exact,37,210.73,1.0
2025-01-29,1,A,13.53,Broad,12,12.12,0.0
2025-01-29,9,A,50.0,Phrase; Exact,37,53.84,1.0
2025-01-29,2,B,12.35,Broad,14,7.99,0.0
2025-01-29,15,B,30.0,Phrase; Exact,29,20.65,0.0
2025-01-29,3,C,6.18,Broad,15,5.55,0.0
2025-01-29,6,C,15.0,Phrase; Exact,18,7.0,0.0
2025-01-29,19,USA,96.47,Broad,23,91.17,0.0
2025-01-29,24,USA,200.0,Phrase; Exact,35,183.29,0.0
2025-01-30,1,A,13.53,Broad,7,10.49,0.0
2025-01-30,9,A,50.0,Phrase; Exact,32,43.91,1.0
2025-01-30,2,B,12.35,Broad,34,21.5,0.0
2025-01-30,15,B,30.0,Phrase; Exact,43,34.48,4.0
2025-01-30,3,C,6.18,Broad,16,4.67,0.0
2025-01-30,6,C,15.0,Phrase; Exact,29,16.6,0.0
2025-01-30,19,USA,96.47,Broad,12,95.97,1.0
2025-01-30,24,USA,200.0,Phrase; Exact,23,167.43,5.0
2025-01-31,1,A,13.53,Broad,4,6.62,1.0
2025-01-31,9,A,50.0,Phrase; Exact,24,28.07,4.0
2025-01-31,2,B,12.35,Broad,27,17.53,0.0
2025-01-31,15,B,30.0,Phrase; Exact,27,22.61,1.0
2025-01-31,3,C,6.18,Broad,9,3.01,0.0
2025-01-31,6,C,15.0,Phrase; Exact,27,17.4,0.0
2025-01-31,19,USA,96.47,Broad,16,62.45,0.0
2025-01-31,24,USA,200.0,Phrase; Exact,23,124.41,0.0
2025-02-01,1,A,13.53,Broad,12,13.62,0.0
2025-02-01,9,A,50.0,Phrase; Exact,16,19.0,0.0
2025-02-01,2,B,12.35,Broad,22,12.58,0.0
2025-02-01,15,B,30.0,Phrase; Exact,34,23.35,1.0
2025-02-01,3,C,6.18,Broad,25,9.07,0.0
2025-02-01,6,C,15.0,Phrase; Exact,25,15.64,0.0
2025-02-01,19,USA,96.47,Broad,12,53.89,0.0
2025-02-01,24,USA,200.0,Phrase; Exact,39,175.62,0.0
2025-02-02,1,A,13.53,Broad,16,18.32,0.0
2025-02-02,9,A,50.0,Phrase; Exact,43,69.12,2.0
2025-02-02,2,B,12.35,Broad,28,12.33,0.0
2025-02-02,15,B,30.0,Phrase; Exact,37,33.83,0.0
2025-02-02,3,C,6.18,Broad,16,6.53,0.0
2025-02-02,6,C,15.0,Phrase; Exact,21,14.81,0.0
2025-02-02,19,USA,96.47,Broad,24,140.01,0.0
2025-02-02,24,USA,200.0,Phrase; Exact,29,136.49,0.0
2025-02-03,1,A,13.53,Broad,8,12.63,0.0
2025-02-03,9,A,50.0,Phrase; Exact,46,71.33,0.0
2025-02-03,2,B,12.35,Broad,32,14.01,0.0
2025-02-03,15,B,30.0,Phrase; Exact,49,36.69,2.0
2025-02-03,3,C,6.18,Broad,17,4.82,0.0
2025-02-03,6,C,15.0,Phrase; Exact,27,14.24,0.0
2025-02-03,19,USA,96.47,Broad,17,117.77,0.0
2025-02-03,24,USA,200.0,Phrase; Exact,44,323.41,0.0
2025-02-04,1,A,13.53,Broad,13,12.24,0.0
2025-02-04,9,A,50.0,Phrase; Exact,38,57.48,0.0
2025-02-04,2,B,12.35,Broad,20,8.44,0.0
2025-02-04,15,B,30.0,Phrase; Exact,37,30.5,1.0
2025-02-04,3,C,6.18,Broad,17,4.7,0.0
2025-02-04,6,C,15.0,Phrase; Exact,23,17.26,0.0
2025-02-04,19,USA,96.47,Broad,19,110.09,0.0
2025-02-04,24,USA,200.0,Phrase; Exact,26,216.48,0.0
2025-02-05,1,A,13.53,Broad,6,7.54,0.0
2025-02-05,9,A,50.0,Phrase; Exact,40,59.22,1.0
2025-02-05,2,B,12.35,Broad,17,9.98,0.0
2025-02-05,15,B,30.0,Phrase; Exact,46,29.04,0.0
2025-02-05,3,C,6.18,Broad,7,2.09,0.0
2025-02-05,6,C,15.0,Phrase; Exact,29,13.06,0.0
2025-02-05,19,USA,96.47,Broad,16,110.16,0.0
2025-02-05,24,USA,200.0,Phrase; Exact,30,220.35,0.0
2025-02-06,1,A,13.53,Broad,9,12.47,0.0
2025-02-06,9,A,50.0,Phrase; Exact,41,55.03,0.0
2025-02-06,2,B,12.35,Broad,28,15.97,1.0
2025-02-06,15,B,30.0,Phrase; Exact,39,24.3,0.0
2025-02-06,3,C,6.18,Broad,23,8.72,0.0
2025-02-06,6,C,15.0,Phrase; Exact,28,18.04,0.0
2025-02-06,19,USA,96.47,Broad,18,112.35,0.0
2025-02-06,24,USA,200.0,Phrase; Exact,32,210.46,0.0
2025-02-07,1,A,13.53,Broad,13,13.81,0.0
2025-02-07,9,A,50.0,Phrase; Exact,18,22.65,1.0
2025-02-07,2,B,12.35,Broad,26,14.02,1.0
2025-02-07,15,B,30.0,Phrase; Exact,43,29.9,0.0
2025-02-07,3,C,6.18,Broad,17,6.56,0.0
2025-02-07,6,C,15.0,Phrase; Exact,18,12.21,4.0
2025-02-07,19,USA,96.47,Broad,9,50.16,0.0
2025-02-07,24,USA,200.0,Phrase; Exact,20,172.45,1.0
2025-02-08,1,A,13.53,Broad,9,10.56,0.0
2025-02-08,9,A,50.0,Phrase; Exact,27,35.39,0.0
2025-02-08,2,B,12.35,Broad,26,12.37,0.0
2025-02-08,15,B,30.0,Phrase; Exact,36,19.31,0.0
2025-02-08,3,C,6.18,Broad,23,7.04,0.0
2025-02-08,6,C,15.0,Phrase; Exact,18,9.39,1.0
2025-02-08,19,USA,96.47,Broad,11,34.6,0.0
2025-02-08,24,USA,200.0,Phrase; Exact,21,105.71,0.0
2025-02-09,1,A,13.53,Broad,7,8.14,0.0
2025-02-09,9,A,50.0,Phrase; Exact,35,49.0,0.0
2025-02-09,2,B,12.35,Broad,28,12.94,1.0
2025-02-09,15,B,30.0,Phrase; Exact,55,44.14,0.0
2025-02-09,3,C,6.18,Broad,19,6.23,0.0
2025-02-09,6,C,15.0,Phrase; Exact,40,21.68,0.0
2025-02-09,19,USA,96.47,Broad,7,20.9,0.0
2025-02-09,24,USA,200.0,Phrase; Exact,31,177.89,5.0
2025-02-10,1,A,13.53,Broad,22,22.92,0.0
2025-02-10,9,A,50.0,Phrase; Exact,38,56.96,3.0
2025-02-10,2,B,12.35,Broad,24,11.64,1.0
2025-02-10,15,B,30.0,Phrase; Exact,39,29.08,0.0
2025-02-10,3,C,6.18,Broad,19,6.04,0.0
2025-02-10,6,C,15.0,Phrase; Exact,19,13.62,0.0
2025-02-10,19,USA,96.47,Broad,33,184.33,0.0
2025-02-10,24,USA,200.0,Phrase; Exact,28,167.65,0.0
2025-03-07,16,B,65.91,Phrase; Exact,1,1.58,0.0
2025-03-08,10,A,164.77,Phrase; Exact,16,30.13,0.0
2025-03-08,16,B,65.91,Phrase; Exact,37,32.48,1.0
2025-03-08,20,USA,153.42,Broad,22,164.43,0.0
2025-03-08,25,USA,275.0,Phrase; Exact,28,167.29,0.0
2025-03-09,10,A,164.77,Phrase; Exact,37,97.4,0.0
2025-03-09,16,B,65.91,Phrase; Exact,92,132.37,0.0
2025-03-09,20,USA,153.42,Broad,24,247.56,0.0
2025-03-09,25,USA,275.0,Phrase; Exact,65,599.99,0.0
2025-03-10,10,A,164.77,Phrase; Exact,93,329.38,4.0
2025-03-10,16,B,65.91,Phrase; Exact,74,106.89,1.0
2025-03-10,20,USA,153.42,Broad,13,133.89,0.0
2025-03-10,25,USA,275.0,Phrase; Exact,56,470.19,0.0
2025-03-11,10,A,164.77,Phrase; Exact,98,324.2,0.0
2025-03-11,16,B,65.91,Phrase; Exact,61,66.65,0.0
2025-03-11,20,USA,153.42,Broad,13,122.39,2.0
2025-03-11,25,USA,275.0,Phrase; Exact,41,293.42,0.0
2025-03-12,10,A,164.77,Phrase; Exact,82,229.21,0.0
2025-03-12,16,B,65.91,Phrase; Exact,66,67.61,0.0
2025-03-12,20,USA,153.42,Broad,17,146.56,0.0
2025-03-12,25,USA,275.0,Phrase; Exact,41,310.02,0.0
2025-03-13,10,A,164.77,Phrase; Exact,76,184.17,4.0
2025-03-13,16,B,65.91,Phrase; Exact,59,64.37,0.0
2025-03-13,20,USA,153.42,Broad,19,117.41,0.0
2025-03-13,25,USA,275.0,Phrase; Exact,39,295.7,0.0
2025-03-14,10,A,164.77,Phrase; Exact,66,158.63,0.0
2025-03-14,16,B,65.91,Phrase; Exact,72,72.47,0.0
2025-03-14,20,USA,153.42,Broad,18,107.95,3.0
2025-03-14,25,USA,275.0,Phrase; Exact,38,291.35,0.0
2025-03-15,10,A,164.77,Phrase; Exact,41,100.96,0.0
2025-03-15,16,B,65.91,Phrase; Exact,48,49.08,0.0
2025-03-15,20,USA,153.42,Broad,13,56.0,0.0
2025-03-15,25,USA,275.0,Phrase; Exact,43,320.56,0.0
2025-03-16,10,A,164.77,Phrase; Exact,56,156.44,1.0
2025-03-16,16,B,65.91,Phrase; Exact,67,75.46,0.0
2025-03-16,20,USA,153.42,Broad,33,248.56,1.0
2025-03-16,25,USA,275.0,Phrase; Exact,50,379.83,0.0
2025-03-17,10,A,164.77,Phrase; Exact,77,237.34,1.0
2025-03-17,16,B,65.91,Phrase; Exact,79,83.13,3.9
2025-03-17,20,USA,153.42,Broad,18,120.72,0.0
2025-03-17,25,USA,275.0,Phrase; Exact,41,273.21,0.0
2025-03-18,10,A,164.77,Phrase; Exact,65,186.7,3.0
2025-03-18,16,B,65.91,Phrase; Exact,62,60.24,0.0
2025-03-18,20,USA,153.42,Broad,16,118.57,0.0
2025-03-18,25,USA,275.0,Phrase; Exact,37,277.78,0.0
2025-03-19,10,A,164.77,Phrase; Exact,77,200.97,2.0
2025-03-19,16,B,65.91,Phrase; Exact,68,69.1,0.0
2025-03-19,20,USA,153.42,Broad,21,143.66,1.0
2025-03-19,25,USA,275.0,Phrase; Exact,45,418.46,2.0
2025-03-20,10,A,164.77,Phrase; Exact,57,148.3,5.0
2025-03-20,16,B,65.91,Phrase; Exact,73,73.78,3.0
2025-03-20,20,USA,153.42,Broad,20,154.43,2.0
2025-03-20,25,USA,275.0,Phrase; Exact,36,224.61,0.0
2025-03-21,10,A,164.77,Phrase; Exact,45,89.99,0.0
2025-03-21,16,B,65.91,Phrase; Exact,45,44.87,0.0
2025-03-21,20,USA,153.42,Broad,9,51.31,0.0
2025-03-21,25,USA,275.0,Phrase; Exact,41,295.75,0.0
2025-03-22,10,A,164.77,Phrase; Exact,45,109.23,1.0
2025-03-22,16,B,65.91,Phrase; Exact,59,63.53,0.0
2025-03-22,20,USA,153.42,Broad,11,58.12,0.0
2025-03-22,25,USA,275.0,Phrase; Exact,30,190.84,0.0
2025-03-23,10,A,164.77,Phrase; Exact,70,256.17,0.0
2025-03-23,16,B,65.91,Phrase; Exact,62,67.09,0.0
2025-03-23,20,USA,153.42,Broad,33,232.9,0.0
2025-03-23,25,USA,275.0,Phrase; Exact,27,170.81,0.0
2025-03-24,10,A,164.77,Phrase; Exact,70,217.33,2.0
2025-03-24,16,B,65.91,Phrase; Exact,79,87.49,0.0
2025-03-24,20,USA,153.42,Broad,20,169.31,0.0
2025-03-24,25,USA,275.0,Phrase; Exact,60,597.74,0.0
2025-03-25,10,A,164.77,Phrase; Exact,60,180.07,1.0
2025-03-25,16,B,65.91,Phrase; Exact,71,76.22,0.0
2025-03-25,20,USA,153.42,Broad,24,142.01,0.0
2025-03-25,25,USA,275.0,Phrase; Exact,27,292.75,0.0
2025-03-26,10,A,164.77,Phrase; Exact,61,189.65,2.0
2025-03-26,16,B,65.91,Phrase; Exact,54,58.32,0.0
2025-03-26,20,USA,153.42,Broad,19,139.08,1.0
2025-03-26,25,USA,275.0,Phrase; Exact,32,304.16,0.0
2025-03-27,10,A,164.77,Phrase; Exact,55,153.85,2.0
2025-03-27,16,B,65.91,Phrase; Exact,51,47.45,0.0
2025-03-27,20,USA,153.42,Broad,20,118.48,0.0
2025-03-27,25,USA,275.0,Phrase; Exact,33,306.67,0.0
2025-03-28,10,A,164.77,Phrase; Exact,35,109.84,1.5
2025-03-28,16,B,65.91,Phrase; Exact,50,54.21,0.0
2025-03-28,20,USA,153.42,Broad,11,73.38,0.0
2025-03-28,25,USA,275.0,Phrase; Exact,31,185.32,0.0
2025-03-29,10,A,164.77,Phrase; Exact,29,73.07,1.5
2025-03-29,16,B,65.91,Phrase; Exact,69,71.41,0.0
2025-03-29,20,USA,153.42,Broad,10,49.36,0.0
2025-03-29,25,USA,275.0,Phrase; Exact,38,269.48,0.0
2025-03-30,10,A,164.77,Phrase; Exact,39,88.26,1.0
2025-03-30,16,B,65.91,Phrase; Exact,53,47.09,1.0
2025-03-30,20,USA,153.42,Broad,20,120.32,0.0
2025-03-30,25,USA,275.0,Phrase; Exact,34,226.69,0.0
2025-03-31,10,A,164.77,Phrase; Exact,69,212.75,7.0
2025-03-31,16,B,65.91,Phrase; Exact,65,67.11,1.0
2025-03-31,20,USA,153.42,Broad,24,171.8,0.0
2025-03-31,25,USA,275.0,Phrase; Exact,45,298.99,3.0
2025-04-01,10,A,164.77,Phrase; Exact,59,193.59,1.0
2025-04-01,16,B,65.91,Phrase; Exact,54,65.75,1.0
2025-04-01,20,USA,153.42,Broad,20,145.76,0.0
2025-04-01,25,USA,275.0,Phrase; Exact,43,326.9,0.0
2025-04-02,10,A,164.77,Phrase; Exact,62,175.73,0.0
2025-04-02,16,B,65.91,Phrase; Exact,66,66.33,1.0
2025-04-02,20,USA,153.42,Broad,20,142.1,0.0
2025-04-02,25,USA,275.0,Phrase; Exact,42,339.69,0.0
2025-04-03,10,A,164.77,Phrase; Exact,69,191.0,2.0
2025-04-03,16,B,65.91,Phrase; Exact,58,66.76,0.0
2025-04-03,20,USA,153.42,Broad,20,121.08,0.0
2025-04-03,25,USA,275.0,Phrase; Exact,37,295.07,1.0
2025-04-04,10,A,164.77,Phrase; Exact,42,109.23,0.0
2025-04-04,16,B,65.91,Phrase; Exact,50,46.78,0.0
2025-04-04,20,USA,153.42,Broad,10,84.93,0.0
2025-04-04,25,USA,275.0,Phrase; Exact,24,193.38,3.0
2025-04-05,10,A,164.77,Phrase; Exact,20,41.98,0.0
2025-04-05,16,B,65.91,Phrase; Exact,43,36.13,0.0
2025-04-05,20,USA,153.42,Broad,8,56.95,0.0
2025-04-05,25,USA,275.0,Phrase; Exact,33,242.45,2.0
2025-04-06,10,A,164.77,Phrase; Exact,66,261.38,2.0
2025-04-06,16,B,65.91,Phrase; Exact,58,54.67,0.0
2025-04-06,20,USA,153.42,Broad,36,243.03,0.0
2025-04-06,25,USA,275.0,Phrase; Exact,19,169.86,2.0
2025-04-07,10,A,164.77,Phrase; Exact,77,246.46,9.0
2025-04-07,16,B,65.91,Phrase; Exact,66,64.65,1.0
2025-04-07,20,USA,153.42,Broad,21,157.86,0.0
2025-04-07,25,USA,275.0,Phrase; Exact,60,599.62,3.0
2025-04-08,10,A,164.77,Phrase; Exact,70,170.51,2.0
2025-04-08,16,B,65.91,Phrase; Exact,90,114.65,0.0
2025-04-08,20,USA,153.42,Broad,19,146.17,0.0
2025-04-08,25,USA,275.0,Phrase; Exact,32,359.62,0.0
2025-04-09,10,A,164.77,Phrase; Exact,75,175.81,0.0
2025-04-09,16,B,65.91,Phrase; Exact,78,98.57,0.0
2025-04-09,20,USA,153.42,Broad,25,138.09,0.0
2025-04-09,25,USA,275.0,Phrase; Exact,49,343.26,0.0
2025-04-10,10,A,164.77,Phrase; Exact,63,176.36,4.0
2025-04-10,16,B,65.91,Phrase; Exact,71,69.75,0.0
2025-04-10,20,USA,153.42,Broad,16,135.18,0.0
2025-04-10,25,USA,275.0,Phrase; Exact,38,353.94,16.0
2025-04-11,10,A,164.77,Phrase; Exact,43,123.77,1.0
2025-04-11,16,B,65.91,Phrase; Exact,49,55.3,0.0
2025-04-11,20,USA,153.42,Broad,15,111.77,1.0
2025-04-11,25,USA,275.0,Phrase; Exact,24,204.72,0.0
2025-04-12,10,A,164.77,Phrase; Exact,44,106.15,1.0
2025-04-12,16,B,65.91,Phrase; Exact,53,56.34,0.0
2025-04-12,20,USA,153.42,Broad,5,18.94,0.0
2025-04-12,25,USA,275.0,Phrase; Exact,25,177.73,0.0
2025-04-13,10,A,164.77,Phrase; Exact,37,96.36,4.0
2025-04-13,16,B,65.91,Phrase; Exact,53,60.15,0.0
2025-04-13,20,USA,153.42,Broad,8,61.68,0.0
2025-04-13,25,USA,275.0,Phrase; Exact,37,228.15,0.0
2025-04-14,10,A,164.77,Phrase; Exact,44,106.87,1.0
2025-04-14,16,B,65.91,Phrase; Exact,67,66.95,0.0
2025-04-14,20,USA,153.42,Broad,20,176.88,0.0
2025-04-14,25,USA,275.0,Phrase; Exact,28,306.77,0.0
2025-04-15,10,A,164.77,Phrase; Exact,76,222.07,3.0
2025-04-15,16,B,65.91,Phrase; Exact,61,53.96,0.0
2025-04-15,20,USA,153.42,Broad,20,156.72,0.0
2025-04-15,25,USA,275.0,Phrase; Exact,42,301.29,0.0
2025-04-16,10,A,164.77,Phrase; Exact,52,147.44,2.0
2025-04-16,16,B,65.91,Phrase; Exact,53,47.69,0.0
2025-04-16,20,USA,153.42,Broad,20,124.87,0.0
2025-04-16,25,USA,275.0,Phrase; Exact,32,306.71,0.0
2025-04-17,10,A,164.77,Phrase; Exact,50,126.26,1.0
2025-04-17,16,B,65.91,Phrase; Exact,45,39.27,0.0
2025-04-17,20,USA,153.42,Broad,20,134.32,0.0
2025-04-17,25,USA,275.0,Phrase; Exact,29,242.71,1.0
2025-04-18,10,A,164.77,Phrase; Exact,29,103.49,0.0
2025-04-18,16,B,65.91,Phrase; Exact,71,89.94,0.0
2025-04-18,20,USA,153.42,Broad,8,37.81,0.0
2025-04-18,25,USA,275.0,Phrase; Exact,34,276.55,0.0
2025-04-19,10,A,164.77,Phrase; Exact,32,94.31,2.0
2025-04-19,16,B,65.91,Phrase; Exact,71,86.46,0.0
2025-04-19,20,USA,153.42,Broad,9,67.81,0.0
2025-04-19,25,USA,275.0,Phrase; Exact,37,200.1,0.0
2025-04-20,10,A,164.77,Phrase; Exact,74,329.54,1.0
2025-04-20,16,B,65.91,Phrase; Exact,54,65.95,2.0
2025-04-20,20,USA,153.42,Broad,29,260.52,9.0
2025-04-20,25,USA,275.0,Phrase; Exact,44,492.59,0.0
2025-06-20,11,A,86.96,Phrase; Exact,1,1.81,0.0
2025-06-20,17,B,34.78,Phrase; Exact,2,3.5,0.0
2025-06-21,11,A,86.96,Phrase; Exact,12,21.97,0.0
2025-06-21,17,B,34.78,Phrase; Exact,50,67.28,0.0
2025-06-21,26,USA,120.0,Phrase; Exact,1,3.02,0.0
2025-06-22,11,A,86.96,Phrase; Exact,18,45.2,0.0
2025-06-22,17,B,34.78,Phrase; Exact,26,38.13,0.0
2025-06-22,26,USA,120.0,Phrase; Exact,2,15.16,0.0
2025-06-23,11,A,86.96,Phrase; Exact,52,177.11,0.0
2025-06-23,17,B,34.78,Phrase; Exact,29,33.64,0.0
2025-06-23,21,USA,26.09,Broad,1,11.44,0.0
2025-06-23,26,USA,120.0,Phrase; Exact,4,30.71,0.0
2025-06-24,11,A,86.96,Phrase; Exact,49,173.79,0.0
2025-06-24,17,B,34.78,Phrase; Exact,32,32.04,0.0
2025-06-24,21,USA,26.09,Broad,5,36.11,0.0
2025-06-24,26,USA,120.0,Phrase; Exact,13,172.77,0.0
2025-06-25,11,A,86.96,Phrase; Exact,40,112.32,1.0
2025-06-25,17,B,34.78,Phrase; Exact,38,34.43,0.0
2025-06-25,21,USA,26.09,Broad,9,51.15,0.0
2025-06-25,26,USA,120.0,Phrase; Exact,9,162.1,0.0
2025-06-26,11,A,86.96,Phrase; Exact,27,105.44,0.0
2025-06-26,17,B,34.78,Phrase; Exact,39,38.31,0.0
2025-06-26,21,USA,26.09,Broad,10,51.67,0.0
2025-06-26,26,USA,120.0,Phrase; Exact,12,239.76,0.0
2025-06-27,11,A,86.96,Phrase; Exact,33,86.67,0.0
2025-06-27,17,B,34.78,Phrase; Exact,41,35.61,0.0
2025-06-27,21,USA,26.09,Broad,13,55.82,0.0
2025-06-27,26,USA,120.0,Phrase; Exact,15,239.87,0.0
2025-06-28,11,A,86.96,Phrase; Exact,25,86.96,0.0
2025-06-28,17,B,34.78,Phrase; Exact,33,30.87,0.0
2025-06-28,21,USA,26.09,Broad,8,36.56,0.0
2025-06-28,26,USA,120.0,Phrase; Exact,12,235.21,0.0
2025-06-29,11,A,86.96,Phrase; Exact,21,67.27,0.0
2025-06-29,17,B,34.78,Phrase; Exact,39,38.81,1.0
2025-06-29,21,USA,26.09,Broad,6,27.5,0.0
2025-06-29,26,USA,120.0,Phrase; Exact,10,179.07,0.0
2025-06-30,11,A,86.96,Phrase; Exact,25,68.77,0.0
2025-06-30,17,B,34.78,Phrase; Exact,31,26.48,0.0
2025-06-30,21,USA,26.09,Broad,4,18.65,0.0
2025-06-30,26,USA,120.0,Phrase; Exact,1,42.35,0.0
2025-07-01,11,A,86.96,Phrase; Exact,32,73.08,0.0
2025-07-01,17,B,34.78,Phrase; Exact,44,38.91,0.0
2025-07-01,21,USA,26.09,Broad,7,23.98,19.0
2025-07-01,26,USA,120.0,Phrase; Exact,6,129.17,0.0
2025-07-02,11,A,86.96,Phrase; Exact,35,117.28,4.0
2025-07-02,17,B,34.78,Phrase; Exact,39,35.72,0.0
2025-07-02,21,USA,26.09,Broad,5,25.1,0.0
2025-07-02,26,USA,120.0,Phrase; Exact,10,100.53,0.0
2025-07-03,11,A,86.96,Phrase; Exact,39,100.01,0.0
2025-07-03,17,B,34.78,Phrase; Exact,31,25.68,0.0
2025-07-03,21,USA,26.09,Broad,7,25.85,0.0
2025-07-03,26,USA,120.0,Phrase; Exact,11,129.91,0.0
2025-07-04,11,A,86.96,Phrase; Exact,33,87.95,0.0
2025-07-04,17,B,34.78,Phrase; Exact,30,23.1,0.0
2025-07-04,21,USA,26.09,Broad,7,32.1,0.0
2025-07-04,26,USA,120.0,Phrase; Exact,14,196.45,0.0
2025-07-05,11,A,86.96,Phrase; Exact,29,81.82,0.0
2025-07-05,17,B,34.78,Phrase; Exact,50,44.47,3.0
2025-07-05,21,USA,26.09,Broad,3,10.56,0.0
2025-07-05,26,USA,120.0,Phrase; Exact,11,131.65,0.0
2025-07-06,11,A,86.96,Phrase; Exact,27,73.58,1.66
2025-07-06,17,B,34.78,Phrase; Exact,40,39.71,0.0
2025-07-06,21,USA,26.09,Broad,6,25.55,0.0
2025-07-06,26,USA,120.0,Phrase; Exact,16,210.16,0.5
2025-07-07,11,A,86.96,Phrase; Exact,49,145.28,1.0
2025-07-07,17,B,34.78,Phrase; Exact,49,46.44,0.0
2025-07-07,21,USA,26.09,Broad,13,47.5,0.0
2025-07-07,26,USA,120.0,Phrase; Exact,4,43.74,0.0
2025-07-08,11,A,86.96,Phrase; Exact,40,142.46,0.8
2025-07-08,17,B,34.78,Phrase; Exact,47,39.4,0.0
2025-07-08,21,USA,26.09,Broad,6,30.55,0.0
2025-07-08,26,USA,120.0,Phrase; Exact,10,100.44,0.0
2025-07-09,11,A,86.96,Phrase; Exact,50,154.03,0.75
2025-07-09,17,B,34.78,Phrase; Exact,32,34.78,0.0
2025-07-09,21,USA,26.09,Broad,4,15.9,0.0
2025-07-09,26,USA,120.0,Phrase; Exact,13,143.44,0.0
2025-07-10,11,A,86.96,Phrase; Exact,54,152.73,0.91
2025-07-10,17,B,34.78,Phrase; Exact,38,31.1,1.0
2025-07-10,21,USA,26.09,Broad,6,31.5,0.0
2025-07-10,26,USA,120.0,Phrase; Exact,8,112.92,0.0
2025-07-11,11,A,86.96,Phrase; Exact,42,138.54,0.0
2025-07-11,17,B,34.78,Phrase; Exact,44,33.98,1.0
2025-07-11,21,USA,26.09,Broad,6,28.08,0.0
2025-07-11,26,USA,120.0,Phrase; Exact,9,98.51,0.0
2025-07-12,11,A,86.96,Phrase; Exact,28,78.04,0.0
2025-07-12,17,B,34.78,Phrase; Exact,34,23.09,0.0
2025-07-12,21,USA,26.09,Broad,2,11.85,0.0
2025-07-12,26,USA,120.0,Phrase; Exact,8,70.38,0.0
2025-07-13,11,A,86.96,Phrase; Exact,14,45.13,0.0
2025-07-13,17,B,34.78,Phrase; Exact,27,18.44,0.0
2025-07-13,21,USA,26.09,Broad,2,6.98,0.0
2025-07-13,26,USA,120.0,Phrase; Exact,7,96.6,2.0
2025-07-14,11,A,86.96,Phrase; Exact,15,44.4,0.0
2025-07-14,17,B,34.78,Phrase; Exact,34,22.22,0.0
2025-07-14,21,USA,26.09,Broad,10,50.26,0.0
2025-07-14,26,USA,120.0,Phrase; Exact,5,63.97,0.0
2025-07-15,11,A,86.96,Phrase; Exact,17,44.66,0.0
2025-07-15,17,B,34.78,Phrase; Exact,70,69.53,0.0
2025-07-15,21,USA,26.09,Broad,6,39.35,0.0
2025-07-15,26,USA,120.0,Phrase; Exact,7,51.94,0.0
2025-07-16,11,A,86.96,Phrase; Exact,21,33.15,0.0
2025-07-16,17,B,34.78,Phrase; Exact,48,43.53,1.0
2025-07-16,21,USA,26.09,Broad,5,18.29,0.0
2025-07-16,26,USA,120.0,Phrase; Exact,12,157.32,0.0
2025-07-17,11,A,86.96,Phrase; Exact,18,32.5,1.75
2025-07-17,17,B,34.78,Phrase; Exact,43,33.59,0.0
2025-07-17,21,USA,26.09,Broad,4,35.39,0.0
2025-07-17,26,USA,120.0,Phrase; Exact,14,240.0,0.0
2025-07-18,11,A,86.96,Phrase; Exact,14,18.82,1.0
2025-07-18,17,B,34.78,Phrase; Exact,45,36.87,0.0
2025-07-18,21,USA,26.09,Broad,6,23.3,0.5
2025-07-18,26,USA,120.0,Phrase; Exact,7,103.75,0.0
2025-07-19,11,A,86.96,Phrase; Exact,40,84.83,0.0
2025-07-19,17,B,34.78,Phrase; Exact,41,34.23,0.0
2025-07-19,26,USA,120.0,Phrase; Exact,7,75.43,0.0
2025-07-20,11,A,86.96,Phrase; Exact,31,66.93,2.0
2025-07-20,17,B,34.78,Phrase; Exact,37,30.48,0.0
2025-07-20,21,USA,26.09,Broad,9,40.17,0.0
2025-07-20,26,USA,120.0,Phrase; Exact,7,138.97,0.0
2025-07-21,11,A,86.96,Phrase; Exact,49,146.74,0.0
2025-07-21,17,B,34.78,Phrase; Exact,46,29.23,0.0
2025-07-21,21,USA,26.09,Broad,8,30.26,0.0
2025-07-21,26,USA,120.0,Phrase; Exact,16,156.17,0.0
2025-07-22,11,A,86.96,Phrase; Exact,39,85.36,0.0
2025-07-22,17,B,34.78,Phrase; Exact,43,31.5,0.0
2025-07-22,21,USA,26.09,Broad,5,23.6,0.0
2025-07-22,26,USA,120.0,Phrase; Exact,8,78.77,0.5
2025-07-23,11,A,86.96,Phrase; Exact,54,132.16,0.0
2025-07-23,17,B,34.78,Phrase; Exact,50,38.52,1.0
2025-07-23,21,USA,26.09,Broad,4,19.86,1.0
2025-07-23,26,USA,120.0,Phrase; Exact,14,156.34,0.0
2025-07-24,11,A,86.96,Phrase; Exact,49,142.15,0.08
2025-07-24,17,B,34.78,Phrase; Exact,44,34.79,0.07
2025-07-24,21,USA,26.09,Broad,7,31.62,1.0
2025-07-24,26,USA,120.0,Phrase; Exact,11,162.69,0.0
2025-07-25,11,A,86.96,Phrase; Exact,45,127.99,0.0
2025-07-25,17,B,34.78,Phrase; Exact,40,27.19,0.0
2025-07-25,21,USA,26.09,Broad,4,20.35,0.0
2025-07-25,26,USA,120.0,Phrase; Exact,7,75.05,0.0
2025-07-26,11,A,86.96,Phrase; Exact,20,38.81,0.0
2025-07-26,17,B,34.78,Phrase; Exact,33,19.58,0.0
2025-07-26,21,USA,26.09,Broad,3,8.1,0.0
2025-07-26,26,USA,120.0,Phrase; Exact,6,74.33,0.0
2025-07-27,11,A,86.96,Phrase; Exact,14,32.6,0.0
2025-07-27,17,B,34.78,Phrase; Exact,48,35.98,0.0
2025-07-27,21,USA,26.09,Broad,11,39.95,0.0
2025-07-27,26,USA,120.0,Phrase; Exact,6,37.79,0.0
2025-07-28,11,A,86.96,Phrase; Exact,27,53.0,1.0
2025-07-28,17,B,34.78,Phrase; Exact,67,41.86,1.0
2025-07-28,21,USA,26.09,Broad,7,34.02,0.0
2025-07-28,26,USA,120.0,Phrase; Exact,9,91.95,0.0
2025-07-29,11,A,86.96,Phrase; Exact,32,57.2,0.0
2025-07-29,17,B,34.78,Phrase; Exact,51,34.03,0.0
2025-07-29,21,USA,26.09,Broad,5,25.1,0.0
2025-07-29,26,USA,120.0,Phrase; Exact,15,208.46,0.0
2025-07-30,11,A,86.96,Phrase; Exact,23,51.82,13.68
2025-07-30,17,B,34.78,Phrase; Exact,46,30.89,0.0
2025-07-30,21,USA,26.09,Broad,6,20.12,0.0
2025-07-30,26,USA,120.0,Phrase; Exact,8,111.34,1.0
2025-07-31,11,A,86.96,Phrase; Exact,19,35.3,0.0
2025-07-31,17,B,34.78,Phrase; Exact,49,27.65,1.0
2025-07-31,21,USA,26.09,Broad,3,9.21,0.0
2025-07-31,26,USA,120.0,Phrase; Exact,9,99.98,0.0
2025-08-01,11,A,86.96,Phrase; Exact,27,59.18,2.0
2025-08-01,17,B,34.78,Phrase; Exact,44,20.91,3.0
2025-08-01,21,USA,26.09,Broad,6,28.89,0.0
2025-08-01,26,USA,120.0,Phrase; Exact,9,97.59,0.0
2025-08-02,11,A,86.96,Phrase; Exact,38,107.73,1.0
2025-08-02,17,B,34.78,Phrase; Exact,43,29.66,0.76
2025-08-02,21,USA,26.09,Broad,1,7.12,0.0
2025-08-02,26,USA,120.0,Phrase; Exact,7,106.93,7.0
2025-08-03,11,A,86.96,Phrase; Exact,31,85.91,3.0
2025-08-03,17,B,34.78,Phrase; Exact,69,48.69,0.0
2025-08-03,21,USA,26.09,Broad,3,13.62,0.0
2025-08-03,26,USA,120.0,Phrase; Exact,11,119.65,0.0
2025-08-04,11,A,86.96,Phrase; Exact,38,83.77,0.0
2025-08-04,17,B,34.78,Phrase; Exact,61,43.16,0.0
2025-08-04,21,USA,26.09,Broad,10,51.32,0.0
2025-08-04,26,USA,120.0,Phrase; Exact,15,197.61,1.0
2025-08-05,11,A,86.96,Phrase; Exact,45,116.07,0.0
2025-08-05,17,B,34.78,Phrase; Exact,58,35.73,0.0
2025-08-05,21,USA,26.09,Broad,6,32.14,0.39
2025-08-05,26,USA,120.0,Phrase; Exact,12,152.18,1.0
2025-08-06,11,A,86.96,Phrase; Exact,35,81.18,0.0
2025-08-06,17,B,34.78,Phrase; Exact,36,19.89,0.0
2025-08-06,21,USA,26.09,Broad,7,21.6,0.0
2025-08-06,26,USA,120.0,Phrase; Exact,13,133.37,0.0
2025-08-07,11,A,86.96,Phrase; Exact,23,48.86,1.0
2025-08-07,17,B,34.78,Phrase; Exact,48,31.41,1.0
2025-08-07,21,USA,26.09,Broad,7,26.08,0.0
2025-08-07,26,USA,120.0,Phrase; Exact,15,134.39,0.0
2025-08-08,11,A,86.96,Phrase; Exact,31,87.93,0.0
2025-08-08,17,B,34.78,Phrase; Exact,55,41.39,0.0
2025-08-08,21,USA,26.09,Broad,5,32.14,0.0
2025-08-08,26,USA,120.0,Phrase; Exact,10,105.14,7.0
2025-08-09,11,A,86.96,Phrase; Exact,35,88.75,0.0
2025-08-09,17,B,34.78,Phrase; Exact,52,35.35,0.0
2025-08-09,21,USA,26.09,Broad,4,12.05,0.0
2025-08-09,26,USA,120.0,Phrase; Exact,12,107.53,0.0
2025-08-10,11,A,86.96,Phrase; Exact,44,88.75,9.0
2025-08-10,17,B,34.78,Phrase; Exact,71,47.74,0.0
2025-08-10,21,USA,26.09,Broad,2,11.96,0.0
2025-08-10,26,USA,120.0,Phrase; Exact,13,71.57,0.0
2025-08-11,11,A,86.96,Phrase; Exact,55,140.58,2.0
2025-08-11,17,B,34.78,Phrase; Exact,53,37.93,0.0
2025-08-11,21,USA,26.09,Broad,9,50.71,0.0
2025-08-11,26,USA,120.0,Phrase; Exact,10,101.06,0.5
2025-08-12,11,A,86.96,Phrase; Exact,48,99.42,4.0
2025-08-12,17,B,34.78,Phrase; Exact,46,36.25,1.0
2025-08-12,21,USA,26.09,Broad,8,42.47,2.0
2025-08-12,26,USA,120.0,Phrase; Exact,11,130.64,0.0
2025-08-13,11,A,86.96,Phrase; Exact,32,78.54,0.0
2025-08-13,17,B,34.78,Phrase; Exact,42,27.68,1.0
2025-08-13,21,USA,26.09,Broad,3,31.63,0.0
2025-08-13,26,USA,120.0,Phrase; Exact,9,67.81,0.0
2025-08-14,11,A,86.96,Phrase; Exact,37,99.33,2.0
2025-08-14,17,B,34.78,Phrase; Exact,35,21.48,2.0
2025-08-14,21,USA,26.09,Broad,5,19.22,0.0
2025-08-14,26,USA,120.0,Phrase; Exact,20,230.09,2.0
2025-08-15,11,A,86.96,Phrase; Exact,28,65.13,0.0
2025-08-15,17,B,34.78,Phrase; Exact,56,45.59,4.0
2025-08-15,21,USA,26.09,Broad,6,24.33,0.0
2025-08-15,26,USA,120.0,Phrase; Exact,11,86.31,0.0
2025-08-16,11,A,86.96,Phrase; Exact,27,59.02,1.0
2025-08-16,17,B,34.78,Phrase; Exact,46,29.38,0.0
2025-08-16,26,USA,120.0,Phrase; Exact,10,52.48,0.0
2025-08-17,11,A,86.96,Phrase; Exact,34,65.22,0.0
2025-08-17,17,B,34.78,Phrase; Exact,44,28.99,0.0
2025-08-17,21,USA,26.09,Broad,6,39.12,0.0
2025-08-17,26,USA,120.0,Phrase; Exact,15,108.18,0.0
2025-08-18,11,A,86.96,Phrase; Exact,48,107.4,0.0
2025-08-18,17,B,34.78,Phrase; Exact,66,57.43,2.0
2025-08-18,21,USA,26.09,Broad,6,38.79,0.0
2025-08-18,26,USA,120.0,Phrase; Exact,15,196.91,0.0
2025-08-19,11,A,86.96,Phrase; Exact,38,100.45,6.0
2025-08-19,17,B,34.78,Phrase; Exact,55,39.25,2.0
2025-08-19,21,USA,26.09,Broad,7,30.77,0.0
2025-08-19,26,USA,120.0,Phrase; Exact,13,125.5,0.0
2025-08-20,11,A,86.96,Phrase; Exact,38,105.03,0.0
2025-08-20,17,B,34.78,Phrase; Exact,50,37.46,3.0
2025-08-20,21,USA,26.09,Broad,2,9.94,0.0
2025-08-20,26,USA,120.0,Phrase; Exact,12,143.09,1.0
2025-08-21,11,A,86.96,Phrase; Exact,42,107.89,0.0
2025-08-21,17,B,34.78,Phrase; Exact,46,29.52,2.24
2025-08-21,21,USA,26.09,Broad,9,33.5,0.0
2025-08-21,26,USA,120.0,Phrase; Exact,6,126.05,0.0
2025-08-22,11,A,86.96,Phrase; Exact,32,72.63,1.0
2025-08-22,17,B,34.78,Phrase; Exact,46,28.82,1.0
2025-08-22,21,USA,26.09,Broad,4,26.71,0.0
2025-08-22,26,USA,120.0,Phrase; Exact,11,116.04,2.0
2025-08-23,11,A,86.96,Phrase; Exact,23,46.32,0.0
2025-08-23,17,B,34.78,Phrase; Exact,42,24.13,1.69
2025-08-23,21,USA,26.09,Broad,4,14.74,0.0
2025-08-23,26,USA,120.0,Phrase; Exact,5,32.87,0.0
2025-08-24,11,A,86.96,Phrase; Exact,19,43.57,0.0
2025-08-24,17,B,34.78,Phrase; Exact,40,26.53,0.0
2025-08-24,21,USA,26.09,Broad,6,25.38,0.0
2025-08-24,26,USA,120.0,Phrase; Exact,6,22.98,0.0
2025-08-25,11,A,86.96,Phrase; Exact,46,115.93,0.5
2025-08-25,17,B,34.78,Phrase; Exact,45,34.52,1.0
2025-08-25,21,USA,26.09,Broad,5,33.15,0.0
2025-08-25,26,USA,120.0,Phrase; Exact,9,69.56,0.0
2025-08-26,11,A,86.96,Phrase; Exact,41,117.6,0.0
2025-08-26,17,B,34.78,Phrase; Exact,69,44.66,5.0
2025-08-26,21,USA,26.09,Broad,8,28.62,0.0
2025-08-26,26,USA,120.0,Phrase; Exact,20,239.97,0.0
2025-08-27,11,A,86.96,Phrase; Exact,37,92.1,0.0
2025-08-27,17,B,34.78,Phrase; Exact,40,32.45,5.0
2025-08-27,21,USA,26.09,Broad,7,28.59,0.0
2025-08-27,26,USA,120.0,Phrase; Exact,11,191.25,0.0
2025-08-28,11,A,86.96,Phrase; Exact,27,77.37,0.0
2025-08-28,17,B,34.78,Phrase; Exact,39,27.49,0.0
2025-08-28,21,USA,26.09,Broad,7,29.47,0.0
2025-08-28,26,USA,120.0,Phrase; Exact,9,146.84,2.0
2025-08-29,11,A,86.96,Phrase; Exact,30,64.75,1.0
2025-08-29,17,B,34.78,Phrase; Exact,44,37.18,9.0
2025-08-29,21,USA,26.09,Broad,3,14.99,0.0
2025-08-29,26,USA,120.0,Phrase; Exact,8,78.96,0.0
2025-08-30,11,A,86.96,Phrase; Exact,27,75.03,0.88
2025-08-30,17,B,34.78,Phrase; Exact,33,26.39,2.0
2025-08-30,21,USA,26.09,Broad,2,8.29,0.0
2025-08-30,26,USA,120.0,Phrase; Exact,7,72.24,0.85
2025-08-31,11,A,86.96,Phrase; Exact,21,42.65,0.01
2025-08-31,17,B,34.78,Phrase; Exact,40,27.49,1.0
2025-08-31,21,USA,26.09,Broad,6,25.88,0.0
2025-08-31,26,USA,120.0,Phrase; Exact,7,90.98,0.0
2025-09-01,11,A,86.96,Phrase; Exact,26,47.67,0.0
2025-09-01,17,B,34.78,Phrase; Exact,48,37.24,0.0
2025-09-01,21,USA,26.09,Broad,2,3.81,0.0
2025-09-01,26,USA,120.0,Phrase; Exact,10,91.37,0.0
2025-09-02,11,A,86.96,Phrase; Exact,44,118.54,9.12
2025-09-02,17,B,34.78,Phrase; Exact,35,28.64,3.1
2025-09-02,21,USA,26.09,Broad,7,30.21,0.0
2025-09-02,26,USA,120.0,Phrase; Exact,5,135.4,2.0
2025-09-03,11,A,86.96,Phrase; Exact,44,109.73,4.75
2025-09-03,17,B,34.78,Phrase; Exact,45,27.05,6.0
2025-09-03,21,USA,26.09,Broad,8,49.14,0.0
2025-09-03,26,USA,120.0,Phrase; Exact,9,180.6,0.0
2025-09-04,11,A,86.96,Phrase; Exact,41,103.49,5.0
2025-09-04,17,B,34.78,Phrase; Exact,59,47.83,6.64
2025-09-04,21,USA,26.09,Broad,4,34.53,0.0
2025-09-04,26,USA,120.0,Phrase; Exact,10,157.33,0.5
2025-09-05,11,A,86.96,Phrase; Exact,32,72.88,0.0
2025-09-05,17,B,34.78,Phrase; Exact,47,41.07,1.0
2025-09-05,21,USA,26.09,Broad,6,19.47,0.0
2025-09-05,26,USA,120.0,Phrase; Exact,7,42.78,0.0
2025-09-06,11,A,86.96,Phrase; Exact,29,58.06,1.08
2025-09-06,17,B,34.78,Phrase; Exact,38,27.8,0.0
2025-09-06,21,USA,26.09,Broad,5,24.13,0.0
2025-09-06,26,USA,120.0,Phrase; Exact,8,89.74,0.0
2025-09-07,11,A,86.96,Phrase; Exact,41,108.49,1.0
2025-09-07,17,B,34.78,Phrase; Exact,38,25.84,0.0
2025-09-07,21,USA,26.09,Broad,8,34.72,0.0
2025-09-07,26,USA,120.0,Phrase; Exact,7,71.14,0.0
2025-09-08,11,A,86.96,Phrase; Exact,42,123.71,0.0
2025-09-08,17,B,34.78,Phrase; Exact,64,57.59,5.9
2025-09-08,21,USA,26.09,Broad,3,13.98,0.0
2025-09-08,26,USA,120.0,Phrase; Exact,16,153.33,4.39
2025-09-09,11,A,86.96,Phrase; Exact,40,90.16,1.0
2025-09-09,17,B,34.78,Phrase; Exact,53,41.06,4.0
2025-09-09,21,USA,26.09,Broad,7,54.1,0.0
2025-09-09,26,USA,120.0,Phrase; Exact,9,166.5,0.0
2025-09-10,11,A,86.96,Phrase; Exact,45,105.83,0.96
2025-09-10,17,B,34.78,Phrase; Exact,42,37.5,2.0
2025-09-10,21,USA,26.09,Broad,3,27.3,0.0
2025-09-10,26,USA,120.0,Phrase; Exact,16,188.69,0.0
2025-09-11,11,A,86.96,Phrase; Exact,39,106.43,0.0
2025-09-11,17,B,34.78,Phrase; Exact,50,40.53,1.0
2025-09-11,21,USA,26.09,Broad,5,27.14,2.0
2025-09-11,26,USA,120.0,Phrase; Exact,14,147.63,3.0
2025-09-12,11,A,86.96,Phrase; Exact,31,59.43,5.0
2025-09-12,17,B,34.78,Phrase; Exact,38,30.86,0.0
2025-09-12,21,USA,26.09,Broad,3,12.67,0.0
2025-09-12,26,USA,120.0,Phrase; Exact,9,96.64,0.0
2025-09-13,11,A,86.96,Phrase; Exact,28,55.06,4.1
2025-09-13,17,B,34.78,Phrase; Exact,29,21.7,0.0
2025-09-13,21,USA,26.09,Broad,5,23.94,0.0
2025-09-13,26,USA,120.0,Phrase; Exact,10,92.36,0.0
2025-09-14,11,A,86.96,Phrase; Exact,23,38.33,0.0
2025-09-14,17,B,34.78,Phrase; Exact,42,30.95,0.0
2025-09-14,21,USA,26.09,Broad,5,26.66,0.0
2025-09-14,26,USA,120.0,Phrase; Exact,9,69.17,4.0
2025-09-15,11,A,86.96,Phrase; Exact,55,143.54,0.0
2025-09-15,17,B,34.78,Phrase; Exact,75,49.95,2.0
2025-09-15,21,USA,26.09,Broad,3,11.71,0.0
2025-09-15,26,USA,120.0,Phrase; Exact,14,105.65,0.0
2025-09-16,11,A,86.96,Phrase; Exact,54,122.75,2.0
2025-09-16,17,B,34.78,Phrase; Exact,36,30.31,3.0
2025-09-16,21,USA,26.09,Broad,11,46.5,0.0
2025-09-16,26,USA,120.0,Phrase; Exact,15,239.14,1.0
2025-09-17,11,A,86.96,Phrase; Exact,25,67.95,3.0
2025-09-17,17,B,34.78,Phrase; Exact,50,39.24,8.0
2025-09-17,21,USA,26.09,Broad,6,30.36,0.0
2025-09-17,26,USA,120.0,Phrase; Exact,10,119.35,0.0
2025-09-18,11,A,86.96,Phrase; Exact,44,107.9,3.0
2025-09-18,17,B,34.78,Phrase; Exact,46,34.36,0.0
2025-09-18,21,USA,26.09,Broad,6,26.2,2.0
2025-09-18,26,USA,120.0,Phrase; Exact,10,115.84,0.0
2025-09-19,11,A,86.96,Phrase; Exact,25,74.02,0.59
2025-09-19,17,B,34.78,Phrase; Exact,32,20.13,0.0
2025-09-19,21,USA,26.09,Broad,4,14.51,0.0
2025-09-19,26,USA,120.0,Phrase; Exact,10,106.43,0.0
2025-09-20,11,A,86.96,Phrase; Exact,30,80.27,1.0
2025-09-20,17,B,34.78,Phrase; Exact,47,31.04,2.0
2025-09-20,21,USA,26.09,Broad,4,13.9,0.0
2025-09-20,26,USA,120.0,Phrase; Exact,9,62.07,0.0
2025-09-21,11,A,86.96,Phrase; Exact,25,61.43,4.0
2025-09-21,17,B,34.78,Phrase; Exact,75,61.66,1.0
2025-09-21,21,USA,26.09,Broad,11,44.73,0.0
2025-09-21,26,USA,120.0,Phrase; Exact,11,78.1,0.5
2025-09-22,11,A,86.96,Phrase; Exact,52,114.05,0.0
2025-09-22,17,B,34.78,Phrase; Exact,49,34.76,0.0
2025-09-22,21,USA,26.09,Broad,7,34.69,0.0
2025-09-22,26,USA,120.0,Phrase; Exact,20,224.56,2.0
2025-09-23,11,A,86.96,Phrase; Exact,30,81.55,0.0
2025-09-23,17,B,34.78,Phrase; Exact,49,35.38,4.0
2025-09-23,21,USA,26.09,Broad,7,27.55,0.0
2025-09-23,26,USA,120.0,Phrase; Exact,11,110.27,0.39
2025-09-24,11,A,86.96,Phrase; Exact,33,72.73,4.0
2025-09-24,17,B,34.78,Phrase; Exact,33,25.73,3.0
2025-09-24,21,USA,26.09,Broad,3,8.26,0.0
2025-09-24,26,USA,120.0,Phrase; Exact,5,59.03,0.0
2025-09-29,11,A,86.96,Phrase; Exact,18,30.05,2.0
2025-09-29,17,B,34.78,Phrase; Exact,15,12.17,0.0
2025-09-29,26,USA,120.0,Phrase; Exact,10,119.07,5.0
2025-09-30,11,A,86.96,Phrase; Exact,18,34.02,0.0
2025-09-30,17,B,34.78,Phrase; Exact,30,16.75,1.0
2025-09-30,21,USA,26.09,Broad,11,52.13,0.0
2025-09-30,26,USA,120.0,Phrase; Exact,8,136.91,0.0
2025-10-01,11,A,86.96,Phrase; Exact,31,90.11,6.54
2025-10-01,17,B,34.78,Phrase; Exact,35,21.85,5.36
2025-10-01,21,USA,26.09,Broad,6,29.01,0.0
2025-10-01,26,USA,120.0,Phrase; Exact,9,76.77,0.0
2025-10-02,11,A,86.96,Phrase; Exact,32,88.6,6.98
2025-10-02,17,B,34.78,Phrase; Exact,39,22.39,1.0
2025-10-02,21,USA,26.09,Broad,6,28.26,0.0
2025-10-02,26,USA,120.0,Phrase; Exact,10,139.25,3.83
2025-10-03,12,A,86.96,Phrase; Exact,35,75.99,0.0
2025-10-03,18,B,34.78,Phrase; Exact,61,51.9,0.0
2025-10-03,21,USA,26.09,Broad,8,31.83,0.0
2025-10-03,27,USA,120.0,Exact,13,168.32,0.0
2025-10-04,12,A,86.96,Phrase; Exact,20,37.67,0.0
2025-10-04,18,B,34.78,Phrase; Exact,63,48.43,7.32
2025-10-04,21,USA,26.09,Broad,5,28.27,0.0
2025-10-04,27,USA,120.0,Exact,12,123.18,0.0
2025-10-05,12,A,86.96,Phrase; Exact,45,153.74,4.0
2025-10-05,18,B,34.78,Phrase; Exact,61,41.63,1.0
2025-10-05,21,USA,26.09,Broad,5,22.9,0.0
2025-10-05,27,USA,120.0,Exact,12,124.14,0.0
2025-10-06,12,A,86.96,Phrase; Exact,41,103.28,4.0
2025-10-06,18,B,34.78,Phrase; Exact,50,38.52,6.47
2025-10-06,21,USA,26.09,Broad,7,38.52,0.0
2025-10-06,27,USA,120.0,Exact,9,166.11,3.0
2025-10-07,12,A,86.96,Phrase; Exact,40,99.93,0.0
2025-10-07,18,B,34.78,Phrase; Exact,40,30.0,1.0
2025-10-07,21,USA,26.09,Broad,10,30.39,0.0
2025-10-07,27,USA,120.0,Exact,13,133.59,0.0
2025-10-08,12,A,86.96,Phrase; Exact,40,96.64,8.0
2025-10-08,18,B,34.78,Phrase; Exact,61,39.51,1.0
2025-10-08,21,USA,26.09,Broad,5,22.71,0.0
2025-10-08,27,USA,120.0,Exact,8,126.94,2.0
2025-10-09,12,A,86.96,Phrase; Exact,40,90.38,10.0
2025-10-09,18,B,34.78,Phrase; Exact,43,26.36,3.86
2025-10-09,21,USA,26.09,Broad,3,13.18,0.0
2025-10-09,27,USA,120.0,Exact,8,123.02,0.0
2025-10-10,12,A,86.96,Phrase; Exact,28,60.44,3.0
2025-10-10,18,B,34.78,Phrase; Exact,54,36.93,0.0
2025-10-10,21,USA,26.09,Broad,3,13.74,0.0
2025-10-10,27,USA,120.0,Exact,5,58.52,0.0
2025-10-11,12,A,86.96,Phrase; Exact,30,61.06,3.0
2025-10-11,18,B,34.78,Phrase; Exact,59,38.41,1.0
2025-10-11,21,USA,26.09,Broad,4,15.84,0.0
2025-10-11,27,USA,120.0,Exact,8,55.51,0.0
2025-10-12,12,A,86.96,Phrase; Exact,29,86.14,3.5
2025-10-12,18,B,34.78,Phrase; Exact,38,31.7,2.0
2025-10-12,21,USA,26.09,Broad,9,51.83,0.0
2025-10-12,27,USA,120.0,Exact,12,97.82,0.0
2025-10-13,12,A,86.96,Phrase; Exact,44,83.71,3.0
2025-10-13,18,B,34.78,Phrase; Exact,34,24.53,2.0
2025-10-13,21,USA,26.09,Broad,2,11.89,0.0
2025-10-13,27,USA,120.0,Exact,14,166.83,0.0
2025-10-20,28,A,89.29,Broad; Phrase; Exact,26,72.19,0.0
2025-10-20,34,B,35.71,Broad; Phrase; Exact,25,36.16,1.0
2025-10-20,40,USA,232.14,Broad; Phrase; Exact,5,22.47,0.0
2025-10-21,28,A,89.29,Broad; Phrase; Exact,43,110.47,1.0
2025-10-21,34,B,35.71,Broad; Phrase; Exact,60,38.5,7.0
2025-10-21,40,USA,232.14,Broad; Phrase; Exact,67,397.28,2.0
2025-10-22,28,A,89.29,Broad; Phrase; Exact,52,93.99,1.5
2025-10-22,34,B,35.71,Broad; Phrase; Exact,69,35.91,17.0
2025-10-22,40,USA,232.14,Broad; Phrase; Exact,50,298.11,1.0
2025-10-23,28,A,89.29,Broad; Phrase; Exact,55,92.01,2.0
2025-10-23,34,B,35.71,Broad; Phrase; Exact,75,37.31,13.08
2025-10-23,40,USA,232.14,Broad; Phrase; Exact,49,245.41,0.0
2025-10-24,28,A,89.29,Broad; Phrase; Exact,59,93.35,5.0
2025-10-24,34,B,35.71,Broad; Phrase; Exact,105,36.39,7.0
2025-10-24,40,USA,232.14,Broad; Phrase; Exact,51,235.18,1.0
2025-10-25,28,A,89.29,Broad; Phrase; Exact,49,94.02,3.0
2025-10-25,34,B,35.71,Broad; Phrase; Exact,102,37.5,12.0
2025-10-25,40,USA,232.14,Broad; Phrase; Exact,63,272.72,5.0
2025-10-26,28,A,89.29,Broad; Phrase; Exact,50,93.49,4.0
2025-10-26,34,B,35.71,Broad; Phrase; Exact,93,35.97,16.0
2025-10-26,40,USA,232.14,Broad; Phrase; Exact,49,191.47,5.0
2025-10-27,28,A,89.29,Broad; Phrase; Exact,50,80.26,3.5
2025-10-27,34,B,35.71,Broad; Phrase; Exact,88,34.88,11.0
2025-10-27,40,USA,232.14,Broad; Phrase; Exact,49,225.14,10.0
2025-10-28,28,A,89.29,Broad; Phrase; Exact,48,82.95,6.92
2025-10-28,34,B,35.71,Broad; Phrase; Exact,97,35.12,9.0
2025-10-28,40,USA,232.14,Broad; Phrase; Exact,48,238.1,1.0
2025-10-29,28,A,89.29,Broad; Phrase; Exact,64,91.42,6.0
2025-10-29,34,B,35.71,Broad; Phrase; Exact,83,34.24,13.0
2025-10-29,40,USA,232.14,Broad; Phrase; Exact,59,215.89,3.86
2025-10-30,28,A,89.29,Broad; Phrase; Exact,38,56.45,5.0
2025-10-30,34,B,35.71,Broad; Phrase; Exact,95,34.48,12.92
2025-10-30,40,USA,232.14,Broad; Phrase; Exact,59,226.3,3.37
2025-10-31,28,A,89.29,Broad; Phrase; Exact,57,83.86,4.0
2025-10-31,34,B,35.71,Broad; Phrase; Exact,88,32.05,12.0
2025-10-31,40,USA,232.14,Broad; Phrase; Exact,48,192.86,4.0
2025-11-01,28,A,89.29,Broad; Phrase; Exact,59,91.66,3.0
2025-11-01,34,B,35.71,Broad; Phrase; Exact,120,46.34,14.0
2025-11-01,40,USA,232.14,Broad; Phrase; Exact,37,159.35,4.0
2025-11-02,28,A,89.29,Broad; Phrase; Exact,67,95.85,7.0
2025-11-02,34,B,35.71,Broad; Phrase; Exact,107,36.97,14.0
2025-11-02,40,USA,232.14,Broad; Phrase; Exact,73,336.02,4.96
2025-11-03,28,A,89.29,Broad; Phrase; Exact,64,87.61,1.0
2025-11-03,34,B,35.71,Broad; Phrase; Exact,125,35.83,11.0
2025-11-03,40,USA,232.14,Broad; Phrase; Exact,70,292.94,4.0
2025-11-04,28,A,89.29,Broad; Phrase; Exact,56,70.51,10.0
2025-11-04,34,B,35.71,Broad; Phrase; Exact,115,39.07,21.0
2025-11-04,40,USA,232.14,Broad; Phrase; Exact,59,216.96,4.0
2025-11-05,28,A,89.29,Broad; Phrase; Exact,42,61.77,8.0
2025-11-05,34,B,35.71,Broad; Phrase; Exact,114,34.81,9.0
2025-11-05,40,USA,232.14,Broad; Phrase; Exact,51,238.25,1.0
2025-11-06,28,A,89.29,Broad; Phrase; Exact,68,106.84,9.0
2025-11-06,34,B,35.71,Broad; Phrase; Exact,102,29.3,12.0
2025-11-06,40,USA,232.14,Broad; Phrase; Exact,64,232.46,0.0
2025-11-07,28,A,89.29,Broad; Phrase; Exact,83,133.91,3.0
2025-11-07,34,B,35.71,Broad; Phrase; Exact,96,31.37,13.0
2025-11-07,40,USA,232.14,Broad; Phrase; Exact,43,141.77,1.0
2025-11-08,28,A,89.29,Broad; Phrase; Exact,56,90.85,4.0
2025-11-08,34,B,35.71,Broad; Phrase; Exact,131,42.09,17.0
2025-11-08,40,USA,232.14,Broad; Phrase; Exact,40,138.21,0.0
2025-11-09,28,A,89.29,Broad; Phrase; Exact,78,118.96,6.0
2025-11-09,34,B,35.71,Broad; Phrase; Exact,103,34.29,13.0
2025-11-09,40,USA,232.14,Broad; Phrase; Exact,82,395.17,2.0
2025-11-10,28,A,89.29,Broad; Phrase; Exact,56,87.05,1.0
2025-11-10,34,B,35.71,Broad; Phrase; Exact,110,33.57,10.0
2025-11-10,40,USA,232.14,Broad; Phrase; Exact,58,268.75,4.0
2025-11-11,28,A,89.29,Broad; Phrase; Exact,49,88.14,4.0
2025-11-11,34,B,35.71,Broad; Phrase; Exact,135,41.59,12.0
2025-11-11,40,USA,232.14,Broad; Phrase; Exact,48,204.57,5.0
2025-11-12,28,A,89.29,Broad; Phrase; Exact,56,81.22,4.0
2025-11-12,34,B,35.71,Broad; Phrase; Exact,142,42.43,19.0
2025-11-12,40,USA,232.14,Broad; Phrase; Exact,50,182.96,7.0
2025-11-13,28,A,89.29,Broad; Phrase; Exact,57,99.2,5.0
2025-11-13,34,B,35.71,Broad; Phrase; Exact,134,39.64,21.0
2025-11-13,40,USA,232.14,Broad; Phrase; Exact,86,369.7,2.23
2025-11-14,28,A,89.29,Broad; Phrase; Exact,37,53.25,4.0
2025-11-14,34,B,35.71,Broad; Phrase; Exact,94,30.5,12.0
2025-11-14,40,USA,232.14,Broad; Phrase; Exact,53,219.74,1.0
2025-11-15,28,A,89.29,Broad; Phrase; Exact,43,67.68,8.0
2025-11-15,34,B,35.71,Broad; Phrase; Exact,121,47.38,12.0
2025-11-15,40,USA,232.14,Broad; Phrase; Exact,48,211.85,0.75
2025-11-16,28,A,89.29,Broad; Phrase; Exact,68,126.33,5.0
2025-11-16,34,B,35.71,Broad; Phrase; Exact,106,32.94,17.0
2025-11-16,40,USA,232.14,Broad; Phrase; Exact,61,234.46,3.0
2025-11-17,28,A,89.29,Broad; Phrase; Exact,78,123.6,6.0
2025-11-17,34,B,35.71,Broad; Phrase; Exact,107,35.2,27.0
2025-11-17,40,USA,232.14,Broad; Phrase; Exact,58,260.38,2.0
2025-11-18,28,A,89.29,Broad; Phrase; Exact,68,97.08,4.0
2025-11-18,34,B,35.71,Broad; Phrase; Exact,117,38.01,12.0
2025-11-18,40,USA,232.14,Broad; Phrase; Exact,62,256.93,1.0
2025-11-19,28,A,89.29,Broad; Phrase; Exact,55,93.97,6.0
2025-11-19,34,B,35.71,Broad; Phrase; Exact,108,37.73,14.0
2025-11-19,40,USA,232.14,Broad; Phrase; Exact,58,230.01,2.0
2025-11-20,28,A,89.29,Broad; Phrase; Exact,60,98.61,7.0
2025-11-20,34,B,35.71,Broad; Phrase; Exact,113,39.46,18.0
2025-11-20,40,USA,232.14,Broad; Phrase; Exact,51,208.23,0.0
2025-11-21,28,A,89.29,Broad; Phrase; Exact,31,43.76,3.5
2025-11-21,34,B,35.71,Broad; Phrase; Exact,84,25.21,13.0
2025-11-21,40,USA,232.14,Broad; Phrase; Exact,48,220.85,13.0
2025-11-22,28,A,89.29,Broad; Phrase; Exact,32,48.78,11.11
2025-11-22,34,B,35.71,Broad; Phrase; Exact,83,27.35,11.0
2025-11-22,40,USA,232.14,Broad; Phrase; Exact,39,177.91,4.0
2025-11-23,28,A,89.29,Broad; Phrase; Exact,63,105.27,6.0
2025-11-23,34,B,35.71,Broad; Phrase; Exact,123,49.43,8.0
2025-11-23,40,USA,232.14,Broad; Phrase; Exact,50,198.02,3.0
2025-11-24,28,A,89.29,Broad; Phrase; Exact,58,91.24,11.0
2025-11-24,34,B,35.71,Broad; Phrase; Exact,100,34.07,7.0
2025-11-24,40,USA,232.14,Broad; Phrase; Exact,53,252.59,5.0
2025-11-25,28,A,89.29,Broad; Phrase; Exact,56,94.1,3.0
2025-11-25,34,B,35.71,Broad; Phrase; Exact,97,33.03,9.0
2025-11-25,40,USA,232.14,Broad; Phrase; Exact,59,240.98,3.0
2025-11-26,28,A,89.29,Broad; Phrase; Exact,49,68.64,6.0
2025-11-26,34,B,35.71,Broad; Phrase; Exact,68,21.86,8.0
2025-11-26,40,USA,232.14,Broad; Phrase; Exact,41,157.97,3.0
2025-11-27,28,A,89.29,Broad; Phrase; Exact,35,49.95,5.0
2025-11-27,34,B,35.71,Broad; Phrase; Exact,46,14.51,3.0
2025-11-27,40,USA,232.14,Broad; Phrase; Exact,41,150.29,0.0
2025-11-28,28,A,89.29,Broad; Phrase; Exact,60,102.53,11.0
2025-11-28,34,B,35.71,Broad; Phrase; Exact,66,27.85,8.0
2025-11-28,40,USA,232.14,Broad; Phrase; Exact,71,385.74,1.0
2025-11-29,28,A,89.29,Broad; Phrase; Exact,84,153.78,4.0
2025-11-29,34,B,35.71,Broad; Phrase; Exact,134,71.38,15.0
2025-11-29,40,USA,232.14,Broad; Phrase; Exact,49,246.69,1.0
2025-11-30,28,A,89.29,Broad; Phrase; Exact,45,82.11,3.0
2025-11-30,34,B,35.71,Broad; Phrase; Exact,81,33.05,11.93
2025-11-30,40,USA,232.14,Broad; Phrase; Exact,51,227.53,0.0
2025-12-01,28,A,89.29,Broad; Phrase; Exact,50,89.11,7.0
2025-12-01,34,B,35.71,Broad; Phrase; Exact,81,35.1,13.0
2025-12-01,40,USA,232.14,Broad; Phrase; Exact,57,230.14,2.0
2025-12-02,28,A,89.29,Broad; Phrase; Exact,44,87.9,3.0
2025-12-02,34,B,35.71,Broad; Phrase; Exact,79,33.11,12.0
2025-12-02,40,USA,232.14,Broad; Phrase; Exact,54,228.19,3.0
2025-12-03,28,A,89.29,Broad; Phrase; Exact,61,90.6,11.26
2025-12-03,34,B,35.71,Broad; Phrase; Exact,92,43.11,12.0
2025-12-03,40,USA,232.14,Broad; Phrase; Exact,61,226.02,12.63
2025-12-04,28,A,89.29,Broad; Phrase; Exact,46,63.48,0.0
2025-12-04,34,B,35.71,Broad; Phrase; Exact,86,36.7,9.0
2025-12-04,40,USA,232.14,Broad; Phrase; Exact,54,235.43,5.0
2025-12-05,28,A,89.29,Broad; Phrase; Exact,42,57.8,2.0
2025-12-05,34,B,35.71,Broad; Phrase; Exact,84,37.82,16.0
2025-12-05,40,USA,232.14,Broad; Phrase; Exact,53,239.89,10.0
2025-12-06,28,A,89.29,Broad; Phrase; Exact,66,114.93,6.0
2025-12-06,34,B,35.71,Broad; Phrase; Exact,77,35.48,8.0
2025-12-06,40,USA,232.14,Broad; Phrase; Exact,59,238.68,1.0
2025-12-07,28,A,89.29,Broad; Phrase; Exact,62,129.82,7.0
2025-12-07,34,B,35.71,Broad; Phrase; Exact,77,36.62,10.0
2025-12-07,40,USA,232.14,Broad; Phrase; Exact,59,241.95,2.0
2025-12-08,28,A,89.29,Broad; Phrase; Exact,47,83.85,10.0
2025-12-08,34,B,35.71,Broad; Phrase; Exact,89,33.05,7.0
2025-12-08,40,USA,232.14,Broad; Phrase; Exact,57,251.52,6.35
2025-12-09,28,A,89.29,Broad; Phrase; Exact,55,92.04,6.16
2025-12-09,34,B,35.71,Broad; Phrase; Exact,90,35.12,9.0
2025-12-09,40,USA,232.14,Broad; Phrase; Exact,57,222.42,5.0
2025-12-10,28,A,89.29,Broad; Phrase; Exact,40,58.12,4.0
2025-12-10,34,B,35.71,Broad; Phrase; Exact,72,28.63,8.0
2025-12-10,40,USA,232.14,Broad; Phrase; Exact,43,170.95,4.0
2025-12-11,28,A,89.29,Broad; Phrase; Exact,77,123.08,4.0
2025-12-11,34,B,35.71,Broad; Phrase; Exact,61,22.61,5.0
2025-12-11,40,USA,232.14,Broad; Phrase; Exact,75,285.81,0.0
2025-12-12,28,A,89.29,Broad; Phrase; Exact,39,70.2,6.0
2025-12-12,34,B,35.71,Broad; Phrase; Exact,96,47.02,5.0
2025-12-12,40,USA,232.14,Broad; Phrase; Exact,58,234.52,3.0
2025-12-13,28,A,89.29,Broad; Phrase; Exact,51,95.8,3.0
2025-12-13,34,B,35.71,Broad; Phrase; Exact,88,43.99,14.0
2025-12-13,40,USA,232.14,Broad; Phrase; Exact,51,203.41,2.67
2025-12-14,28,A,89.29,Broad; Phrase; Exact,49,95.22,3.0
2025-12-14,34,B,35.71,Broad; Phrase; Exact,72,38.94,15.0
2025-12-14,40,USA,232.14,Broad; Phrase; Exact,64,284.52,1.0
2025-12-15,28,A,89.29,Broad; Phrase; Exact,62,88.54,5.0
2025-12-15,34,B,35.71,Broad; Phrase; Exact,77,33.99,8.0
2025-12-15,40,USA,232.14,Broad; Phrase; Exact,55,236.1,2.0
2025-12-16,28,A,89.29,Broad; Phrase; Exact,58,100.21,11.0
2025-12-16,34,B,35.71,Broad; Phrase; Exact,78,38.84,9.0
2025-12-16,40,USA,232.14,Broad; Phrase; Exact,51,227.63,9.0
2025-12-17,28,A,89.29,Broad; Phrase; Exact,56,91.93,8.02
2025-12-17,34,B,35.71,Broad; Phrase; Exact,72,34.9,15.0
2025-12-17,40,USA,232.14,Broad; Phrase; Exact,56,236.44,8.0
2025-12-18,28,A,89.29,Broad; Phrase; Exact,51,88.68,5.0
2025-12-18,34,B,35.71,Broad; Phrase; Exact,70,33.01,17.0
2025-12-18,40,USA,232.14,Broad; Phrase; Exact,58,224.81,7.0
2025-12-19,28,A,89.29,Broad; Phrase; Exact,39,65.42,2.0
2025-12-19,34,B,35.71,Broad; Phrase; Exact,85,35.61,16.0
2025-12-19,40,USA,232.14,Broad; Phrase; Exact,41,168.69,2.0
2025-12-20,28,A,89.29,Broad; Phrase; Exact,59,109.85,5.0
2025-12-20,34,B,35.71,Broad; Phrase; Exact,85,36.04,13.0
2025-12-20,40,USA,232.14,Broad; Phrase; Exact,43,164.75,1.0
2025-12-21,28,A,89.29,Broad; Phrase; Exact,49,88.33,4.0
2025-12-21,34,B,35.71,Broad; Phrase; Exact,81,35.12,7.0
2025-12-21,40,USA,232.14,Broad; Phrase; Exact,63,266.11,6.0
2025-12-22,28,A,89.29,Broad; Phrase; Exact,45,81.62,2.0
2025-12-22,34,B,35.71,Broad; Phrase; Exact,74,32.86,8.0
2025-12-22,40,USA,232.14,Broad; Phrase; Exact,61,296.45,8.0
2025-12-23,28,A,89.29,Broad; Phrase; Exact,54,84.58,3.0
2025-12-23,34,B,35.71,Broad; Phrase; Exact,84,37.31,10.0
2025-12-23,40,USA,232.14,Broad; Phrase; Exact,49,207.29,3.0
2025-12-24,28,A,89.29,Broad; Phrase; Exact,43,64.45,8.0
2025-12-24,34,B,35.71,Broad; Phrase; Exact,86,31.61,11.0
2025-12-24,40,USA,232.14,Broad; Phrase; Exact,31,131.37,9.0
2025-12-25,28,A,89.29,Broad; Phrase; Exact,48,114.87,1.0
2025-12-25,34,B,35.71,Broad; Phrase; Exact,75,30.73,9.0
2025-12-25,40,USA,232.14,Broad; Phrase; Exact,63,355.5,1.0
2025-12-26,28,A,89.29,Broad; Phrase; Exact,35,81.26,2.0
2025-12-26,34,B,35.71,Broad; Phrase; Exact,88,37.19,6.0
2025-12-26,40,USA,232.14,Broad; Phrase; Exact,44,205.03,3.0
2025-12-27,28,A,89.29,Broad; Phrase; Exact,49,86.48,4.0
2025-12-27,34,B,35.71,Broad; Phrase; Exact,86,33.64,11.0
2025-12-27,40,USA,232.14,Broad; Phrase; Exact,41,217.48,4.0
2025-12-28,28,A,89.29,Broad; Phrase; Exact,52,81.63,6.0
2025-12-28,34,B,35.71,Broad; Phrase; Exact,85,33.88,16.0
2025-12-28,40,USA,232.14,Broad; Phrase; Exact,51,216.41,5.0
2025-12-29,28,A,89.29,Broad; Phrase; Exact,44,74.66,4.0
2025-12-29,34,B,35.71,Broad; Phrase; Exact,88,31.39,14.0
2025-12-29,40,USA,232.14,Broad; Phrase; Exact,54,193.88,2.0
2025-12-30,28,A,89.29,Broad; Phrase; Exact,51,70.18,16.5
2025-12-30,34,B,35.71,Broad; Phrase; Exact,58,18.1,11.0
2025-12-30,40,USA,232.14,Broad; Phrase; Exact,55,206.34,2.0
2025-12-31,28,A,89.29,Broad; Phrase; Exact,27,46.42,0.03
2025-12-31,34,B,35.71,Broad; Phrase; Exact,75,23.14,9.0
2025-12-31,40,USA,232.14,Broad; Phrase; Exact,44,174.63,1.0
2026-01-01,28,A,89.29,Broad; Phrase; Exact,49,81.66,4.0
2026-01-01,34,B,35.71,Broad; Phrase; Exact,91,35.14,6.0
2026-01-01,40,USA,232.14,Broad; Phrase; Exact,53,203.88,3.0
2026-01-02,28,A,89.29,Broad; Phrase; Exact,57,105.51,5.0
2026-01-02,34,B,35.71,Broad; Phrase; Exact,101,34.75,18.0
2026-01-02,40,USA,232.14,Broad; Phrase; Exact,60,238.54,4.0
2026-01-03,28,A,89.29,Broad; Phrase; Exact,55,93.15,8.0
2026-01-03,34,B,35.71,Broad; Phrase; Exact,65,21.85,11.0
2026-01-03,40,USA,232.14,Broad; Phrase; Exact,53,240.71,2.0
2026-01-04,28,A,89.29,Broad; Phrase; Exact,51,83.58,11.0
2026-01-04,34,B,35.71,Broad; Phrase; Exact,89,33.14,12.0
2026-01-04,40,USA,232.14,Broad; Phrase; Exact,55,242.8,7.0
2026-01-05,28,A,89.29,Broad; Phrase; Exact,55,77.03,9.0
2026-01-05,34,B,35.71,Broad; Phrase; Exact,115,54.18,13.0
2026-01-05,40,USA,232.14,Broad; Phrase; Exact,51,215.26,8.0
2026-01-06,28,A,89.29,Broad; Phrase; Exact,56,109.83,2.0
2026-01-06,34,B,35.71,Broad; Phrase; Exact,86,38.77,7.0
2026-01-06,40,USA,232.14,Broad; Phrase; Exact,68,301.27,6.99
2026-01-07,28,A,89.29,Broad; Phrase; Exact,51,77.56,2.0
2026-01-07,34,B,35.71,Broad; Phrase; Exact,86,32.57,8.0
2026-01-07,40,USA,232.14,Broad; Phrase; Exact,67,236.49,1.0
2026-01-08,28,A,89.29,Broad; Phrase; Exact,50,86.15,10.0
2026-01-08,34,B,35.71,Broad; Phrase; Exact,95,39.2,14.0
2026-01-08,40,USA,232.14,Broad; Phrase; Exact,51,203.85,0.0
2026-01-09,28,A,89.29,Broad; Phrase; Exact,38,55.88,3.5
2026-01-09,34,B,35.71,Broad; Phrase; Exact,77,33.1,9.0
2026-01-09,40,USA,232.14,Broad; Phrase; Exact,32,122.48,2.0
2026-01-10,28,A,89.29,Broad; Phrase; Exact,24,29.15,1.0
2026-01-10,34,B,35.71,Broad; Phrase; Exact,82,36.57,15.0
2026-01-10,40,USA,232.14,Broad; Phrase; Exact,60,303.98,4.0
2026-01-11,28,A,89.29,Broad; Phrase; Exact,59,105.93,1.0
2026-01-11,34,B,35.71,Broad; Phrase; Exact,62,29.93,8.0
2026-01-11,40,USA,232.14,Broad; Phrase; Exact,61,310.45,4.0
2026-01-12,28,A,89.29,Broad; Phrase; Exact,82,178.33,11.0
2026-01-12,34,B,35.71,Broad; Phrase; Exact,87,42.5,19.0
2026-01-12,40,USA,232.14,Broad; Phrase; Exact,49,213.08,0.0
2026-01-13,28,A,89.29,Broad; Phrase; Exact,65,99.51,1.0
2026-01-13,34,B,35.71,Broad; Phrase; Exact,49,23.63,8.0
2026-01-13,40,USA,232.14,Broad; Phrase; Exact,53,217.27,4.0
2026-01-14,28,A,89.29,Broad; Phrase; Exact,56,96.76,5.01
2026-01-14,34,B,35.71,Broad; Phrase; Exact,40,13.92,4.0
2026-01-14,40,USA,232.14,Broad; Phrase; Exact,48,216.93,3.4
2026-01-15,28,A,89.29,Broad; Phrase; Exact,60,85.76,24.0
2026-01-15,34,B,35.71,Broad; Phrase; Exact,47,23.13,5.0
2026-01-15,40,USA,232.14,Broad; Phrase; Exact,66,269.85,0.0
2026-01-16,28,A,89.29,Broad; Phrase; Exact,40,54.65,9.0
2026-01-16,34,B,35.71,Broad; Phrase; Exact,95,63.01,12.0
2026-01-16,40,USA,232.14,Broad; Phrase; Exact,37,161.48,3.0
2026-01-17,28,A,89.29,Broad; Phrase; Exact,38,77.59,7.0
2026-01-17,34,B,35.71,Broad; Phrase; Exact,83,57.91,16.0
2026-01-17,40,USA,232.14,Broad; Phrase; Exact,50,218.09,4.0
2026-01-18,28,A,89.29,Broad; Phrase; Exact,50,93.33,5.0
2026-01-18,34,B,35.71,Broad; Phrase; Exact,54,27.47,5.0
2026-01-18,40,USA,232.14,Broad; Phrase; Exact,52,222.13,3.2
2026-01-19,28,A,89.29,Broad; Phrase; Exact,60,97.81,7.0
2026-01-19,34,B,35.71,Broad; Phrase; Exact,78,43.56,12.0
2026-01-19,40,USA,232.14,Broad; Phrase; Exact,43,222.05,1.0
2026-01-20,28,A,89.29,Broad; Phrase; Exact,63,116.77,1.0
2026-01-20,34,B,35.71,Broad; Phrase; Exact,57,29.89,8.0
2026-01-20,40,USA,232.14,Broad; Phrase; Exact,53,226.46,5.0
2026-01-21,28,A,89.29,Broad; Phrase; Exact,51,88.46,4.0
2026-01-21,34,B,35.71,Broad; Phrase; Exact,59,31.69,8.0
2026-01-21,40,USA,232.14,Broad; Phrase; Exact,59,292.33,2.2
2026-01-22,28,A,89.29,Broad; Phrase; Exact,35,48.6,0.0
2026-01-22,34,B,35.71,Broad; Phrase; Exact,55,25.83,5.0
2026-01-22,40,USA,232.14,Broad; Phrase; Exact,48,231.43,1.67
2026-01-23,28,A,89.29,Broad; Phrase; Exact,50,80.9,9.0
2026-01-23,34,B,35.71,Broad; Phrase; Exact,49,22.97,12.0
2026-01-23,40,USA,232.14,Broad; Phrase; Exact,40,191.59,3.87
2026-01-24,28,A,89.29,Broad; Phrase; Exact,39,60.43,2.0
2026-01-24,34,B,35.71,Broad; Phrase; Exact,91,53.18,5.0
2026-01-24,40,USA,232.14,Broad; Phrase; Exact,52,222.47,2.0
2026-01-25,28,A,89.29,Broad; Phrase; Exact,54,129.29,4.0
2026-01-25,34,B,35.71,Broad; Phrase; Exact,80,48.82,10.0
2026-01-25,40,USA,232.14,Broad; Phrase; Exact,54,222.99,6.2
2026-01-26,28,A,89.29,Broad; Phrase; Exact,50,108.63,1.0
2026-01-26,34,B,35.71,Broad; Phrase; Exact,65,33.64,18.0
2026-01-26,40,USA,232.14,Broad; Phrase; Exact,63,290.05,7.0
2026-01-27,28,A,89.29,Broad; Phrase; Exact,39,85.75,5.0
2026-01-27,34,B,35.71,Broad; Phrase; Exact,75,35.63,13.0
2026-01-27,40,USA,232.14,Broad; Phrase; Exact,48,231.42,16.0
2026-01-28,28,A,89.29,Broad; Phrase; Exact,43,79.98,7.0
2026-01-28,34,B,35.71,Broad; Phrase; Exact,71,33.25,7.0
2026-01-28,40,USA,232.14,Broad; Phrase; Exact,51,215.5,0.0
2026-01-29,28,A,89.29,Broad; Phrase; Exact,53,80.52,6.0
2026-01-29,34,B,35.71,Broad; Phrase; Exact,49,22.01,11.0
2026-01-29,40,USA,232.14,Broad; Phrase; Exact,54,209.06,2.0
2026-01-30,28,A,89.29,Broad; Phrase; Exact,26,43.1,7.0
2026-01-30,34,B,35.71,Broad; Phrase; Exact,73,33.32,9.0
2026-01-30,40,USA,232.14,Broad; Phrase; Exact,45,176.82,9.1
2026-01-31,28,A,89.29,Broad; Phrase; Exact,28,42.41,2.0
2026-01-31,34,B,35.71,Broad; Phrase; Exact,60,31.61,9.0
2026-01-31,40,USA,232.14,Broad; Phrase; Exact,37,186.59,6.98
2026-02-01,28,A,89.29,Broad; Phrase; Exact,53,85.98,4.0
2026-02-01,34,B,35.71,Broad; Phrase; Exact,58,33.27,4.0
2026-02-01,40,USA,232.14,Broad; Phrase; Exact,45,166.81,2.0
2026-02-02,28,A,89.29,Broad; Phrase; Exact,56,100.51,10.99
2026-02-02,34,B,35.71,Broad; Phrase; Exact,67,33.94,4.0
2026-02-02,40,USA,232.14,Broad; Phrase; Exact,70,330.49,22.0
2026-02-03,28,A,89.29,Broad; Phrase; Exact,49,106.64,10.96
2026-02-03,34,B,35.71,Broad; Phrase; Exact,66,34.13,7.0
2026-02-03,40,USA,232.14,Broad; Phrase; Exact,55,240.93,4.0
2026-02-04,28,A,89.29,Broad; Phrase; Exact,30,53.18,7.0
2026-02-04,34,B,35.71,Broad; Phrase; Exact,53,31.27,8.0
2026-02-04,40,USA,232.14,Broad; Phrase; Exact,19,91.3,4.04
2026-02-05,28,A,89.29,Broad; Phrase; Exact,31,59.39,5.0
2026-02-05,34,B,35.71,Broad; Phrase; Exact,21,9.51,0.0
2026-02-05,40,USA,232.14,Broad; Phrase; Exact,11,45.72,1.0
2026-02-06,28,A,89.29,Broad; Phrase; Exact,56,130.7,6.0
2026-02-06,34,B,35.71,Broad; Phrase; Exact,36,21.74,2.0
2026-02-06,40,USA,232.14,Broad; Phrase; Exact,14,70.42,5.0
2026-02-07,28,A,89.29,Broad; Phrase; Exact,50,86.06,4.0
2026-02-07,34,B,35.71,Broad; Phrase; Exact,88,71.97,6.0
2026-02-07,40,USA,232.14,Broad; Phrase; Exact,25,177.69,0.0
2026-02-08,28,A,89.29,Broad; Phrase; Exact,37,77.58,1.0
2026-02-08,34,B,35.71,Broad; Phrase; Exact,60,47.26,0.0
2026-02-08,40,USA,232.14,Broad; Phrase; Exact,20,217.75,0.0
2026-02-11,29,A,152.7,Broad; Phrase; Exact,11,18.13,0.0
2026-02-11,35,B,61.9,Broad; Phrase; Exact,30,31.28,3.0
2026-02-11,41,USA,198.1,Broad; Phrase; Exact,16,165.66,1.0
2026-02-12,29,A,152.7,Broad; Phrase; Exact,111,301.72,3.0
2026-02-12,35,B,61.9,Broad; Phrase; Exact,96,98.53,16.0
2026-02-12,41,USA,198.1,Broad; Phrase; Exact,24,199.76,0.0
2026-02-13,29,A,152.7,Broad; Phrase; Exact,57,149.78,2.0
2026-02-13,35,B,61.9,Broad; Phrase; Exact,60,57.78,4.0
2026-02-13,41,USA,198.1,Broad; Phrase; Exact,26,197.92,0.0
2026-02-14,29,A,152.7,Broad; Phrase; Exact,67,156.73,2.0
2026-02-14,35,B,61.9,Broad; Phrase; Exact,79,73.53,16.0
2026-02-14,41,USA,198.1,Broad; Phrase; Exact,15,135.29,2.0
2026-02-15,29,A,152.7,Broad; Phrase; Exact,49,133.11,5.0
2026-02-15,35,B,61.9,Broad; Phrase; Exact,58,47.49,1.0
2026-02-15,41,USA,198.1,Broad; Phrase; Exact,31,213.4,3.88
2026-02-16,29,A,152.7,Broad; Phrase; Exact,80,210.49,2.0
2026-02-16,35,B,61.9,Broad; Phrase; Exact,91,75.63,4.0
2026-02-16,41,USA,198.1,Broad; Phrase; Exact,28,210.74,4.0
2026-02-17,29,A,152.7,Broad; Phrase; Exact,71,178.75,8.0
2026-02-17,35,B,61.9,Broad; Phrase; Exact,92,70.76,8.0
2026-02-17,41,USA,198.1,Broad; Phrase; Exact,27,205.11,0.0
2026-02-18,29,A,152.7,Broad; Phrase; Exact,74,177.85,3.0
2026-02-18,35,B,61.9,Broad; Phrase; Exact,86,78.07,3.0
2026-02-18,41,USA,198.1,Broad; Phrase; Exact,27,167.09,1.0
2026-02-19,29,A,152.7,Broad; Phrase; Exact,63,148.81,6.0
2026-02-19,35,B,61.9,Broad; Phrase; Exact,85,76.65,12.0
2026-02-19,41,USA,198.1,Broad; Phrase; Exact,23,175.54,1.0
2026-02-20,29,A,152.7,Broad; Phrase; Exact,53,136.67,8.0
2026-02-20,35,B,61.9,Broad; Phrase; Exact,55,42.17,7.0
2026-02-20,41,USA,198.1,Broad; Phrase; Exact,12,105.97,0.0
2026-02-21,29,A,152.7,Broad; Phrase; Exact,37,83.82,8.0
2026-02-21,35,B,61.9,Broad; Phrase; Exact,47,28.07,9.0
2026-02-21,41,USA,198.1,Broad; Phrase; Exact,26,216.8,3.0
2026-02-22,29,A,152.7,Broad; Phrase; Exact,56,131.37,2.01
2026-02-22,35,B,61.9,Broad; Phrase; Exact,70,57.13,9.0
2026-02-22,41,USA,198.1,Broad; Phrase; Exact,25,160.17,0.0
2026-02-23,29,A,152.7,Broad; Phrase; Exact,76,188.79,5.0
2026-02-23,35,B,61.9,Broad; Phrase; Exact,97,89.68,4.0
2026-02-23,41,USA,198.1,Broad; Phrase; Exact,26,253.02,0.0
2026-02-24,29,A,152.7,Broad; Phrase; Exact,67,181.91,5.0
2026-02-24,35,B,61.9,Broad; Phrase; Exact,75,64.05,7.0
2026-02-24,41,USA,198.1,Broad; Phrase; Exact,29,214.88,0.0
2026-02-25,29,A,152.7,Broad; Phrase; Exact,64,167.67,6.0
2026-02-25,35,B,61.9,Broad; Phrase; Exact,73,63.02,5.0
2026-02-25,41,USA,198.1,Broad; Phrase; Exact,22,181.19,4.0
2026-02-26,29,A,152.7,Broad; Phrase; Exact,60,167.65,5.0
2026-02-26,35,B,61.9,Broad; Phrase; Exact,82,62.24,11.0
2026-02-26,41,USA,198.1,Broad; Phrase; Exact,22,202.14,4.0
2026-02-27,29,A,152.7,Broad; Phrase; Exact,46,104.86,4.0
2026-02-27,35,B,61.9,Broad; Phrase; Exact,67,49.09,9.0
2026-02-27,41,USA,198.1,Broad; Phrase; Exact,27,161.02,29.05
2026-02-28,29,A,152.7,Broad; Phrase; Exact,28,51.71,5.0
2026-02-28,35,B,61.9,Broad; Phrase; Exact,61,46.15,10.0
2026-02-28,41,USA,198.1,Broad; Phrase; Exact,16,97.28,0.0
2026-03-01,29,A,152.7,Broad; Phrase; Exact,36,73.72,4.63
2026-03-01,35,B,61.9,Broad; Phrase; Exact,71,56.18,3.0
2026-03-01,41,USA,198.1,Broad; Phrase; Exact,23,120.06,4.6
2026-03-02,29,A,152.7,Broad; Phrase; Exact,79,186.83,6.0
2026-03-02,35,B,61.9,Broad; Phrase; Exact,74,58.45,11.0
2026-03-02,41,USA,198.1,Broad; Phrase; Exact,26,182.7,6.0
2026-03-03,29,A,152.7,Broad; Phrase; Exact,77,223.8,4.0
2026-03-03,35,B,61.9,Broad; Phrase; Exact,76,68.51,2.0
2026-03-03,41,USA,198.1,Broad; Phrase; Exact,30,210.88,9.0
2026-03-04,29,A,152.7,Broad; Phrase; Exact,58,162.14,1.0
2026-03-04,35,B,61.9,Broad; Phrase; Exact,70,69.64,8.0
2026-03-04,41,USA,198.1,Broad; Phrase; Exact,33,236.74,0.0
2026-03-05,29,A,152.7,Broad; Phrase; Exact,64,156.88,4.0
2026-03-05,35,B,61.9,Broad; Phrase; Exact,67,63.21,13.0
2026-03-05,41,USA,198.1,Broad; Phrase; Exact,32,230.21,1.0
2026-03-06,29,A,152.7,Broad; Phrase; Exact,44,102.15,4.0
2026-03-06,35,B,61.9,Broad; Phrase; Exact,60,44.37,3.0
2026-03-06,41,USA,198.1,Broad; Phrase; Exact,23,117.77,0.0
2026-03-07,29,A,152.7,Broad; Phrase; Exact,56,139.14,3.0
2026-03-07,35,B,61.9,Broad; Phrase; Exact,76,52.74,21.0
2026-03-07,41,USA,198.1,Broad; Phrase; Exact,17,98.78,2.0
2026-03-08,29,A,152.7,Broad; Phrase; Exact,50,141.99,4.0
2026-03-08,35,B,61.9,Broad; Phrase; Exact,68,59.84,4.0
2026-03-08,41,USA,198.1,Broad; Phrase; Exact,15,75.65,3.2
2026-03-09,29,A,152.7,Broad; Phrase; Exact,57,160.61,1.0
2026-03-09,35,B,61.9,Broad; Phrase; Exact,72,71.08,4.0
2026-03-09,41,USA,198.1,Broad; Phrase; Exact,25,131.83,0.0
2026-03-10,29,A,152.7,Broad; Phrase; Exact,59,160.77,10.0
2026-03-10,35,B,61.9,Broad; Phrase; Exact,71,64.49,6.0
2026-03-10,41,USA,198.1,Broad; Phrase; Exact,20,167.44,0.0
2026-03-11,29,A,152.7,Broad; Phrase; Exact,50,137.59,4.01
2026-03-11,35,B,61.9,Broad; Phrase; Exact,81,66.74,5.0
2026-03-11,41,USA,198.1,Broad; Phrase; Exact,24,205.12,3.0
2026-03-12,29,A,152.7,Broad; Phrase; Exact,47,115.57,1.0
2026-03-12,35,B,61.9,Broad; Phrase; Exact,53,41.77,2.0
2026-03-12,41,USA,198.1,Broad; Phrase; Exact,35,328.09,4.0
2026-03-13,29,A,152.7,Broad; Phrase; Exact,77,214.86,8.0
2026-03-13,35,B,61.9,Broad; Phrase; Exact,84,99.94,12.0
2026-03-13,41,USA,198.1,Broad; Phrase; Exact,19,141.83,2.0
2026-03-14,29,A,152.7,Broad; Phrase; Exact,56,152.64,3.0
2026-03-14,35,B,61.9,Broad; Phrase; Exact,56,51.76,9.0
2026-03-14,41,USA,198.1,Broad; Phrase; Exact,20,142.99,3.0
2026-03-15,29,A,152.7,Broad; Phrase; Exact,42,137.06,5.0
2026-03-15,35,B,61.9,Broad; Phrase; Exact,64,63.86,10.0
2026-03-15,41,USA,198.1,Broad; Phrase; Exact,12,73.93,0.0
2026-03-16,29,A,152.7,Broad; Phrase; Exact,88,228.2,16.0
2026-03-16,35,B,61.9,Broad; Phrase; Exact,76,71.93,7.0
2026-03-16,41,USA,198.1,Broad; Phrase; Exact,6,59.59,1.0
2026-03-17,29,A,152.7,Broad; Phrase; Exact,50,171.56,8.0
2026-03-17,35,B,61.9,Broad; Phrase; Exact,66,60.96,6.0
2026-03-17,41,USA,198.1,Broad; Phrase; Exact,30,227.69,1.0
2026-03-18,29,A,152.7,Broad; Phrase; Exact,58,118.22,8.0
2026-03-18,35,B,61.9,Broad; Phrase; Exact,47,42.48,5.0
2026-03-18,41,USA,198.1,Broad; Phrase; Exact,22,197.92,0.0
2026-03-19,29,A,152.7,Broad; Phrase; Exact,53,156.15,4.0
2026-03-19,35,B,61.9,Broad; Phrase; Exact,52,55.06,3.0
2026-03-19,41,USA,198.1,Broad; Phrase; Exact,25,206.05,0.0
2026-03-20,29,A,152.7,Broad; Phrase; Exact,58,130.05,3.0
2026-03-20,35,B,61.9,Broad; Phrase; Exact,62,57.9,8.0
2026-03-20,41,USA,198.1,Broad; Phrase; Exact,20,156.51,0.0
2026-03-21,29,A,152.7,Broad; Phrase; Exact,35,102.36,3.99
2026-03-21,35,B,61.9,Broad; Phrase; Exact,44,44.99,8.0
2026-03-21,41,USA,198.1,Broad; Phrase; Exact,22,149.19,4.0
2026-03-22,29,A,152.7,Broad; Phrase; Exact,33,86.0,10.0
2026-03-22,35,B,61.9,Broad; Phrase; Exact,64,62.45,4.0
2026-03-22,41,USA,198.1,Broad; Phrase; Exact,18,112.14,5.0
2026-03-23,29,A,152.7,Broad; Phrase; Exact,70,189.42,8.0
2026-03-23,35,B,61.9,Broad; Phrase; Exact,71,62.43,4.0
2026-03-23,41,USA,198.1,Broad; Phrase; Exact,25,229.08,0.0
2026-03-24,29,A,152.7,Broad; Phrase; Exact,74,220.11,5.95
2026-03-24,35,B,61.9,Broad; Phrase; Exact,64,62.72,5.0
2026-03-24,41,USA,198.1,Broad; Phrase; Exact,21,211.79,7.0
2026-03-25,29,A,152.7,Broad; Phrase; Exact,57,161.59,3.0
2026-03-25,35,B,61.9,Broad; Phrase; Exact,77,61.44,3.0
2026-03-25,41,USA,198.1,Broad; Phrase; Exact,29,217.96,9.0
2026-03-26,29,A,152.7,Broad; Phrase; Exact,39,97.84,6.0
2026-03-26,35,B,61.9,Broad; Phrase; Exact,63,54.18,10.0
2026-03-26,41,USA,198.1,Broad; Phrase; Exact,28,175.72,6.0
2026-03-27,29,A,152.7,Broad; Phrase; Exact,8,9.98,0.0
2026-03-27,35,B,61.9,Broad; Phrase; Exact,58,50.75,5.33
2026-03-27,41,USA,198.1,Broad; Phrase; Exact,12,82.34,1.0
2026-03-28,29,A,152.7,Broad; Phrase; Exact,22,29.49,4.0
2026-03-28,35,B,61.9,Broad; Phrase; Exact,97,87.23,5.67
2026-03-28,41,USA,198.1,Broad; Phrase; Exact,11,64.32,1.0
2026-03-29,29,A,152.7,Broad; Phrase; Exact,23,35.07,1.0
2026-03-29,35,B,61.9,Broad; Phrase; Exact,68,57.55,11.0
2026-03-29,41,USA,198.1,Broad; Phrase; Exact,20,135.8,0.81
2026-03-30,29,A,152.7,Broad; Phrase; Exact,63,173.17,6.0
2026-03-30,35,B,61.9,Broad; Phrase; Exact,77,67.28,9.0
2026-03-30,41,USA,198.1,Broad; Phrase; Exact,30,195.82,8.0
2026-03-31,29,A,152.7,Broad; Phrase; Exact,96,305.4,0.0
2026-03-31,35,B,61.9,Broad; Phrase; Exact,61,44.56,6.0
2026-03-31,42,USA,198.1,Exact,18,119.36,4.0
2026-04-01,29,A,152.7,Broad; Phrase; Exact,48,154.01,8.0
2026-04-01,35,B,61.9,Broad; Phrase; Exact,84,71.14,4.0
2026-04-01,42,USA,198.1,Exact,27,210.6,1.0
2026-04-02,29,A,152.7,Broad; Phrase; Exact,53,152.6,0.0
2026-04-02,35,B,61.9,Broad; Phrase; Exact,71,58.42,7.0
2026-04-02,42,USA,198.1,Exact,16,79.01,2.0
2026-04-03,29,A,152.7,Broad; Phrase; Exact,43,111.69,4.0
2026-04-03,35,B,61.9,Broad; Phrase; Exact,75,55.88,7.0
2026-04-03,42,USA,198.1,Exact,25,209.82,0.0
2026-04-04,29,A,152.7,Broad; Phrase; Exact,56,128.82,0.0
2026-04-04,35,B,61.9,Broad; Phrase; Exact,75,64.87,11.0
2026-04-04,42,USA,198.1,Exact,23,171.35,0.0
2026-04-05,29,A,152.7,Broad; Phrase; Exact,62,198.52,1.0
2026-04-05,35,B,61.9,Broad; Phrase; Exact,56,48.05,5.0
2026-04-05,42,USA,198.1,Exact,12,74.76,1.0
2026-04-06,30,A,152.7,Phrase; Exact,35,103.63,1.0
2026-04-06,36,B,61.9,Phrase; Exact,52,42.03,3.0
2026-04-06,43,USA,198.1,Exact,13,121.53,0.0
2026-04-29,31,A,152.7,Phrase; Exact,29,153.58,0.0
2026-04-29,37,B,61.9,Phrase; Exact,50,66.0,7.0
2026-04-29,44,USA,198.1,Phrase; Exact,22,198.54,1.0
2026-04-30,31,A,152.7,Phrase; Exact,44,150.48,0.0
2026-04-30,37,B,61.9,Phrase; Exact,63,57.03,0.0
2026-04-30,44,USA,198.1,Phrase; Exact,24,208.93,0.0
2026-05-01,31,A,152.7,Phrase; Exact,54,150.97,0.0
2026-05-01,37,B,61.9,Phrase; Exact,87,62.07,2.0
2026-05-01,44,USA,198.1,Phrase; Exact,33,202.29,1.0
2026-05-02,32,A,152.7,Phrase; Exact,53,151.94,3.0
2026-05-02,38,B,61.9,Phrase; Exact,84,61.04,1.0
2026-05-02,45,USA,198.1,Phrase; Exact,33,186.93,0.02
2026-05-03,32,A,152.7,Phrase; Exact,43,123.36,0.0
2026-05-03,38,B,61.9,Phrase; Exact,34,20.08,1.0
2026-05-03,45,USA,198.1,Phrase; Exact,42,171.43,0.0
2026-05-04,32,A,152.7,Phrase; Exact,48,163.41,1.5
2026-05-04,38,B,61.9,Phrase; Exact,14,7.92,1.0
2026-05-04,45,USA,198.1,Phrase; Exact,41,217.53,7.43
2026-05-05,32,A,152.7,Phrase; Exact,37,83.38,0.0
2026-05-05,38,B,61.9,Phrase; Exact,27,13.15,0.0
2026-05-05,46,USA,198.1,Phrase; Exact,32,162.97,0.0
2026-05-06,32,A,152.7,Phrase; Exact,37,81.26,5.0
2026-05-06,38,B,61.9,Phrase; Exact,65,42.95,0.0
2026-05-06,46,USA,198.1,Phrase; Exact,36,186.53,0.0
2026-05-07,32,A,152.7,Phrase; Exact,66,222.53,0.0
2026-05-07,38,B,61.9,Phrase; Exact,135,116.94,1.0
2026-05-07,46,USA,198.1,Phrase; Exact,46,281.46,0.0
2026-05-08,32,A,152.7,Phrase; Exact,83,266.74,0.0
2026-05-08,38,B,61.9,Phrase; Exact,124,124.82,5.0
2026-05-08,46,USA,198.1,Phrase; Exact,29,124.16,3.0
2026-05-09,32,A,152.7,Phrase; Exact,47,147.76,1.0
2026-05-09,38,B,61.9,Phrase; Exact,50,48.87,0.0
2026-05-09,46,USA,198.1,Phrase; Exact,14,54.42,0.0
2026-05-10,32,A,152.7,Phrase; Exact,31,114.93,0.0
2026-05-10,38,B,61.9,Phrase; Exact,21,18.66,5.0
2026-05-10,46,USA,198.1,Phrase; Exact,15,86.0,0.0
2026-05-11,32,A,152.7,Phrase; Exact,61,194.53,0.0
2026-05-11,38,B,61.9,Phrase; Exact,63,57.05,0.0
2026-05-11,46,USA,198.1,Phrase; Exact,61,396.18,0.0
2026-05-12,33,A,90.91,Phrase; Exact,34,112.15,0.0
2026-05-12,39,B,36.36,Phrase; Exact,75,72.81,1.0
2026-05-12,47,USA,240.0,Phrase; Exact,38,308.16,0.0
2026-05-13,33,A,90.91,Phrase; Exact,30,91.0,0.0
2026-05-13,39,B,36.36,Phrase; Exact,47,36.5,0.0
2026-05-13,47,USA,240.0,Phrase; Exact,43,245.0,0.0
2026-05-14,33,A,90.91,Phrase; Exact,46,115.6,1.0
2026-05-14,39,B,36.36,Phrase; Exact,49,45.37,4.0
2026-05-14,47,USA,240.0,Phrase; Exact,54,306.85,1.55
2026-05-15,33,A,90.91,Phrase; Exact,23,61.32,5.0
2026-05-15,39,B,36.36,Phrase; Exact,36,28.65,3.0
2026-05-15,47,USA,240.0,Phrase; Exact,36,170.6,1.0
2026-05-16,33,A,90.91,Phrase; Exact,19,74.62,0.0
2026-05-16,39,B,36.36,Phrase; Exact,33,24.0,2.0
2026-05-16,47,USA,240.0,Phrase; Exact,14,57.85,0.0
2026-05-17,33,A,90.91,Phrase; Exact,13,41.19,4.5
2026-05-17,39,B,36.36,Phrase; Exact,43,34.7,3.0
2026-05-17,47,USA,240.0,Phrase; Exact,9,48.19,0.0
2026-05-18,33,A,90.91,Phrase; Exact,34,97.63,0.0
2026-05-18,39,B,36.36,Phrase; Exact,38,29.64,1.0
2026-05-18,47,USA,240.0,Phrase; Exact,60,388.94,0.0
2026-05-19,33,A,90.91,Phrase; Exact,30,89.55,0.0
2026-05-19,39,B,36.36,Phrase; Exact,37,32.93,2.0
2026-05-19,47,USA,240.0,Phrase; Exact,76,479.94,0.0
2026-05-20,33,A,90.91,Phrase; Exact,34,120.55,0.0
2026-05-20,39,B,36.36,Phrase; Exact,60,52.05,4.5
2026-05-20,47,USA,240.0,Phrase; Exact,36,317.94,0.0
2026-05-21,33,A,90.91,Phrase; Exact,33,110.5,3.0
2026-05-21,39,B,36.36,Phrase; Exact,60,48.15,1.5
2026-05-21,47,USA,240.0,Phrase; Exact,41,272.37,1.0
2026-05-22,33,A,90.91,Phrase; Exact,41,115.07,2.99
2026-05-22,39,B,36.36,Phrase; Exact,54,51.72,2.0
2026-05-22,47,USA,240.0,Phrase; Exact,42,226.65,0.0
2026-05-23,33,A,90.91,Phrase; Exact,30,85.47,0.0
2026-05-23,39,B,36.36,Phrase; Exact,33,26.32,0.0
2026-05-23,47,USA,240.0,Phrase; Exact,34,166.31,0.0
2026-05-24,33,A,90.91,Phrase; Exact,33,112.97,0.0
2026-05-24,39,B,36.36,Phrase; Exact,39,36.58,2.0
2026-05-24,47,USA,240.0,Phrase; Exact,28,165.23,0.0
2026-05-25,33,A,90.91,Phrase; Exact,32,101.46,0.0
2026-05-25,39,B,36.36,Phrase; Exact,42,35.83,2.0
2026-05-25,47,USA,240.0,Phrase; Exact,23,150.98,0.0
2026-05-26,33,A,90.91,Phrase; Exact,34,85.45,0.0
2026-05-26,39,B,36.36,Phrase; Exact,35,25.73,1.0
2026-05-26,47,USA,240.0,Phrase; Exact,40,158.22,8.0
2026-05-27,33,A,90.91,Phrase; Exact,36,75.07,0.0
2026-05-27,39,B,36.36,Phrase; Exact,39,37.41,7.0
2026-05-27,47,USA,240.0,Phrase; Exact,66,479.46,0.33
2026-05-28,33,A,90.91,Phrase; Exact,39,119.62,0.0
2026-05-28,39,B,36.36,Phrase; Exact,31,27.92,3.0
2026-05-28,47,USA,240.0,Phrase; Exact,42,362.03,0.0
2026-05-29,33,A,90.91,Phrase; Exact,22,63.68,0.0
2026-05-29,39,B,36.36,Phrase; Exact,40,32.95,0.0
2026-05-29,47,USA,240.0,Phrase; Exact,44,226.49,0.0
2026-05-30,33,A,90.91,Phrase; Exact,28,64.99,0.0
2026-05-30,39,B,36.36,Phrase; Exact,52,47.19,5.0
2026-05-30,47,USA,240.0,Phrase; Exact,33,180.62,2.0
2026-05-31,33,A,90.91,Phrase; Exact,21,65.15,0.0
2026-05-31,39,B,36.36,Phrase; Exact,42,37.58,2.0
2026-05-31,47,USA,240.0,Phrase; Exact,23,160.82,0.4
2026-06-01,33,A,90.91,Phrase; Exact,28,91.66,0.0
2026-06-01,39,B,36.36,Phrase; Exact,43,36.54,3.0
2026-06-01,47,USA,240.0,Phrase; Exact,38,245.98,0.33
2026-06-02,33,A,90.91,Phrase; Exact,31,91.29,0.0
2026-06-02,39,B,36.36,Phrase; Exact,46,37.08,1.0
2026-06-02,47,USA,240.0,Phrase; Exact,38,234.09,1.0
2026-06-03,33,A,90.91,Phrase; Exact,29,94.46,0.0
2026-06-03,39,B,36.36,Phrase; Exact,44,36.1,0.0
2026-06-03,47,USA,240.0,Phrase; Exact,46,241.49,5.33
2026-06-04,33,A,90.91,Phrase; Exact,33,79.75,0.0
2026-06-04,39,B,36.36,Phrase; Exact,42,35.59,0.0
2026-06-04,47,USA,240.0,Phrase; Exact,41,243.17,0.0
2026-06-05,33,A,90.91,Phrase; Exact,29,91.98,0.0
2026-06-05,39,B,36.36,Phrase; Exact,40,30.39,1.0
2026-06-05,47,USA,240.0,Phrase; Exact,37,235.75,0.0
2026-06-06,33,A,90.91,Phrase; Exact,28,54.65,0.0
2026-06-06,39,B,36.36,Phrase; Exact,52,43.99,2.0
2026-06-06,47,USA,240.0,Phrase; Exact,34,241.32,6.0
2026-06-07,33,A,90.91,Phrase; Exact,27,61.99,0.0
2026-06-07,39,B,36.36,Phrase; Exact,43,44.35,2.0
2026-06-07,47,USA,240.0,Phrase; Exact,24,186.65,1.0
2026-06-08,33,A,90.91,Phrase; Exact,45,141.89,1.0
2026-06-08,39,B,36.36,Phrase; Exact,46,43.27,1.0
2026-06-08,47,USA,240.0,Phrase; Exact,40,266.7,1.0
2026-06-09,33,A,90.91,Phrase; Exact,22,106.16,0.0
2026-06-09,39,B,36.36,Phrase; Exact,24,24.47,3.0
2026-06-09,47,USA,240.0,Phrase; Exact,20,173.88,1.0
