keyword_set_id,broad_keywords,phrase_keywords,exact_keywords,unique_keywords,negative_broad_keywords,negative_phrase_keywords,negative_exact_keywords,negative_keywords,used_by_campaign_versions,positive_keywords
ks_0001,best critical thinking courses; best systems thinking courses; business systems course; introduction to systems thinking; project management cert; system design certification; system dynamics course; systems thinking course,,,best critical thinking courses; best systems thinking courses; business systems course; introduction to systems thinking; project management cert; system design certification; system dynamics course; systems thinking course,,,,,1,best critical thinking courses; best systems thinking courses; business systems course; introduction to systems thinking; project management cert; system design certification; system dynamics course; systems thinking course
ks_0002,best critical thinking courses; business systems course; introduction to systems thinking; project management cert; system design certification; system dynamics course; systems thinking course,,,best critical thinking courses; business systems course; introduction to systems thinking; project management cert; system design certification; system dynamics course; systems thinking course,,,,,2,best critical thinking courses; business systems course; introduction to systems thinking; project management cert; system design certification; system dynamics course; systems thinking course
ks_0003,best critical thinking courses; best systems thinking courses; business systems course; project management cert; system design certification; system dynamics course; systems thinking course,,,best critical thinking courses; best systems thinking courses; business systems course; project management cert; system design certification; system dynamics course; systems thinking course,,,,,3,best critical thinking courses; best systems thinking courses; business systems course; project management cert; system design certification; system dynamics course; systems thinking course
ks_0004,,business systems courses; how to learn to think strategically; introduction to systems thinking; learn product management; learn system architecture; mit system dynamics group; mit systems thinking; pmp training; product management certification; project management cert; project management online course; project management program; project management training; software architecture course; solve complex problems; system architecture course; system design; system design certification; system dynamics course; system engineering online course; systems thinking certificate; systems thinking certification; systems thinking courses; systems thinking in business; technical problem solving; technical project management; what is system thinking,best critical thinking courses; best systems thinking courses; business systems courses; how to learn to think strategically; introduction to systems thinking; learn product management; learn system architecture; mit system dynamics course; mit system dynamics group; mit systems thinking; mit systems thinking course online; mit xpro systems thinking; project management cert; project management online course; project management program; project management training; software architecture course; system architecture course; system design; system design certification; system dynamics course; system engineering online course; system thinking certification; system thinking training; systems thinking courses; systems thinking in business; systems thinking mit; thinking in systems a primer; what is system thinking,best critical thinking courses; best systems thinking courses; business systems courses; how to learn to think strategically; introduction to systems thinking; learn product management; learn system architecture; mit system dynamics course; mit system dynamics group; mit systems thinking; mit systems thinking course online; mit xpro systems thinking; pmp training; product management certification; project management cert; project management online course; project management program; project management training; software architecture course; solve complex problems; system architecture course; system design; system design certification; system dynamics course; system engineering online course; system thinking certification; system thinking training; systems thinking certificate; systems thinking certification; systems thinking courses; systems thinking in business; systems thinking mit; technical problem solving; technical project management; thinking in systems a primer; what is system thinking,,,,,4; 5; 6,best critical thinking courses; best systems thinking courses; business systems courses; how to learn to think strategically; introduction to systems thinking; learn product management; learn system architecture; mit system dynamics course; mit system dynamics group; mit systems thinking; mit systems thinking course online; mit xpro systems thinking; pmp training; product management certification; project management cert; project management online course; project management program; project management training; software architecture course; solve complex problems; system architecture course; system design; system design certification; system dynamics course; system engineering online course; system thinking certification; system thinking training; systems thinking certificate; systems thinking certification; systems thinking courses; systems thinking in business; systems thinking mit; technical problem solving; technical project management; thinking in systems a primer; what is system thinking
ks_0005,,business systems courses; how to learn to think strategically; introduction to systems thinking; learn product management; learn system architecture; mit system dynamics group; mit systems thinking; pmp training; product management certification; project management cert; project management online course; project management program; project management training; software architecture course; solve complex problems; system architecture course; system design; system design certification; system dynamics course; system engineering online course; system thinking training; systems thinking certificate; systems thinking certification; systems thinking courses; systems thinking in business; technical problem solving; technical project management; thinking in systems a primer; what is system thinking,best critical thinking courses; best systems thinking courses; how to learn to think strategically; introduction to systems thinking; learn system architecture; mit system dynamics course; mit system dynamics group; mit systems thinking; mit systems thinking course online; mit xpro systems thinking; project management cert; project management online course; project management program; project management training; software architecture course; solve complex problems; system architecture course; system design; system design certification; system dynamics course; system engineering online course; system thinking training; systems thinking certification; systems thinking course; systems thinking in business; systems thinking mit; thinking in systems a primer; what is system thinking,best critical thinking courses; best systems thinking courses; business systems courses; how to learn to think strategically; introduction to systems thinking; learn product management; learn system architecture; mit system dynamics course; mit system dynamics group; mit systems thinking; mit systems thinking course online; mit xpro systems thinking; pmp training; product management certification; project management cert; project management online course; project management program; project management training; software architecture course; solve complex problems; system architecture course; system design; system design certification; system dynamics course; system engineering online course; system thinking training; systems thinking certificate; systems thinking certification; systems thinking course; systems thinking courses; systems thinking in business; systems thinking mit; technical problem solving; technical project management; thinking in systems a primer; what is system thinking,,,,,7; 8; 9; 10; 11,best critical thinking courses; best systems thinking courses; business systems courses; how to learn to think strategically; introduction to systems thinking; learn product management; learn system architecture; mit system dynamics course; mit system dynamics group; mit systems thinking; mit systems thinking course online; mit xpro systems thinking; pmp training; product management certification; project management cert; project management online course; project management program; project management training; software architecture course; solve complex problems; system architecture course; system design; system design certification; system dynamics course; system engineering online course; system thinking training; systems thinking certificate; systems thinking certification; systems thinking course; systems thinking courses; systems thinking in business; systems thinking mit; technical problem solving; technical project management; thinking in systems a primer; what is system thinking
ks_0006,,how to learn to think strategically; introduction to systems thinking; learn product management; learn system architecture; mit systems thinking; project management cert; project management training; system architecture course; system design; system dynamics course; system engineering online course; system thinking training; systems thinking certificate; systems thinking certification; systems thinking courses; systems thinking in business; what is system thinking,best critical thinking courses; best systems thinking courses; how to learn to think strategically; introduction to systems thinking; mit system dynamics course; mit systems thinking; mit systems thinking course online; mit xpro systems thinking; project management online course; project management training; software architecture course; system architecture course; system design; system design certification; system dynamics course; system engineering online course; system thinking training; systems thinking certification; systems thinking course; systems thinking mit; thinking in systems a primer; what is system thinking,best critical thinking courses; best systems thinking courses; how to learn to think strategically; introduction to systems thinking; learn product management; learn system architecture; mit system dynamics course; mit systems thinking; mit systems thinking course online; mit xpro systems thinking; project management cert; project management online course; project management training; software architecture course; system architecture course; system design; system design certification; system dynamics course; system engineering online course; system thinking training; systems thinking certificate; systems thinking certification; systems thinking course; systems thinking courses; systems thinking in business; systems thinking mit; thinking in systems a primer; what is system thinking,,,,,12,best critical thinking courses; best systems thinking courses; how to learn to think strategically; introduction to systems thinking; learn product management; learn system architecture; mit system dynamics course; mit systems thinking; mit systems thinking course online; mit xpro systems thinking; project management cert; project management online course; project management training; software architecture course; system architecture course; system design; system design certification; system dynamics course; system engineering online course; system thinking training; systems thinking certificate; systems thinking certification; systems thinking course; systems thinking courses; systems thinking in business; systems thinking mit; thinking in systems a primer; what is system thinking
ks_0007,,business systems courses; how to learn to think strategically; introduction to systems thinking; learn product management; learn system architecture; mit system dynamics group; mit systems thinking; mit xpro systems thinking; pmp training; product management certification; project management cert; project management online course; project management program; project management training; software architecture course; solve complex problems; system architecture course; system design; system design certification; system dynamics course; system engineering online course; system thinking training; systems thinking certificate; systems thinking certification; systems thinking courses; systems thinking in business; technical problem solving; technical project management; thinking in systems a primer; what is system thinking,best critical thinking courses; best systems thinking courses; how to learn to think strategically; introduction to systems thinking; learn product management; learn system architecture; mit system dynamics course; mit system dynamics group; mit systems thinking; mit systems thinking course online; mit xpro systems thinking; pmp training; project management cert; project management online course; project management program; project management training; software architecture course; solve complex problems; system architecture course; system design; system design certification; system dynamics course; system engineering online course; system thinking certification; system thinking training; systems thinking course; systems thinking in business; systems thinking mit; thinking in systems a primer; what is system thinking,best critical thinking courses; best systems thinking courses; business systems courses; how to learn to think strategically; introduction to systems thinking; learn product management; learn system architecture; mit system dynamics course; mit system dynamics group; mit systems thinking; mit systems thinking course online; mit xpro systems thinking; pmp training; product management certification; project management cert; project management online course; project management program; project management training; software architecture course; solve complex problems; system architecture course; system design; system design certification; system dynamics course; system engineering online course; system thinking certification; system thinking training; systems thinking certificate; systems thinking certification; systems thinking course; systems thinking courses; systems thinking in business; systems thinking mit; technical problem solving; technical project management; thinking in systems a primer; what is system thinking,,,,,13; 14; 15; 16; 17,best critical thinking courses; best systems thinking courses; business systems courses; how to learn to think strategically; introduction to systems thinking; learn product management; learn system architecture; mit system dynamics course; mit system dynamics group; mit systems thinking; mit systems thinking course online; mit xpro systems thinking; pmp training; product management certification; project management cert; project management online course; project management program; project management training; software architecture course; solve complex problems; system architecture course; system design; system design certification; system dynamics course; system engineering online course; system thinking certification; system thinking training; systems thinking certificate; systems thinking certification; systems thinking course; systems thinking courses; systems thinking in business; systems thinking mit; technical problem solving; technical project management; thinking in systems a primer; what is system thinking
ks_0008,,business systems courses; how to learn to think strategically; introduction to systems thinking; learn product management; project management cert; project management program; project management training; system architecture course; system design; system dynamics course; system engineering online course; systems thinking certificate; systems thinking certification; systems thinking courses; systems thinking in business; thinking in systems a primer; what is system thinking,best critical thinking courses; how to learn to think strategically; learn product management; mit system dynamics course; mit systems thinking; mit systems thinking course online; mit xpro systems thinking; project management cert; project management online course; project management program; project management training; software architecture course; system design; system design certification; system dynamics course; system thinking training; systems thinking course; systems thinking mit; thinking in systems a primer; what is system thinking,best critical thinking courses; business systems courses; how to learn to think strategically; introduction to systems thinking; learn product management; mit system dynamics course; mit systems thinking; mit systems thinking course online; mit xpro systems thinking; project management cert; project management online course; project management program; project management training; software architecture course; system architecture course; system design; system design certification; system dynamics course; system engineering online course; system thinking training; systems thinking certificate; systems thinking certification; systems thinking course; systems thinking courses; systems thinking in business; systems thinking mit; thinking in systems a primer; what is system thinking,,,,,18,best critical thinking courses; business systems courses; how to learn to think strategically; introduction to systems thinking; learn product management; mit system dynamics course; mit systems thinking; mit systems thinking course online; mit xpro systems thinking; project management cert; project management online course; project management program; project management training; software architecture course; system architecture course; system design; system design certification; system dynamics course; system engineering online course; system thinking training; systems thinking certificate; systems thinking certification; systems thinking course; systems thinking courses; systems thinking in business; systems thinking mit; thinking in systems a primer; what is system thinking
ks_0009,best critical thinking courses; best systems thinking courses; business systems course; introduction to systems thinking; project management cert; system design certification; system dynamics course; systems thinking course,,,best critical thinking courses; best systems thinking courses; business systems course; introduction to systems thinking; project management cert; system design certification; system dynamics course; systems thinking course,,,,,19; 20; 21,best critical thinking courses; best systems thinking courses; business systems course; introduction to systems thinking; project management cert; system design certification; system dynamics course; systems thinking course
ks_0010,,best critical thinking courses; business systems courses; how to learn to think strategically; introduction to systems thinking; learn product management; learn system architecture; mit system dynamics group; mit systems thinking; pmp training; product management certification; project management cert; project management online course; project management program; project management training; software architecture course; solve complex problems; system architecture course; system design; system design certification; system dynamics course; system engineering online course; system thinking training; systems thinking certificate; systems thinking certification; systems thinking courses; systems thinking in business; systems thinking mit; technical problem solving; technical project management; thinking in systems a primer; what is system thinking,best critical thinking courses; best systems thinking courses; business systems courses; how to learn to think strategically; introduction to systems thinking; learn product management; learn system architecture; mit system dynamics course; mit system dynamics group; mit systems thinking; mit systems thinking course online; mit xpro systems thinking; pmp training; project management cert; project management online course; project management program; project management training; software architecture course; solve complex problems; system architecture course; system design; system design certification; system dynamics course; system engineering online course; system thinking certification; system thinking training; systems thinking course; systems thinking in business; systems thinking mit; technical project management; thinking in systems a primer; what is system thinking,best critical thinking courses; best systems thinking courses; business systems courses; how to learn to think strategically; introduction to systems thinking; learn product management; learn system architecture; mit system dynamics course; mit system dynamics group; mit systems thinking; mit systems thinking course online; mit xpro systems thinking; pmp training; product management certification; project management cert; project management online course; project management program; project management training; software architecture course; solve complex problems; system architecture course; system design; system design certification; system dynamics course; system engineering online course; system thinking certification; system thinking training; systems thinking certificate; systems thinking certification; systems thinking course; systems thinking courses; systems thinking in business; systems thinking mit; technical problem solving; technical project management; thinking in systems a primer; what is system thinking,,,,,22; 23; 24; 25; 26,best critical thinking courses; best systems thinking courses; business systems courses; how to learn to think strategically; introduction to systems thinking; learn product management; learn system architecture; mit system dynamics course; mit system dynamics group; mit systems thinking; mit systems thinking course online; mit xpro systems thinking; pmp training; product management certification; project management cert; project management online course; project management program; project management training; software architecture course; solve complex problems; system architecture course; system design; system design certification; system dynamics course; system engineering online course; system thinking certification; system thinking training; systems thinking certificate; systems thinking certification; systems thinking course; systems thinking courses; systems thinking in business; systems thinking mit; technical problem solving; technical project management; thinking in systems a primer; what is system thinking
ks_0011,,,best critical thinking courses; how to learn to think strategically; introduction to systems thinking; mit system dynamics course; mit systems thinking; mit systems thinking course online; mit xpro systems thinking; project management cert; software architecture course; system dynamics course; system engineering online course; systems thinking course; systems thinking mit,best critical thinking courses; how to learn to think strategically; introduction to systems thinking; mit system dynamics course; mit systems thinking; mit systems thinking course online; mit xpro systems thinking; project management cert; software architecture course; system dynamics course; system engineering online course; systems thinking course; systems thinking mit,,,,,27,best critical thinking courses; how to learn to think strategically; introduction to systems thinking; mit system dynamics course; mit systems thinking; mit systems thinking course online; mit xpro systems thinking; project management cert; software architecture course; system dynamics course; system engineering online course; systems thinking course; systems thinking mit
ks_0012,system design certification; system dynamics course; systems thinking certificate; systems thinking course,business systems courses; how to learn to think strategically; introduction to systems thinking; learn product management; learn system architecture; mit system dynamics group; mit systems thinking; pmp training; project management cert; project management online course; project management program; project management training; solve complex problems; system architecture course; system design; system design certification; system dynamics course; system engineering online course; system thinking training; systems thinking certificate; systems thinking certification; systems thinking course; systems thinking courses; systems thinking in business; systems thinking mit; technical project management; thinking in systems a primer; what is system thinking,best critical thinking courses; best systems thinking courses; business systems course; how to learn to think strategically; introduction to systems thinking; mit system dynamics course; mit systems thinking; mit systems thinking course; mit systems thinking course online; mit xpro systems thinking; project management cert; software architecture course; system design certification; system dynamics course; system engineering online course; system thinking course; systems thinking certificate; systems thinking course; systems thinking mit,best critical thinking courses; best systems thinking courses; business systems course; business systems courses; how to learn to think strategically; introduction to systems thinking; learn product management; learn system architecture; mit system dynamics course; mit system dynamics group; mit systems thinking; mit systems thinking course; mit systems thinking course online; mit xpro systems thinking; pmp training; project management cert; project management online course; project management program; project management training; software architecture course; solve complex problems; system architecture course; system design; system design certification; system dynamics course; system engineering online course; system thinking course; system thinking training; systems thinking certificate; systems thinking certification; systems thinking course; systems thinking courses; systems thinking in business; systems thinking mit; technical project management; thinking in systems a primer; what is system thinking,,,,,28; 29,best critical thinking courses; best systems thinking courses; business systems course; business systems courses; how to learn to think strategically; introduction to systems thinking; learn product management; learn system architecture; mit system dynamics course; mit system dynamics group; mit systems thinking; mit systems thinking course; mit systems thinking course online; mit xpro systems thinking; pmp training; project management cert; project management online course; project management program; project management training; software architecture course; solve complex problems; system architecture course; system design; system design certification; system dynamics course; system engineering online course; system thinking course; system thinking training; systems thinking certificate; systems thinking certification; systems thinking course; systems thinking courses; systems thinking in business; systems thinking mit; technical project management; thinking in systems a primer; what is system thinking
ks_0013,,business systems courses; learn product management; mit systems thinking; system design; system engineering online course; systems thinking certificate; thinking in systems a primer; what is system thinking,best critical thinking courses; mit system dynamics course; mit systems thinking; mit systems thinking course,best critical thinking courses; business systems courses; learn product management; mit system dynamics course; mit systems thinking; mit systems thinking course; system design; system engineering online course; systems thinking certificate; thinking in systems a primer; what is system thinking,,,,,30,best critical thinking courses; business systems courses; learn product management; mit system dynamics course; mit systems thinking; mit systems thinking course; system design; system engineering online course; systems thinking certificate; thinking in systems a primer; what is system thinking
ks_0014,,learn system thinking; system architecture course; system engineering; system thinking certification; systems thinking course; what is system thinking,mit system dynamics course; mit systems thinking; mit systems thinking course online; project management training; system architecture course; system engineering; systems thinking course; systems thinking courses; systems thinking mit; what is system thinking,learn system thinking; mit system dynamics course; mit systems thinking; mit systems thinking course online; project management training; system architecture course; system engineering; system thinking certification; systems thinking course; systems thinking courses; systems thinking mit; what is system thinking,,,360 learning; 3d prototyping; 4 week certificate programs online; absorb lms; academy asana com; academy asana com workflow specialist; academy for systems change; aconex course online; acumen systems thinking course; advanced modeling; agicorp academy; agile courses; agile methodologies; agile project; agile project management; agile project management course; ai in systems engineering; ai project management course; ai project management courses; ai software engineer course; ai system design; ai systems performance engineering; alison course certificate; alison courses; altium pcb design course; alx academy courses; alx courses; alxafrica courses; an introduction to general systems thinking; analytical thinking and innovation skills; analytical thinking problem solving; applied systems thinking courses; apply mit edu; architect complex processes; ardiland institute of technology; asana; automation course; automation masters online; barry richmond systems thinking; basecamp; become a product manager by cole mercer; becoming an entrepreneur mit; best business certification programs; best certifications for it directors; best course in business analytics; best course on critical thinking; best course on system design; best courses for project management; best critical thinking courses; best free online project management courses with certificates; best leadership development program; best leadership training programs; best online certificate programs for project management; best online coding courses with certificates; best product management certification; best project management certification; best project management courses; best software architect certification; best system design book; best system design course; best systems thinking courses; best tech online courses; books; books for system design; books on systems thinking; brand management courses; business administration certifications; business administration level 2 course; business administration nqf 3; business analyst course; business classes online with certificates; business courses online with certificates; business dynamics; business leadership course; business leadership skills; business leadership training; business management course; business management courses; business management courses cape town; business management in service training; business management online short courses; business management short courses; business management training; business school e learning learnership smart lms; business strategy skills; business strategy training; business systems analyst courses; business systems course; business systems courses; business systems design; call center management course; can i get shrm credit for systems thinking course; can i learn it online; capm certification; career essentials certificate by microsoft and linkedin; carnegie mellon software architecture certification; certificate; certificate course on business management; certificate courses; certificate courses online; certificate for project; certificate in project management; certificate in systems engineering; certificate in systems thinking; certificate programs online; certificates for engineering students; certification; certification in agentic systems and design; certification mit; certification program in agentic systems and design; certified associate in project management capm; chicago booth leadership program; cisco courses online; class; class central; class central certificate; class central certificates; cleveland state university systems thinking course; clickup; cm certified manager; cm punjab it certification program 2025; cmu software architecture; codedamn courses; coding certificate course; coding classes online; coding course; coding courses; coding courses online; coding online courses; coding short courses online; company secretary course; complex adaptive systems training; complex problem solving; complex problem solving course; complex systems course online; complex systems mit; comptia a; computer course; computer course certificate free download; computer courses; computer courses online; computer hardware engineer courses; computer online classes; computer online courses; computer science certificate programs; computer software course; computer systems engineering vs computer science; computer technology course; construction courses unisa; construction foreman courses; construction management certificate; construction management course; construction management courses; construction management diploma online; construction manager certification; construction short courses online; continuous improvement certification online; control engineering online course; cornell systems thinking; corporate leadership training; corporate strategy for engineers; corporate strategy for technical professionals; corporate strategy skills; corporate strategy training; cost engineer certification; cost management courses; cours de gestion de projet en ligne gratuit; course; course on systems thinking; course system thinking quiz 1; course systems thinking; coursera and edx; coursera certificate; coursera edx; coursera project management; coursera system design; coursera systems engineering; courses of marketing management; courses on program management; courses on project management; courses on systems thinking; courses with certificates; create design system; create project plan; critical thinking and problem solving; critical thinking and problem solving course; critical thinking bot; critical thinking certification; critical thinking class; critical thinking com; critical thinking course; critical thinking course free; critical thinking mit; critical thinking online course; critical thinking practice; critical thinking short course; critical thinking skills; cs50; cs50 by harvard; cs50 edx; curso de dinamica de sistemas; curso scrum; dale carnegie leadership training; decision making courses online; degree; demand planning certification; demonstrating problem solving skills; design thinking certification; design thinking certification stanford; design thinking course; design thinking ibm; design thinking systems course nyc; designing data intensive applications; designing distributed systems; devops course; digiskill; digiskills; digiskills courses; digiskills registration; digital leadership program; digital management course online; digital project manager certification; digitaldefynd; digitalskill lms; dit course; does economics count as a systems thinking course; donella h meadows thinking in systems; drop servicing course; dynamic models; dynamic work design; e learning lms; e learning lms learnership; e learning lms learnership 2024; e learning lms learnership 2025; e learning lms learnership 2025 online application; e learning lms learnership application; e learning lms register; e learning lms registration; e lms; ecornell engineering leadership; edureka lms; edx; edx certificate; edx course; edx coursera; edx courses; edx cs50 introduction to computer science; edx cs50x; edx edu; edx get smarter; edx harvard courses; edx harvard mit; edx learning platform; edx mit; edx mit certificate; edx mit supply chain fundamentals; edx mitx; edx mooc org; edx online courses; edx org; edx supply chain; edx supply chain fundamentals; edx systems engineering; edx systems thinking; edx website; effective leadership; effective leadership program; effective leadership skills; effective team leadership for engineers; elearning lms; elearning lms learnership; elearning lms learnership 2025; elearning lms learnership 2025 online application; elearning lms learnership application; elearning lms learnerships; elearning lms registration; elearning platform courses; embedded programming course; embedded systems engineer certification; emotional intelligence training for engineers; empowering rural women through it training; engineering bursaries; engineering courses; engineering courses online; engineering leader; engineering leadership; engineering leadership certificate; engineering leadership course online; engineering leadership development; engineering leadership development program; engineering leadership program; engineering leadership skills; engineering leadership workshop; engineering management mit; engineering manager course; engineering manager skills; engineering manager training; engineering problem solving; engineering short courses; engineering systems thinking; enterprise application architecture; enterprise architecture certification; erp system certification; erp system learning; essential skills certificate for engineers; essential skills certificate for technical professionals; essential skills for engineers; essential skills for technical professionals; essential skills online course; essential skills training; ethio coders et certification; ethio coders et certification online; ethiocoders et courses; executive coaching certification; executive coaching course for engineers; executive coaching training; executive leadership development; executive leadership skills; executive leadership training; executive leadership training for engineers; executive leadership training for technical professionals; exercising leadership foundational principles harvard; fire; formation en gestion de projet; foundation of system thinking; foundations of project management by google; frank miano msb tutorial; free; free online business management courses with certificate of completion; free online certificate courses in business administration; free online course on project management; free online courses on systems thinking; free online management courses with certificates; free online project management course with certificate; free online project management courses; free online project management courses with certificates; free project management courses; free project management courses with certificates; free software engineering courses with certificate; free systems thinking course; free ux design course with certificate; freecodecamp courses; freecodecamp courses with certificate; freecodecamp full stack certification; front line leadership training; fully funded masters in project management; fundamental leadership and engineering competencies; futures thinking certification; futureskill elearning platform; geeksforgeeks courses; global it certifications; google career certificate program; google certificate courses; google certificate project management; google certification courses; google cybersecurity professional certificate; google cybersecurity professional certificate via coursera; google it support professional certificate; google it support professional certificate coursera; google management certificate; google management project certificate; google product management course; google project management certificate; google project management certificate coursera; google project management certification; google project management certification free; google project management course; google project management coursera; google project management professional certificate; google project management professional certificate reddit; graphic design systems thinking course; great learning academy; grokking system design; grow google certificate; grow google certificates cybersecurity; grow with google; grow with google courses; handbook of model based systems engineering; hansen leadership program; harvard edx; harvard leadership training; harvard mit online courses; harvard online courses; harvardx; high certificate in business management; how can i become a web designer; how can i get pmp certification; how to apply for massachusetts institute of technology; how to apply pmo; how to be a software developer; how to be an effective engineering manager; how to be good at problem solving; how to become a better strategist; how to become a it specialist; how to become a strategic thinker; how to become a systems engineer without a degree; how to become a tech expert; how to become a tech lead; how to create a system; how to create system; how to design a scalable system; how to develop my critical thinking skills; how to develop problem solving skills; how to develop problem solving skills in the workplace; how to do csm certification; how to do framework; how to gain problem solving skills; how to get into product management; how to improve critical thinking; how to improve logical thinking skills; how to improve problem solving skills; how to improve your logic building skills in programming; how to increase critical thinking; how to learn it at home; how to learn problem solving skills; how to learn system design; how to learn systems thinking; how to learn tech skills; how to learn to think strategically; how to solve algorithm problems; how to study for engineering classes; how to study it online; how to think in systems; how to think logically; how to train problem solving skills; howard cs50; hp certification courses; hris systems training; https learning upskillist com vodacom2; https ocw mit edu; https skills nutech edu pk; https www coursera org learn foundations of project management; https www edx org; https www edx org school harvardx; https www edx org school mitx; https www harvard edu online courses; https www tcsion com courses career edge; https www theforage com simulations cbre project management x2vz; hubspot academy revenue operations certification; hubspot crm courses; human centered systems thinking; i want to learn it; i want to learn programming; ibf funded courses systems thinking cpd hours; ibm business analyst professional certificate; ibm courses; ibm online courses; ibm skill build; ibm skillsbuild certificate; iceberg model of systems thinking; iceberg model systems thinking; ict online courses; ieee certificate; iit online courses; importance of organizational strategy; improve critical thinking; improve problem solving skills; industrial engineering online; information architecture certification; information architecture courses; information architecture degree; information technology online courses; information technology short courses online; infosys springboard courses; infrastructure architect course; innovation certificate online; innovation course; innovation management course; innovation strategy; innovation training courses; institute of project management certification; intellipaat; international business management institute ibmi; intro to deep learning mit; intro to project management google; introduction to project management alison; introduction to systems engineering; introduction to systems thinking; introduction to systems thinking course; isaca certified in risk and information systems control crisc; isee systems thinking course; it academy courses; it classes; it course; it courses; it courses in karachi; it courses online; it courses online south africa; it leadership development program; it leadership training; it online courses; it online courses in south africa; it project management methodologies; it short courses; it short courses online; it specialist school; it specialist training; it studies online; it training courses; key elements of organizational strategy; knowledge hub; knowledge learning platform; large scale project management; leadership and management; leadership and management courses; leadership and management courses harvard; leadership and management in engineering; leadership and management skills; leadership certificate; leadership classes; leadership course cornell; leadership course online; leadership courses; leadership courses harvard; leadership courses near me; leadership courses online; leadership development; leadership development courses; leadership development program; leadership development program jobs; leadership development training; leadership for engineering professionals; leadership for technical professionals; leadership for technical profssionals; leadership for technology professionals; leadership in engineering management; leadership management; leadership professional development; leadership seminars; leadership skills; leadership skills for engineers; leadership skills for technical professionals; leadership skills training; leadership training; leadership training certification; leadership training class; leadership training course; leadership training programs; leadership training topics; leading complex projects; leading effective teams; leading organizational change; lean methodologies; learn about systems; learn enterprise architecture; learn mit edu; learn problem solving; learn problem solving programming; learn product management; learn project management; learn rapid prototyping; learn skills; learn software architecture; learn software engineering; learn system architecture; learn system design; learn systems thinking; learn technical innovation; learn the latest tech skills; learner management systems; learning it online; learning management system; learning management system digiskills; learning project management; learning software engineering for beginners; learning system design; learning tcsionhub; learning to solve problems; learnvern; learnvern courses; linkedin learning systems thinking course; lms; lms digital skills; lms digital skills pk; lms le; lms learnership; lms learnership 2025; lms learnership application; lms learning management system; lms learning program; lms training application; lms training learning program 2026; lms training learning programme 2026; lms training program; logic courses; logical reasoning critical thinking mcqs; logical thinking training; logistics and supply chain management courses; logistics certificate; logistics certification; logistics course; logistics management; logistics management training; logistics online course; logistics simulation; logistics training; logistics training course; machine learning course for product managers; management; management skills; management skills online; management skills training; management training; management training for engineers; management training for technical professionals; management training topics; managerial leadership training; managing engineers; marketing management course; massachusetts institute of technology apply; master data structures and algorithms; masters; masters in construction management; masters in systems thinking; mbse mit; mckinsey project management; meta ios developer professional certificate; micro master supply chain management; micromaster mit supply chain; micromasters; micromasters in supply chain management mit; micromasters supply chain mit edx; microsoft certificate courses; microsoft certification courses; microsoft certified systems engineer; microsoft courses; microsoft courses with certificate; microsoft edx; microsoft fabric certification; mind laster com; mind luster; mind luster certificate; mind luster certificate value; mind luster co; mind luster com; mind luster come; mind luster con; mind luster course; mind luster courses; mindluster; mindluster com; mindluster come; mindluster courses; mindset training; mindtap; mindworx academy; mit application; mit beaver works; mit beaver works summer institute; mit business analytics program; mit bwsi beaver works summer institute; mit certificate courses; mit coding certificate; mit coding course; mit courses; mit cs courses; mit cto program; mit deep learning course; mit edx; mit edx courses; mit engineering certificate programs; mit full stack developer course; mit fundamentals of finance; mit idss; mit intro to deep learning; mit introduction to computational thinking and data science; mit introduction to technology engineering and science; mit launch; mit launchx summer program; mit leadership program; mit micromasters supply chain; mit mites; mit mites summer program; mit ocw system dynamics self study; mit ocw website; mit online courses with certificate; mit online degree; mit open course; mit open software; mit open ware course; mit opencourseware; mit opencourseware ai; mit opencourseware certificate; mit opencourseware com; mit opencourseware computer science; mit opencourseware lectures; mit opencourseware neuroscience; mit opencourseware ocw website; mit opencourseware physics; mit opencourseware system dynamics; mit opencourseware systems engineering; mit opencourseware systems thinking; mit opencourseware website; mit power electronics; mit pro; mit project management; mit project management certificate; mit project management course; mit project management simulation; mit research science institute rsi; mit sdm; mit sloan leadership; mit sloan online; mit sloan online courses; mit sloan school of management online courses; mit sloan system dynamics; mit summer engineering program; mit summer opportunities; mit summer program; mit summer programs; mit supply chain course; mit supply chain executive education; mit supply chain micromaster; mit supply chain micromasters; mit supply chain micromasters edx; mit system architecture; mit system dynamics; mit system dynamics group; mit system thinking; mit system thinking course; mit systems; mit systems dynamics; mit think; mit think scholars program; mit university courses; mit website; mit website login; mit xpro courses; mit xpro professional certificate in coding; mit xpro project management; mit xpro system thinking; mit xpro systems thinking course; mites minority introduction to engineering and science; mites summer program; mitopencourseware; mitopencourseware com; mitx edx; mitx micromasters credential in supply chain management; mitx micromasters in supply chain management; mitx micromasters supply chain; mitx micromasters supply chain management; mitx on edx; mitx online courses; mitx systems thinking; mobile system design book; modeling complex systems; monitoring and evaluation course; mooc gestion de projet; moocs courses; moodle learn; moodle learning management system lms; moodle training courses; moringa school; most popular leadership courses; mostec summer program; my business e learning platform; mygreatlearning; nanodegree; nanodegree program; network models; nita courses; northlink college; nptel; nptel courses; nptel online courses; ocw; ocw courses; ocw mit edu courses; ocw mit edu courses 6 s087 foundation; ocw mit edu index htm; ocw mit linear algebra; odin project; odin project certificate; office management course; omidyar systems thinking course; online ai courses with certificate; online business management courses; online business management courses south africa; online business strategy course; online certificate; online certificate courses; online class with certificate; online classes for it jobs; online classes it course; online coding classes; online coding classes with certificate; online college it courses; online computer class; online computer classes; online computer courses; online computer courses certificate; online computer courses with certificates; online computer science courses; online computer studies; online computer training; online computer training school; online course agile project management; online course for business management; online course in it; online course in project planning and management; online course management system; online course systems thinking; online course with certificate; online courses for it; online courses for plc programming; online courses for project management; online courses in kenya with certificates; online courses in mit; online courses on project management; online courses with certificate; online courses with certificates in kenya; online design thinking courses; online diploma courses in kenya; online erp course; online it courses in pakistan; online it courses with certificate; online it learning; online leadership certificate; online leadership course; online leadership program; online learnership lms; online learnerships for 2025 with stipend; online learning software; online logistics course; online management certificate programs; online management course; online management courses; online management information system; online masters in educational leadership; online masters in leadership; online mechanical engineering courses; online product management course; online project management certification; online project management course; online project management courses with certificates; online retail management courses; online short courses with certificate; online software training courses; online stanford courses; online system thinking course; online team building course; online team building program; online tech courses with certificates; online tech skills; online training courses with certificates; online training project management; online workshop with certificate; open course ware; open learning library mit; open learning mit; open moocs; open university systems thinking; open university systems thinking course; open university systems thinking free course; opencourseware; opencourseware mit; opencourseware ocw; operation management certificate; operations management certificate; organizational design course; organizational leadership; organizational leadership degree; organizational strategies; organizational strategy; organizational strategy certificate; organizational strategy examples; organizational strategy for engineers; organizational strategy for researchers; organizational strategy for scientists; organizational strategy for technical professionals; organizational strategy skills; organizational strategy structure and process; organizational strategy training; organizational strategy training for technical professionals; oxford strategic leadership programme; paksoft skill certificate; pega system architect; phd systems thinking; platform engineering course; pm4ngos exam; pmi certification; pmm course; pmo training; pmp; pmp certification; pmp certification cost; pmp certification in ethiopia; pmp certification requirements; pmp certifications; pmp exam fee in pakistan; pmp islamabad; pmp online course; pmp or prince2; pmp registration online; pmp training; powerpoint; ppt; primavera p6 course; prince 2 certificate; prince2 foundation certification; principles of system thinking; principles of systems; problem solving; problem solving and critical thinking; problem solving course; problem solving courses; problem solving in programming; problem solving practice; problem solving presentations; problem solving skills; problem solving techniques; process modeling in system analysis and design; product development courses; product management bootcamps; product management certificate; product management course; product management courses; product management online course; product management program; product management qualification; product management simulation; product management training; product management training course; product manager certificate; product school teachable; professional lms; professionalonline2 mit edu; profile; program; program coordinator courses; program management; program management certification; programing course; programs; progressive training development and projects; project config; project finance certification; project leadership course; project management; project management and business analysis courses; project management cert; project management certificate; project management certification; project management certification courses free; project management certification online mit; project management certification pmp; project management course drive google com; project management course in ethiopia; project management courses; project management courses by google; project management courses for freshers; project management courses in nigeria; project management courses online; project management courses with certificates; project management free course by google; project management free course with certificate; project management free online courses with certificates; project management leading organizations to success; project management learnership; project management learnership nqf level 5; project management maturity model; project management methodologies; project management online certificate; project management online course; project management online courses; project management online courses free; project management professional certification; project management professional online course; project management professional pmp; project management professional pmp certification free; project management short course; project management short courses; project management simulation; project management skills certification; project management study; project management techniques; project management training course; project manager certificate; project manager certification; project manager course; project plan; project planning courses; project procurement management; project success program; rapid design; rapid design online course; rapid prototyping; rapid prototyping online course; rapid prototyping services; retail management course; retail management short courses; revit course; revops certification; road transport management course; rotational product manager programs; sap s 4hana training; saylor org certificate; scaler academy; scrum; scrum master certification; scrum master certification exam; scrum master certification free; scrum master course; scrum master online course; scrum org certification; self paced courses; send online lms; senge systems thinking course; seta learning practitioner engineering programme; short courses business management; short it courses online; short management courses; short project management courses; simpl learn; simple learn skill up; simple learning skillup; simplify complex problems; simplify complex processes; simplilearn; simplilearn certificate; simplilearn com; simplilearn skill up; simplilearn skillup; simplilearn skillup certificate; simply learn; sites to learn it; skill certificate online; skill sprint e learning platform; skills; skills build; skills for a project manager; skillup by simplilearn; small business management course; smartpm training; soft skill certificate; soft skill certificate pakistan; soft skill training certificate pakistan; soft skills; soft skills for engineers; soft skills for technical professionals; soft skills training; software architect course; software architecture; software architecture certificate programs; software architecture patterns by mark richards pdf; software courses online; software development certificate; software development courses for beginners; software engineer course online; software engineering course online; software engineering short course; software online courses; software short courses; sololearn; solve complex problems; stanford leadership courses; stanford online courses; stanford online management courses; stanford problem solving; stanford product management course; stanford university online courses; start learning with edx; stella system dynamics; stem courses; store keeper course; store manager courses; stores and stock control courses; strategic innovation management; strategic learnership; strategic management skills; strategic management skills for technical professionals; strategic management training; strategic management training for technical professionals; strategic planning for engineers; strategic planning for technical professionals; strategic planning skills; strategic planning training; strategic skills training; strategic thinking; strategic thinking in complex problem solving; strategic thinking workshop; strategy and innovation; structured problem solving; study of systems; supervisor certificate course; supply chain fundamentals mit; supply chain logistics certificate; supply chain logistics online course; supply chain management mit edx; supply chain management short courses online; sysml; sysml tools; syspro training courses; system analysis and design; system analysis and design course; system archetypes; system architecture certification; system architecture program; system design; system design and architecture; system design and management mit; system design beginner; system design books; system design bootcamp; system design certification; system design certification course; system design course; system design course mit; system design courses; system design for managers; system design interview guide for software architecture udemy; system design interview pdf; system design masterclass; system design mit; system design program; system design thinking course; system development; system dynamics and response; system dynamics applications; system dynamics certificate; system dynamics course online; system dynamics mit; system dynamics modeling; system dynamics modeling examples; system dynamics online course; system dynamics review; system dynamics society; system dynamics tools; system dynamics training; system emergence; system engineer bootcamp; system engineer courses; system engineering course; system engineering course online; system engineering online course; system modeling course; system performance; system theory course; system think; system thinking; system thinking and analysis course description; system thinking book; system thinking certificate; system thinking course; system thinking course free; system thinking course outline; system thinking course singapore; system thinking coursera; system thinking courses; system thinking definition; system thinking design; system thinking examples; system thinking in technical environments; system thinking mit; system thinking mit course; system thinking online course; system thinking simulation; system work training; systematic thinking; systems architecture course; systems course; systems design course; systems design courses; systems design engineering; systems dynamic method; systems dynamics; systems dynamics society; systems engineer courses; systems engineering course mit; systems engineering courses online; systems engineering masters; systems engineering online courses; systems engineering process steps; systems engineering training courses; systems science masters; systems theory course; systems thinking; systems thinking and system dynamics; systems thinking application; systems thinking approach; systems thinking book; systems thinking certification; systems thinking certification program; systems thinking class; systems thinking college course; systems thinking competency course; systems thinking competency course mit; systems thinking course coursera; systems thinking course design best practices for professionals; systems thinking course design for professionals examples; systems thinking course design for professionals examples vietnam; systems thinking course design for professionals vietnam; systems thinking course free; systems thinking course harvard; systems thinking course hero; systems thinking course ice breaker; systems thinking course london; systems thinking course mit; systems thinking course onlin; systems thinking course online; systems thinking course outline; systems thinking course singapore; systems thinking course starr; systems thinking course syllabus; systems thinking course uk; systems thinking coursera; systems thinking courses australia; systems thinking courses online; systems thinking courses south africa; systems thinking courses uk; systems thinking education; systems thinking for engineers; systems thinking for managers; systems thinking for project managers; systems thinking for social change; systems thinking free course; systems thinking free online course; systems thinking in business; systems thinking in healthcare; systems thinking in healthcare course; systems thinking in practice; systems thinking in practice course; systems thinking leadership; systems thinking mit xpro; systems thinking mooc; systems thinking network; systems thinking online certificate; systems thinking online course; systems thinking pdf; systems thinking phd; systems thinking playbook pdf; systems thinking practitioner; systems thinking process improvement; systems thinking professional certificate; systems thinking professional certificate mit; systems thinking program mit xpro; systems thinking research; systems thinking short course; systems thinking standards institute; systems thinking stanford; systems thinking systems practice; systems thinking training; systems thinking training course; systems thinking training courses; systems thinking workshop; team building certificate; team building for engineers; team building for technical professionals; team building skills; team building training; team leader training; tech courses online; tech lead responsibilities; tech short courses; tech skills to learn; technical architecture courses; technical innovation; technical innovation certificate; technical innovation online course; technical innovation training; technical leadership; technical leadership certificate; technical leadership course; technical leadership development; technical leadership online program; technical leadership skills; technical leadership skills list; technical problem solving; technical product management; technical product manager training; technical program management; technical program management courses; technical project management; technical project management courses; technical project manager training; technology leadership program; technology workshops near me; the iceberg model of systems thinking; the mind luster; the odin project; the systems thinker; the v model systems engineering; think in systems; thinking in systems; thinking in systems a primer; thinking in systems course; thinking in systems donella meadows; thinking in systems pdf; thinking in systems summary; thinking skills; thinking skills questions; togaf course; top leadership development programs; top leadership training courses; top lms platforms 2024; top management training courses; training; training for critical thinking; training leadership program; training mbusoms co za; training program management; training think tank energy systems course; tvet colleges offering project management; types of leadership training; types of organizational strategy; udacity courses with certificate; udemy; udemy coursera; udemy courses; udemy edx; udemy online courses; university of kwazulu natal; university of technology pretoria; vanguard systems thinking course; waters center for systems thinking; web designing free course with certificate; website system design; what course transfer to wgu systems thinking; what course transfer to wgu systems thinking reddit; what courses count as systems thinking or systems engineering; what is agile methodology; what is agile project management; what is organizational strategy; what is radical innovation; what is system engineering; what is systems thinking; what is the concept of emergence; whats systems thinking; workshop; wpi system dynamics; www coursera org; www learnwithdexa com; www mindluster com; www ocw mit edu courses; www pmi org; www sdp edu za; www the programmers university com; xpro mit,360 learning; 3d prototyping; 4 week certificate programs online; absorb lms; academy asana com; academy asana com workflow specialist; academy for systems change; aconex course online; acumen systems thinking course; advanced modeling; agicorp academy; agile courses; agile methodologies; agile project; agile project management; agile project management course; ai in systems engineering; ai project management course; ai project management courses; ai software engineer course; ai system design; ai systems performance engineering; alison course certificate; alison courses; altium pcb design course; alx academy courses; alx courses; alxafrica courses; an introduction to general systems thinking; analytical thinking and innovation skills; analytical thinking problem solving; applied systems thinking courses; apply mit edu; architect complex processes; ardiland institute of technology; asana; automation course; automation masters online; barry richmond systems thinking; basecamp; become a product manager by cole mercer; becoming an entrepreneur mit; best business certification programs; best certifications for it directors; best course in business analytics; best course on critical thinking; best course on system design; best courses for project management; best critical thinking courses; best free online project management courses with certificates; best leadership development program; best leadership training programs; best online certificate programs for project management; best online coding courses with certificates; best product management certification; best project management certification; best project management courses; best software architect certification; best system design book; best system design course; best systems thinking courses; best tech online courses; books; books for system design; books on systems thinking; brand management courses; business administration certifications; business administration level 2 course; business administration nqf 3; business analyst course; business classes online with certificates; business courses online with certificates; business dynamics; business leadership course; business leadership skills; business leadership training; business management course; business management courses; business management courses cape town; business management in service training; business management online short courses; business management short courses; business management training; business school e learning learnership smart lms; business strategy skills; business strategy training; business systems analyst courses; business systems course; business systems courses; business systems design; call center management course; can i get shrm credit for systems thinking course; can i learn it online; capm certification; career essentials certificate by microsoft and linkedin; carnegie mellon software architecture certification; certificate; certificate course on business management; certificate courses; certificate courses online; certificate for project; certificate in project management; certificate in systems engineering; certificate in systems thinking; certificate programs online; certificates for engineering students; certification; certification in agentic systems and design; certification mit; certification program in agentic systems and design; certified associate in project management capm; chicago booth leadership program; cisco courses online; class; class central; class central certificate; class central certificates; cleveland state university systems thinking course; clickup; cm certified manager; cm punjab it certification program 2025; cmu software architecture; codedamn courses; coding certificate course; coding classes online; coding course; coding courses; coding courses online; coding online courses; coding short courses online; company secretary course; complex adaptive systems training; complex problem solving; complex problem solving course; complex systems course online; complex systems mit; comptia a; computer course; computer course certificate free download; computer courses; computer courses online; computer hardware engineer courses; computer online classes; computer online courses; computer science certificate programs; computer software course; computer systems engineering vs computer science; computer technology course; construction courses unisa; construction foreman courses; construction management certificate; construction management course; construction management courses; construction management diploma online; construction manager certification; construction short courses online; continuous improvement certification online; control engineering online course; cornell systems thinking; corporate leadership training; corporate strategy for engineers; corporate strategy for technical professionals; corporate strategy skills; corporate strategy training; cost engineer certification; cost management courses; cours de gestion de projet en ligne gratuit; course; course on systems thinking; course system thinking quiz 1; course systems thinking; coursera and edx; coursera certificate; coursera edx; coursera project management; coursera system design; coursera systems engineering; courses of marketing management; courses on program management; courses on project management; courses on systems thinking; courses with certificates; create design system; create project plan; critical thinking and problem solving; critical thinking and problem solving course; critical thinking bot; critical thinking certification; critical thinking class; critical thinking com; critical thinking course; critical thinking course free; critical thinking mit; critical thinking online course; critical thinking practice; critical thinking short course; critical thinking skills; cs50; cs50 by harvard; cs50 edx; curso de dinamica de sistemas; curso scrum; dale carnegie leadership training; decision making courses online; degree; demand planning certification; demonstrating problem solving skills; design thinking certification; design thinking certification stanford; design thinking course; design thinking ibm; design thinking systems course nyc; designing data intensive applications; designing distributed systems; devops course; digiskill; digiskills; digiskills courses; digiskills registration; digital leadership program; digital management course online; digital project manager certification; digitaldefynd; digitalskill lms; dit course; does economics count as a systems thinking course; donella h meadows thinking in systems; drop servicing course; dynamic models; dynamic work design; e learning lms; e learning lms learnership; e learning lms learnership 2024; e learning lms learnership 2025; e learning lms learnership 2025 online application; e learning lms learnership application; e learning lms register; e learning lms registration; e lms; ecornell engineering leadership; edureka lms; edx; edx certificate; edx course; edx coursera; edx courses; edx cs50 introduction to computer science; edx cs50x; edx edu; edx get smarter; edx harvard courses; edx harvard mit; edx learning platform; edx mit; edx mit certificate; edx mit supply chain fundamentals; edx mitx; edx mooc org; edx online courses; edx org; edx supply chain; edx supply chain fundamentals; edx systems engineering; edx systems thinking; edx website; effective leadership; effective leadership program; effective leadership skills; effective team leadership for engineers; elearning lms; elearning lms learnership; elearning lms learnership 2025; elearning lms learnership 2025 online application; elearning lms learnership application; elearning lms learnerships; elearning lms registration; elearning platform courses; embedded programming course; embedded systems engineer certification; emotional intelligence training for engineers; empowering rural women through it training; engineering bursaries; engineering courses; engineering courses online; engineering leader; engineering leadership; engineering leadership certificate; engineering leadership course online; engineering leadership development; engineering leadership development program; engineering leadership program; engineering leadership skills; engineering leadership workshop; engineering management mit; engineering manager course; engineering manager skills; engineering manager training; engineering problem solving; engineering short courses; engineering systems thinking; enterprise application architecture; enterprise architecture certification; erp system certification; erp system learning; essential skills certificate for engineers; essential skills certificate for technical professionals; essential skills for engineers; essential skills for technical professionals; essential skills online course; essential skills training; ethio coders et certification; ethio coders et certification online; ethiocoders et courses; executive coaching certification; executive coaching course for engineers; executive coaching training; executive leadership development; executive leadership skills; executive leadership training; executive leadership training for engineers; executive leadership training for technical professionals; exercising leadership foundational principles harvard; fire; formation en gestion de projet; foundation of system thinking; foundations of project management by google; frank miano msb tutorial; free; free online business management courses with certificate of completion; free online certificate courses in business administration; free online course on project management; free online courses on systems thinking; free online management courses with certificates; free online project management course with certificate; free online project management courses; free online project management courses with certificates; free project management courses; free project management courses with certificates; free software engineering courses with certificate; free systems thinking course; free ux design course with certificate; freecodecamp courses; freecodecamp courses with certificate; freecodecamp full stack certification; front line leadership training; fully funded masters in project management; fundamental leadership and engineering competencies; futures thinking certification; futureskill elearning platform; geeksforgeeks courses; global it certifications; google career certificate program; google certificate courses; google certificate project management; google certification courses; google cybersecurity professional certificate; google cybersecurity professional certificate via coursera; google it support professional certificate; google it support professional certificate coursera; google management certificate; google management project certificate; google product management course; google project management certificate; google project management certificate coursera; google project management certification; google project management certification free; google project management course; google project management coursera; google project management professional certificate; google project management professional certificate reddit; graphic design systems thinking course; great learning academy; grokking system design; grow google certificate; grow google certificates cybersecurity; grow with google; grow with google courses; handbook of model based systems engineering; hansen leadership program; harvard edx; harvard leadership training; harvard mit online courses; harvard online courses; harvardx; high certificate in business management; how can i become a web designer; how can i get pmp certification; how to apply for massachusetts institute of technology; how to apply pmo; how to be a software developer; how to be an effective engineering manager; how to be good at problem solving; how to become a better strategist; how to become a it specialist; how to become a strategic thinker; how to become a systems engineer without a degree; how to become a tech expert; how to become a tech lead; how to create a system; how to create system; how to design a scalable system; how to develop my critical thinking skills; how to develop problem solving skills; how to develop problem solving skills in the workplace; how to do csm certification; how to do framework; how to gain problem solving skills; how to get into product management; how to improve critical thinking; how to improve logical thinking skills; how to improve problem solving skills; how to improve your logic building skills in programming; how to increase critical thinking; how to learn it at home; how to learn problem solving skills; how to learn system design; how to learn systems thinking; how to learn tech skills; how to learn to think strategically; how to solve algorithm problems; how to study for engineering classes; how to study it online; how to think in systems; how to think logically; how to train problem solving skills; howard cs50; hp certification courses; hris systems training; https learning upskillist com vodacom2; https ocw mit edu; https skills nutech edu pk; https www coursera org learn foundations of project management; https www edx org; https www edx org school harvardx; https www edx org school mitx; https www harvard edu online courses; https www tcsion com courses career edge; https www theforage com simulations cbre project management x2vz; hubspot academy revenue operations certification; hubspot crm courses; human centered systems thinking; i want to learn it; i want to learn programming; ibf funded courses systems thinking cpd hours; ibm business analyst professional certificate; ibm courses; ibm online courses; ibm skill build; ibm skillsbuild certificate; iceberg model of systems thinking; iceberg model systems thinking; ict online courses; ieee certificate; iit online courses; importance of organizational strategy; improve critical thinking; improve problem solving skills; industrial engineering online; information architecture certification; information architecture courses; information architecture degree; information technology online courses; information technology short courses online; infosys springboard courses; infrastructure architect course; innovation certificate online; innovation course; innovation management course; innovation strategy; innovation training courses; institute of project management certification; intellipaat; international business management institute ibmi; intro to deep learning mit; intro to project management google; introduction to project management alison; introduction to systems engineering; introduction to systems thinking; introduction to systems thinking course; isaca certified in risk and information systems control crisc; isee systems thinking course; it academy courses; it classes; it course; it courses; it courses in karachi; it courses online; it courses online south africa; it leadership development program; it leadership training; it online courses; it online courses in south africa; it project management methodologies; it short courses; it short courses online; it specialist school; it specialist training; it studies online; it training courses; key elements of organizational strategy; knowledge hub; knowledge learning platform; large scale project management; leadership and management; leadership and management courses; leadership and management courses harvard; leadership and management in engineering; leadership and management skills; leadership certificate; leadership classes; leadership course cornell; leadership course online; leadership courses; leadership courses harvard; leadership courses near me; leadership courses online; leadership development; leadership development courses; leadership development program; leadership development program jobs; leadership development training; leadership for engineering professionals; leadership for technical professionals; leadership for technical profssionals; leadership for technology professionals; leadership in engineering management; leadership management; leadership professional development; leadership seminars; leadership skills; leadership skills for engineers; leadership skills for technical professionals; leadership skills training; leadership training; leadership training certification; leadership training class; leadership training course; leadership training programs; leadership training topics; leading complex projects; leading effective teams; leading organizational change; lean methodologies; learn about systems; learn enterprise architecture; learn mit edu; learn problem solving; learn problem solving programming; learn product management; learn project management; learn rapid prototyping; learn skills; learn software architecture; learn software engineering; learn system architecture; learn system design; learn systems thinking; learn technical innovation; learn the latest tech skills; learner management systems; learning it online; learning management system; learning management system digiskills; learning project management; learning software engineering for beginners; learning system design; learning tcsionhub; learning to solve problems; learnvern; learnvern courses; linkedin learning systems thinking course; lms; lms digital skills; lms digital skills pk; lms le; lms learnership; lms learnership 2025; lms learnership application; lms learning management system; lms learning program; lms training application; lms training learning program 2026; lms training learning programme 2026; lms training program; logic courses; logical reasoning critical thinking mcqs; logical thinking training; logistics and supply chain management courses; logistics certificate; logistics certification; logistics course; logistics management; logistics management training; logistics online course; logistics simulation; logistics training; logistics training course; machine learning course for product managers; management; management skills; management skills online; management skills training; management training; management training for engineers; management training for technical professionals; management training topics; managerial leadership training; managing engineers; marketing management course; massachusetts institute of technology apply; master data structures and algorithms; masters; masters in construction management; masters in systems thinking; mbse mit; mckinsey project management; meta ios developer professional certificate; micro master supply chain management; micromaster mit supply chain; micromasters; micromasters in supply chain management mit; micromasters supply chain mit edx; microsoft certificate courses; microsoft certification courses; microsoft certified systems engineer; microsoft courses; microsoft courses with certificate; microsoft edx; microsoft fabric certification; mind laster com; mind luster; mind luster certificate; mind luster certificate value; mind luster co; mind luster com; mind luster come; mind luster con; mind luster course; mind luster courses; mindluster; mindluster com; mindluster come; mindluster courses; mindset training; mindtap; mindworx academy; mit application; mit beaver works; mit beaver works summer institute; mit business analytics program; mit bwsi beaver works summer institute; mit certificate courses; mit coding certificate; mit coding course; mit courses; mit cs courses; mit cto program; mit deep learning course; mit edx; mit edx courses; mit engineering certificate programs; mit full stack developer course; mit fundamentals of finance; mit idss; mit intro to deep learning; mit introduction to computational thinking and data science; mit introduction to technology engineering and science; mit launch; mit launchx summer program; mit leadership program; mit micromasters supply chain; mit mites; mit mites summer program; mit ocw system dynamics self study; mit ocw website; mit online courses with certificate; mit online degree; mit open course; mit open software; mit open ware course; mit opencourseware; mit opencourseware ai; mit opencourseware certificate; mit opencourseware com; mit opencourseware computer science; mit opencourseware lectures; mit opencourseware neuroscience; mit opencourseware ocw website; mit opencourseware physics; mit opencourseware system dynamics; mit opencourseware systems engineering; mit opencourseware systems thinking; mit opencourseware website; mit power electronics; mit pro; mit project management; mit project management certificate; mit project management course; mit project management simulation; mit research science institute rsi; mit sdm; mit sloan leadership; mit sloan online; mit sloan online courses; mit sloan school of management online courses; mit sloan system dynamics; mit summer engineering program; mit summer opportunities; mit summer program; mit summer programs; mit supply chain course; mit supply chain executive education; mit supply chain micromaster; mit supply chain micromasters; mit supply chain micromasters edx; mit system architecture; mit system dynamics; mit system dynamics group; mit system thinking; mit system thinking course; mit systems; mit systems dynamics; mit think; mit think scholars program; mit university courses; mit website; mit website login; mit xpro courses; mit xpro professional certificate in coding; mit xpro project management; mit xpro system thinking; mit xpro systems thinking course; mites minority introduction to engineering and science; mites summer program; mitopencourseware; mitopencourseware com; mitx edx; mitx micromasters credential in supply chain management; mitx micromasters in supply chain management; mitx micromasters supply chain; mitx micromasters supply chain management; mitx on edx; mitx online courses; mitx systems thinking; mobile system design book; modeling complex systems; monitoring and evaluation course; mooc gestion de projet; moocs courses; moodle learn; moodle learning management system lms; moodle training courses; moringa school; most popular leadership courses; mostec summer program; my business e learning platform; mygreatlearning; nanodegree; nanodegree program; network models; nita courses; northlink college; nptel; nptel courses; nptel online courses; ocw; ocw courses; ocw mit edu courses; ocw mit edu courses 6 s087 foundation; ocw mit edu index htm; ocw mit linear algebra; odin project; odin project certificate; office management course; omidyar systems thinking course; online ai courses with certificate; online business management courses; online business management courses south africa; online business strategy course; online certificate; online certificate courses; online class with certificate; online classes for it jobs; online classes it course; online coding classes; online coding classes with certificate; online college it courses; online computer class; online computer classes; online computer courses; online computer courses certificate; online computer courses with certificates; online computer science courses; online computer studies; online computer training; online computer training school; online course agile project management; online course for business management; online course in it; online course in project planning and management; online course management system; online course systems thinking; online course with certificate; online courses for it; online courses for plc programming; online courses for project management; online courses in kenya with certificates; online courses in mit; online courses on project management; online courses with certificate; online courses with certificates in kenya; online design thinking courses; online diploma courses in kenya; online erp course; online it courses in pakistan; online it courses with certificate; online it learning; online leadership certificate; online leadership course; online leadership program; online learnership lms; online learnerships for 2025 with stipend; online learning software; online logistics course; online management certificate programs; online management course; online management courses; online management information system; online masters in educational leadership; online masters in leadership; online mechanical engineering courses; online product management course; online project management certification; online project management course; online project management courses with certificates; online retail management courses; online short courses with certificate; online software training courses; online stanford courses; online system thinking course; online team building course; online team building program; online tech courses with certificates; online tech skills; online training courses with certificates; online training project management; online workshop with certificate; open course ware; open learning library mit; open learning mit; open moocs; open university systems thinking; open university systems thinking course; open university systems thinking free course; opencourseware; opencourseware mit; opencourseware ocw; operation management certificate; operations management certificate; organizational design course; organizational leadership; organizational leadership degree; organizational strategies; organizational strategy; organizational strategy certificate; organizational strategy examples; organizational strategy for engineers; organizational strategy for researchers; organizational strategy for scientists; organizational strategy for technical professionals; organizational strategy skills; organizational strategy structure and process; organizational strategy training; organizational strategy training for technical professionals; oxford strategic leadership programme; paksoft skill certificate; pega system architect; phd systems thinking; platform engineering course; pm4ngos exam; pmi certification; pmm course; pmo training; pmp; pmp certification; pmp certification cost; pmp certification in ethiopia; pmp certification requirements; pmp certifications; pmp exam fee in pakistan; pmp islamabad; pmp online course; pmp or prince2; pmp registration online; pmp training; powerpoint; ppt; primavera p6 course; prince 2 certificate; prince2 foundation certification; principles of system thinking; principles of systems; problem solving; problem solving and critical thinking; problem solving course; problem solving courses; problem solving in programming; problem solving practice; problem solving presentations; problem solving skills; problem solving techniques; process modeling in system analysis and design; product development courses; product management bootcamps; product management certificate; product management course; product management courses; product management online course; product management program; product management qualification; product management simulation; product management training; product management training course; product manager certificate; product school teachable; professional lms; professionalonline2 mit edu; profile; program; program coordinator courses; program management; program management certification; programing course; programs; progressive training development and projects; project config; project finance certification; project leadership course; project management; project management and business analysis courses; project management cert; project management certificate; project management certification; project management certification courses free; project management certification online mit; project management certification pmp; project management course drive google com; project management course in ethiopia; project management courses; project management courses by google; project management courses for freshers; project management courses in nigeria; project management courses online; project management courses with certificates; project management free course by google; project management free course with certificate; project management free online courses with certificates; project management leading organizations to success; project management learnership; project management learnership nqf level 5; project management maturity model; project management methodologies; project management online certificate; project management online course; project management online courses; project management online courses free; project management professional certification; project management professional online course; project management professional pmp; project management professional pmp certification free; project management short course; project management short courses; project management simulation; project management skills certification; project management study; project management techniques; project management training course; project manager certificate; project manager certification; project manager course; project plan; project planning courses; project procurement management; project success program; rapid design; rapid design online course; rapid prototyping; rapid prototyping online course; rapid prototyping services; retail management course; retail management short courses; revit course; revops certification; road transport management course; rotational product manager programs; sap s 4hana training; saylor org certificate; scaler academy; scrum; scrum master certification; scrum master certification exam; scrum master certification free; scrum master course; scrum master online course; scrum org certification; self paced courses; send online lms; senge systems thinking course; seta learning practitioner engineering programme; short courses business management; short it courses online; short management courses; short project management courses; simpl learn; simple learn skill up; simple learning skillup; simplify complex problems; simplify complex processes; simplilearn; simplilearn certificate; simplilearn com; simplilearn skill up; simplilearn skillup; simplilearn skillup certificate; simply learn; sites to learn it; skill certificate online; skill sprint e learning platform; skills; skills build; skills for a project manager; skillup by simplilearn; small business management course; smartpm training; soft skill certificate; soft skill certificate pakistan; soft skill training certificate pakistan; soft skills; soft skills for engineers; soft skills for technical professionals; soft skills training; software architect course; software architecture; software architecture certificate programs; software architecture patterns by mark richards pdf; software courses online; software development certificate; software development courses for beginners; software engineer course online; software engineering course online; software engineering short course; software online courses; software short courses; sololearn; solve complex problems; stanford leadership courses; stanford online courses; stanford online management courses; stanford problem solving; stanford product management course; stanford university online courses; start learning with edx; stella system dynamics; stem courses; store keeper course; store manager courses; stores and stock control courses; strategic innovation management; strategic learnership; strategic management skills; strategic management skills for technical professionals; strategic management training; strategic management training for technical professionals; strategic planning for engineers; strategic planning for technical professionals; strategic planning skills; strategic planning training; strategic skills training; strategic thinking; strategic thinking in complex problem solving; strategic thinking workshop; strategy and innovation; structured problem solving; study of systems; supervisor certificate course; supply chain fundamentals mit; supply chain logistics certificate; supply chain logistics online course; supply chain management mit edx; supply chain management short courses online; sysml; sysml tools; syspro training courses; system analysis and design; system analysis and design course; system archetypes; system architecture certification; system architecture program; system design; system design and architecture; system design and management mit; system design beginner; system design books; system design bootcamp; system design certification; system design certification course; system design course; system design course mit; system design courses; system design for managers; system design interview guide for software architecture udemy; system design interview pdf; system design masterclass; system design mit; system design program; system design thinking course; system development; system dynamics and response; system dynamics applications; system dynamics certificate; system dynamics course online; system dynamics mit; system dynamics modeling; system dynamics modeling examples; system dynamics online course; system dynamics review; system dynamics society; system dynamics tools; system dynamics training; system emergence; system engineer bootcamp; system engineer courses; system engineering course; system engineering course online; system engineering online course; system modeling course; system performance; system theory course; system think; system thinking; system thinking and analysis course description; system thinking book; system thinking certificate; system thinking course; system thinking course free; system thinking course outline; system thinking course singapore; system thinking coursera; system thinking courses; system thinking definition; system thinking design; system thinking examples; system thinking in technical environments; system thinking mit; system thinking mit course; system thinking online course; system thinking simulation; system work training; systematic thinking; systems architecture course; systems course; systems design course; systems design courses; systems design engineering; systems dynamic method; systems dynamics; systems dynamics society; systems engineer courses; systems engineering course mit; systems engineering courses online; systems engineering masters; systems engineering online courses; systems engineering process steps; systems engineering training courses; systems science masters; systems theory course; systems thinking; systems thinking and system dynamics; systems thinking application; systems thinking approach; systems thinking book; systems thinking certification; systems thinking certification program; systems thinking class; systems thinking college course; systems thinking competency course; systems thinking competency course mit; systems thinking course coursera; systems thinking course design best practices for professionals; systems thinking course design for professionals examples; systems thinking course design for professionals examples vietnam; systems thinking course design for professionals vietnam; systems thinking course free; systems thinking course harvard; systems thinking course hero; systems thinking course ice breaker; systems thinking course london; systems thinking course mit; systems thinking course onlin; systems thinking course online; systems thinking course outline; systems thinking course singapore; systems thinking course starr; systems thinking course syllabus; systems thinking course uk; systems thinking coursera; systems thinking courses australia; systems thinking courses online; systems thinking courses south africa; systems thinking courses uk; systems thinking education; systems thinking for engineers; systems thinking for managers; systems thinking for project managers; systems thinking for social change; systems thinking free course; systems thinking free online course; systems thinking in business; systems thinking in healthcare; systems thinking in healthcare course; systems thinking in practice; systems thinking in practice course; systems thinking leadership; systems thinking mit xpro; systems thinking mooc; systems thinking network; systems thinking online certificate; systems thinking online course; systems thinking pdf; systems thinking phd; systems thinking playbook pdf; systems thinking practitioner; systems thinking process improvement; systems thinking professional certificate; systems thinking professional certificate mit; systems thinking program mit xpro; systems thinking research; systems thinking short course; systems thinking standards institute; systems thinking stanford; systems thinking systems practice; systems thinking training; systems thinking training course; systems thinking training courses; systems thinking workshop; team building certificate; team building for engineers; team building for technical professionals; team building skills; team building training; team leader training; tech courses online; tech lead responsibilities; tech short courses; tech skills to learn; technical architecture courses; technical innovation; technical innovation certificate; technical innovation online course; technical innovation training; technical leadership; technical leadership certificate; technical leadership course; technical leadership development; technical leadership online program; technical leadership skills; technical leadership skills list; technical problem solving; technical product management; technical product manager training; technical program management; technical program management courses; technical project management; technical project management courses; technical project manager training; technology leadership program; technology workshops near me; the iceberg model of systems thinking; the mind luster; the odin project; the systems thinker; the v model systems engineering; think in systems; thinking in systems; thinking in systems a primer; thinking in systems course; thinking in systems donella meadows; thinking in systems pdf; thinking in systems summary; thinking skills; thinking skills questions; togaf course; top leadership development programs; top leadership training courses; top lms platforms 2024; top management training courses; training; training for critical thinking; training leadership program; training mbusoms co za; training program management; training think tank energy systems course; tvet colleges offering project management; types of leadership training; types of organizational strategy; udacity courses with certificate; udemy; udemy coursera; udemy courses; udemy edx; udemy online courses; university of kwazulu natal; university of technology pretoria; vanguard systems thinking course; waters center for systems thinking; web designing free course with certificate; website system design; what course transfer to wgu systems thinking; what course transfer to wgu systems thinking reddit; what courses count as systems thinking or systems engineering; what is agile methodology; what is agile project management; what is organizational strategy; what is radical innovation; what is system engineering; what is systems thinking; what is the concept of emergence; whats systems thinking; workshop; wpi system dynamics; www coursera org; www learnwithdexa com; www mindluster com; www ocw mit edu courses; www pmi org; www sdp edu za; www the programmers university com; xpro mit,31,learn system thinking; mit system dynamics course; mit systems thinking; mit systems thinking course online; project management training; system architecture course; system engineering; system thinking certification; systems thinking course; systems thinking courses; systems thinking mit; what is system thinking
ks_0015,,learn system thinking; mit systems thinking; mit systems thinking course online; project management course; project management program; project management training; system architecture course; system dynamics; system engineering; system models; system thinking certification; system thinking training; systems thinking course; systems thinking mit; what is system thinking,learn system thinking; mit system dynamics course; mit systems thinking; mit systems thinking course; mit systems thinking course online; mit xpro systems thinking; system architecture course; system dynamics; system dynamics course; system engineering; systems thinking certificate; systems thinking course; what is system thinking,learn system thinking; mit system dynamics course; mit systems thinking; mit systems thinking course; mit systems thinking course online; mit xpro systems thinking; project management course; project management program; project management training; system architecture course; system dynamics; system dynamics course; system engineering; system models; system thinking certification; system thinking training; systems thinking certificate; systems thinking course; systems thinking mit; what is system thinking,,,360 learning; 3d prototyping; 4 week certificate programs online; absorb lms; academy asana com; academy asana com workflow specialist; academy for systems change; aconex course online; acumen systems thinking course; advanced modeling; agicorp academy; agile courses; agile methodologies; agile project; agile project management; agile project management course; ai in systems engineering; ai project management course; ai project management courses; ai software engineer course; ai system design; ai systems performance engineering; alison course certificate; alison courses; altium pcb design course; alx academy courses; alx courses; alxafrica courses; an introduction to general systems thinking; analytical thinking and innovation skills; analytical thinking problem solving; applied systems thinking courses; apply mit edu; architect complex processes; ardiland institute of technology; asana; automation course; automation masters online; barry richmond systems thinking; basecamp; become a product manager by cole mercer; becoming an entrepreneur mit; best business certification programs; best certifications for it directors; best course in business analytics; best course on critical thinking; best course on system design; best courses for project management; best critical thinking courses; best free online project management courses with certificates; best leadership development program; best leadership training programs; best online certificate programs for project management; best online coding courses with certificates; best product management certification; best project management certification; best project management courses; best software architect certification; best system design book; best system design course; best systems thinking courses; best tech online courses; books; books for system design; books on systems thinking; brand management courses; business administration certifications; business administration level 2 course; business administration nqf 3; business analyst course; business classes online with certificates; business courses online with certificates; business dynamics; business leadership course; business leadership skills; business leadership training; business management course; business management courses; business management courses cape town; business management in service training; business management online short courses; business management short courses; business management training; business school e learning learnership smart lms; business strategy skills; business strategy training; business systems analyst courses; business systems course; business systems courses; business systems design; call center management course; can i get shrm credit for systems thinking course; can i learn it online; capm certification; career essentials certificate by microsoft and linkedin; carnegie mellon software architecture certification; certificate; certificate course on business management; certificate courses; certificate courses online; certificate for project; certificate in project management; certificate in systems engineering; certificate in systems thinking; certificate programs online; certificates for engineering students; certification; certification in agentic systems and design; certification mit; certification program in agentic systems and design; certified associate in project management capm; chicago booth leadership program; cisco courses online; class; class central; class central certificate; class central certificates; cleveland state university systems thinking course; clickup; cm certified manager; cm punjab it certification program 2025; cmu software architecture; codedamn courses; coding certificate course; coding classes online; coding course; coding courses; coding courses online; coding online courses; coding short courses online; company secretary course; complex adaptive systems training; complex problem solving; complex problem solving course; complex systems course online; complex systems mit; comptia a; computer course; computer course certificate free download; computer courses; computer courses online; computer hardware engineer courses; computer online classes; computer online courses; computer science certificate programs; computer software course; computer systems engineering vs computer science; computer technology course; construction courses unisa; construction foreman courses; construction management certificate; construction management course; construction management courses; construction management diploma online; construction manager certification; construction short courses online; continuous improvement certification online; control engineering online course; cornell systems thinking; corporate leadership training; corporate strategy for engineers; corporate strategy for technical professionals; corporate strategy skills; corporate strategy training; cost engineer certification; cost management courses; cours de gestion de projet en ligne gratuit; course; course on systems thinking; course system thinking quiz 1; course systems thinking; coursera and edx; coursera certificate; coursera edx; coursera project management; coursera system design; coursera systems engineering; courses of marketing management; courses on program management; courses on project management; courses on systems thinking; courses with certificates; create design system; create project plan; critical thinking and problem solving; critical thinking and problem solving course; critical thinking bot; critical thinking certification; critical thinking class; critical thinking com; critical thinking course; critical thinking course free; critical thinking mit; critical thinking online course; critical thinking practice; critical thinking short course; critical thinking skills; cs50; cs50 by harvard; cs50 edx; curso de dinamica de sistemas; curso scrum; dale carnegie leadership training; decision making courses online; degree; demand planning certification; demonstrating problem solving skills; design thinking certification; design thinking certification stanford; design thinking course; design thinking ibm; design thinking systems course nyc; designing data intensive applications; designing distributed systems; devops course; digiskill; digiskills; digiskills courses; digiskills registration; digital leadership program; digital management course online; digital project manager certification; digitaldefynd; digitalskill lms; dit course; does economics count as a systems thinking course; donella h meadows thinking in systems; drop servicing course; dynamic models; dynamic work design; e learning lms; e learning lms learnership; e learning lms learnership 2024; e learning lms learnership 2025; e learning lms learnership 2025 online application; e learning lms learnership application; e learning lms register; e learning lms registration; e lms; ecornell engineering leadership; edureka lms; edx; edx certificate; edx course; edx coursera; edx courses; edx cs50 introduction to computer science; edx cs50x; edx edu; edx get smarter; edx harvard courses; edx harvard mit; edx learning platform; edx mit; edx mit certificate; edx mit supply chain fundamentals; edx mitx; edx mooc org; edx online courses; edx org; edx supply chain; edx supply chain fundamentals; edx systems engineering; edx systems thinking; edx website; effective leadership; effective leadership program; effective leadership skills; effective team leadership for engineers; elearning lms; elearning lms learnership; elearning lms learnership 2025; elearning lms learnership 2025 online application; elearning lms learnership application; elearning lms learnerships; elearning lms registration; elearning platform courses; embedded programming course; embedded systems engineer certification; emotional intelligence training for engineers; empowering rural women through it training; engineering bursaries; engineering courses; engineering courses online; engineering leader; engineering leadership; engineering leadership certificate; engineering leadership course online; engineering leadership development; engineering leadership development program; engineering leadership program; engineering leadership skills; engineering leadership workshop; engineering management mit; engineering manager course; engineering manager skills; engineering manager training; engineering problem solving; engineering short courses; engineering systems thinking; enterprise application architecture; enterprise architecture certification; erp system certification; erp system learning; essential skills certificate for engineers; essential skills certificate for technical professionals; essential skills for engineers; essential skills for technical professionals; essential skills online course; essential skills training; ethio coders et certification; ethio coders et certification online; ethiocoders et courses; executive coaching certification; executive coaching course for engineers; executive coaching training; executive leadership development; executive leadership skills; executive leadership training; executive leadership training for engineers; executive leadership training for technical professionals; exercising leadership foundational principles harvard; fire; formation en gestion de projet; foundation of system thinking; foundations of project management by google; frank miano msb tutorial; free; free online business management courses with certificate of completion; free online certificate courses in business administration; free online course on project management; free online courses on systems thinking; free online management courses with certificates; free online project management course with certificate; free online project management courses; free online project management courses with certificates; free project management courses; free project management courses with certificates; free software engineering courses with certificate; free systems thinking course; free ux design course with certificate; freecodecamp courses; freecodecamp courses with certificate; freecodecamp full stack certification; front line leadership training; fully funded masters in project management; fundamental leadership and engineering competencies; futures thinking certification; futureskill elearning platform; geeksforgeeks courses; global it certifications; google career certificate program; google certificate courses; google certificate project management; google certification courses; google cybersecurity professional certificate; google cybersecurity professional certificate via coursera; google it support professional certificate; google it support professional certificate coursera; google management certificate; google management project certificate; google product management course; google project management certificate; google project management certificate coursera; google project management certification; google project management certification free; google project management course; google project management coursera; google project management professional certificate; google project management professional certificate reddit; graphic design systems thinking course; great learning academy; grokking system design; grow google certificate; grow google certificates cybersecurity; grow with google; grow with google courses; handbook of model based systems engineering; hansen leadership program; harvard edx; harvard leadership training; harvard mit online courses; harvard online courses; harvardx; high certificate in business management; how can i become a web designer; how can i get pmp certification; how to apply for massachusetts institute of technology; how to apply pmo; how to be a software developer; how to be an effective engineering manager; how to be good at problem solving; how to become a better strategist; how to become a it specialist; how to become a strategic thinker; how to become a systems engineer without a degree; how to become a tech expert; how to become a tech lead; how to create a system; how to create system; how to design a scalable system; how to develop my critical thinking skills; how to develop problem solving skills; how to develop problem solving skills in the workplace; how to do csm certification; how to do framework; how to gain problem solving skills; how to get into product management; how to improve critical thinking; how to improve logical thinking skills; how to improve problem solving skills; how to improve your logic building skills in programming; how to increase critical thinking; how to learn it at home; how to learn problem solving skills; how to learn system design; how to learn systems thinking; how to learn tech skills; how to learn to think strategically; how to solve algorithm problems; how to study for engineering classes; how to study it online; how to think in systems; how to think logically; how to train problem solving skills; howard cs50; hp certification courses; hris systems training; https learning upskillist com vodacom2; https ocw mit edu; https skills nutech edu pk; https www coursera org learn foundations of project management; https www edx org; https www edx org school harvardx; https www edx org school mitx; https www harvard edu online courses; https www tcsion com courses career edge; https www theforage com simulations cbre project management x2vz; hubspot academy revenue operations certification; hubspot crm courses; human centered systems thinking; i want to learn it; i want to learn programming; ibf funded courses systems thinking cpd hours; ibm business analyst professional certificate; ibm courses; ibm online courses; ibm skill build; ibm skillsbuild certificate; iceberg model of systems thinking; iceberg model systems thinking; ict online courses; ieee certificate; iit online courses; importance of organizational strategy; improve critical thinking; improve problem solving skills; industrial engineering online; information architecture certification; information architecture courses; information architecture degree; information technology online courses; information technology short courses online; infosys springboard courses; infrastructure architect course; innovation certificate online; innovation course; innovation management course; innovation strategy; innovation training courses; institute of project management certification; intellipaat; international business management institute ibmi; intro to deep learning mit; intro to project management google; introduction to project management alison; introduction to systems engineering; introduction to systems thinking; introduction to systems thinking course; isaca certified in risk and information systems control crisc; isee systems thinking course; it academy courses; it classes; it course; it courses; it courses in karachi; it courses online; it courses online south africa; it leadership development program; it leadership training; it online courses; it online courses in south africa; it project management methodologies; it short courses; it short courses online; it specialist school; it specialist training; it studies online; it training courses; key elements of organizational strategy; knowledge hub; knowledge learning platform; large scale project management; leadership and management; leadership and management courses; leadership and management courses harvard; leadership and management in engineering; leadership and management skills; leadership certificate; leadership classes; leadership course cornell; leadership course online; leadership courses; leadership courses harvard; leadership courses near me; leadership courses online; leadership development; leadership development courses; leadership development program; leadership development program jobs; leadership development training; leadership for engineering professionals; leadership for technical professionals; leadership for technical profssionals; leadership for technology professionals; leadership in engineering management; leadership management; leadership professional development; leadership seminars; leadership skills; leadership skills for engineers; leadership skills for technical professionals; leadership skills training; leadership training; leadership training certification; leadership training class; leadership training course; leadership training programs; leadership training topics; leading complex projects; leading effective teams; leading organizational change; lean methodologies; learn about systems; learn enterprise architecture; learn mit edu; learn problem solving; learn problem solving programming; learn product management; learn project management; learn rapid prototyping; learn skills; learn software architecture; learn software engineering; learn system architecture; learn system design; learn systems thinking; learn technical innovation; learn the latest tech skills; learner management systems; learning it online; learning management system; learning management system digiskills; learning project management; learning software engineering for beginners; learning system design; learning tcsionhub; learning to solve problems; learnvern; learnvern courses; linkedin learning systems thinking course; lms; lms digital skills; lms digital skills pk; lms le; lms learnership; lms learnership 2025; lms learnership application; lms learning management system; lms learning program; lms training application; lms training learning program 2026; lms training learning programme 2026; lms training program; logic courses; logical reasoning critical thinking mcqs; logical thinking training; logistics and supply chain management courses; logistics certificate; logistics certification; logistics course; logistics management; logistics management training; logistics online course; logistics simulation; logistics training; logistics training course; machine learning course for product managers; management; management skills; management skills online; management skills training; management training; management training for engineers; management training for technical professionals; management training topics; managerial leadership training; managing engineers; marketing management course; massachusetts institute of technology apply; master data structures and algorithms; masters; masters in construction management; masters in systems thinking; mbse mit; mckinsey project management; meta ios developer professional certificate; micro master supply chain management; micromaster mit supply chain; micromasters; micromasters in supply chain management mit; micromasters supply chain mit edx; microsoft certificate courses; microsoft certification courses; microsoft certified systems engineer; microsoft courses; microsoft courses with certificate; microsoft edx; microsoft fabric certification; mind laster com; mind luster; mind luster certificate; mind luster certificate value; mind luster co; mind luster com; mind luster come; mind luster con; mind luster course; mind luster courses; mindluster; mindluster com; mindluster come; mindluster courses; mindset training; mindtap; mindworx academy; mit application; mit beaver works; mit beaver works summer institute; mit business analytics program; mit bwsi beaver works summer institute; mit certificate courses; mit coding certificate; mit coding course; mit courses; mit cs courses; mit cto program; mit deep learning course; mit edx; mit edx courses; mit engineering certificate programs; mit full stack developer course; mit fundamentals of finance; mit idss; mit intro to deep learning; mit introduction to computational thinking and data science; mit introduction to technology engineering and science; mit launch; mit launchx summer program; mit leadership program; mit micromasters supply chain; mit mites; mit mites summer program; mit ocw system dynamics self study; mit ocw website; mit online courses with certificate; mit online degree; mit open course; mit open software; mit open ware course; mit opencourseware; mit opencourseware ai; mit opencourseware certificate; mit opencourseware com; mit opencourseware computer science; mit opencourseware lectures; mit opencourseware neuroscience; mit opencourseware ocw website; mit opencourseware physics; mit opencourseware system dynamics; mit opencourseware systems engineering; mit opencourseware systems thinking; mit opencourseware website; mit power electronics; mit pro; mit project management; mit project management certificate; mit project management course; mit project management simulation; mit research science institute rsi; mit sdm; mit sloan leadership; mit sloan online; mit sloan online courses; mit sloan school of management online courses; mit sloan system dynamics; mit summer engineering program; mit summer opportunities; mit summer program; mit summer programs; mit supply chain course; mit supply chain executive education; mit supply chain micromaster; mit supply chain micromasters; mit supply chain micromasters edx; mit system architecture; mit system dynamics; mit system dynamics group; mit system thinking; mit system thinking course; mit systems; mit systems dynamics; mit think; mit think scholars program; mit university courses; mit website; mit website login; mit xpro courses; mit xpro professional certificate in coding; mit xpro project management; mit xpro system thinking; mit xpro systems thinking course; mites minority introduction to engineering and science; mites summer program; mitopencourseware; mitopencourseware com; mitx edx; mitx micromasters credential in supply chain management; mitx micromasters in supply chain management; mitx micromasters supply chain; mitx micromasters supply chain management; mitx on edx; mitx online courses; mitx systems thinking; mobile system design book; modeling complex systems; monitoring and evaluation course; mooc gestion de projet; moocs courses; moodle learn; moodle learning management system lms; moodle training courses; moringa school; most popular leadership courses; mostec summer program; my business e learning platform; mygreatlearning; nanodegree; nanodegree program; network models; nita courses; northlink college; nptel; nptel courses; nptel online courses; ocw; ocw courses; ocw mit edu courses; ocw mit edu courses 6 s087 foundation; ocw mit edu index htm; ocw mit linear algebra; odin project; odin project certificate; office management course; omidyar systems thinking course; online ai courses with certificate; online business management courses; online business management courses south africa; online business strategy course; online certificate; online certificate courses; online class with certificate; online classes for it jobs; online classes it course; online coding classes; online coding classes with certificate; online college it courses; online computer class; online computer classes; online computer courses; online computer courses certificate; online computer courses with certificates; online computer science courses; online computer studies; online computer training; online computer training school; online course agile project management; online course for business management; online course in it; online course in project planning and management; online course management system; online course systems thinking; online course with certificate; online courses for it; online courses for plc programming; online courses for project management; online courses in kenya with certificates; online courses in mit; online courses on project management; online courses with certificate; online courses with certificates in kenya; online design thinking courses; online diploma courses in kenya; online erp course; online it courses in pakistan; online it courses with certificate; online it learning; online leadership certificate; online leadership course; online leadership program; online learnership lms; online learnerships for 2025 with stipend; online learning software; online logistics course; online management certificate programs; online management course; online management courses; online management information system; online masters in educational leadership; online masters in leadership; online mechanical engineering courses; online product management course; online project management certification; online project management course; online project management courses with certificates; online retail management courses; online short courses with certificate; online software training courses; online stanford courses; online system thinking course; online team building course; online team building program; online tech courses with certificates; online tech skills; online training courses with certificates; online training project management; online workshop with certificate; open course ware; open learning library mit; open learning mit; open moocs; open university systems thinking; open university systems thinking course; open university systems thinking free course; opencourseware; opencourseware mit; opencourseware ocw; operation management certificate; operations management certificate; organizational design course; organizational leadership; organizational leadership degree; organizational strategies; organizational strategy; organizational strategy certificate; organizational strategy examples; organizational strategy for engineers; organizational strategy for researchers; organizational strategy for scientists; organizational strategy for technical professionals; organizational strategy skills; organizational strategy structure and process; organizational strategy training; organizational strategy training for technical professionals; oxford strategic leadership programme; paksoft skill certificate; pega system architect; phd systems thinking; platform engineering course; pm4ngos exam; pmi certification; pmm course; pmo training; pmp; pmp certification; pmp certification cost; pmp certification in ethiopia; pmp certification requirements; pmp certifications; pmp exam fee in pakistan; pmp islamabad; pmp online course; pmp or prince2; pmp registration online; pmp training; powerpoint; ppt; primavera p6 course; prince 2 certificate; prince2 foundation certification; principles of system thinking; principles of systems; problem solving; problem solving and critical thinking; problem solving course; problem solving courses; problem solving in programming; problem solving practice; problem solving presentations; problem solving skills; problem solving techniques; process modeling in system analysis and design; product development courses; product management bootcamps; product management certificate; product management course; product management courses; product management online course; product management program; product management qualification; product management simulation; product management training; product management training course; product manager certificate; product school teachable; professional lms; professionalonline2 mit edu; profile; program; program coordinator courses; program management; program management certification; programing course; programs; progressive training development and projects; project config; project finance certification; project leadership course; project management; project management and business analysis courses; project management cert; project management certificate; project management certification; project management certification courses free; project management certification online mit; project management certification pmp; project management course drive google com; project management course in ethiopia; project management courses; project management courses by google; project management courses for freshers; project management courses in nigeria; project management courses online; project management courses with certificates; project management free course by google; project management free course with certificate; project management free online courses with certificates; project management leading organizations to success; project management learnership; project management learnership nqf level 5; project management maturity model; project management methodologies; project management online certificate; project management online course; project management online courses; project management online courses free; project management professional certification; project management professional online course; project management professional pmp; project management professional pmp certification free; project management short course; project management short courses; project management simulation; project management skills certification; project management study; project management techniques; project management training course; project manager certificate; project manager certification; project manager course; project plan; project planning courses; project procurement management; project success program; rapid design; rapid design online course; rapid prototyping; rapid prototyping online course; rapid prototyping services; retail management course; retail management short courses; revit course; revops certification; road transport management course; rotational product manager programs; sap s 4hana training; saylor org certificate; scaler academy; scrum; scrum master certification; scrum master certification exam; scrum master certification free; scrum master course; scrum master online course; scrum org certification; self paced courses; send online lms; senge systems thinking course; seta learning practitioner engineering programme; short courses business management; short it courses online; short management courses; short project management courses; simpl learn; simple learn skill up; simple learning skillup; simplify complex problems; simplify complex processes; simplilearn; simplilearn certificate; simplilearn com; simplilearn skill up; simplilearn skillup; simplilearn skillup certificate; simply learn; sites to learn it; skill certificate online; skill sprint e learning platform; skills; skills build; skills for a project manager; skillup by simplilearn; small business management course; smartpm training; soft skill certificate; soft skill certificate pakistan; soft skill training certificate pakistan; soft skills; soft skills for engineers; soft skills for technical professionals; soft skills training; software architect course; software architecture; software architecture certificate programs; software architecture patterns by mark richards pdf; software courses online; software development certificate; software development courses for beginners; software engineer course online; software engineering course online; software engineering short course; software online courses; software short courses; sololearn; solve complex problems; stanford leadership courses; stanford online courses; stanford online management courses; stanford problem solving; stanford product management course; stanford university online courses; start learning with edx; stella system dynamics; stem courses; store keeper course; store manager courses; stores and stock control courses; strategic innovation management; strategic learnership; strategic management skills; strategic management skills for technical professionals; strategic management training; strategic management training for technical professionals; strategic planning for engineers; strategic planning for technical professionals; strategic planning skills; strategic planning training; strategic skills training; strategic thinking; strategic thinking in complex problem solving; strategic thinking workshop; strategy and innovation; structured problem solving; study of systems; supervisor certificate course; supply chain fundamentals mit; supply chain logistics certificate; supply chain logistics online course; supply chain management mit edx; supply chain management short courses online; sysml; sysml tools; syspro training courses; system analysis and design; system analysis and design course; system archetypes; system architecture certification; system architecture program; system design; system design and architecture; system design and management mit; system design beginner; system design books; system design bootcamp; system design certification; system design certification course; system design course; system design course mit; system design courses; system design for managers; system design interview guide for software architecture udemy; system design interview pdf; system design masterclass; system design mit; system design program; system design thinking course; system development; system dynamics and response; system dynamics applications; system dynamics certificate; system dynamics course online; system dynamics mit; system dynamics modeling; system dynamics modeling examples; system dynamics online course; system dynamics review; system dynamics society; system dynamics tools; system dynamics training; system emergence; system engineer bootcamp; system engineer courses; system engineering course; system engineering course online; system engineering online course; system modeling course; system performance; system theory course; system think; system thinking; system thinking and analysis course description; system thinking book; system thinking certificate; system thinking course; system thinking course free; system thinking course outline; system thinking course singapore; system thinking coursera; system thinking courses; system thinking definition; system thinking design; system thinking examples; system thinking in technical environments; system thinking mit; system thinking mit course; system thinking online course; system thinking simulation; system work training; systematic thinking; systems architecture course; systems course; systems design course; systems design courses; systems design engineering; systems dynamic method; systems dynamics; systems dynamics society; systems engineer courses; systems engineering course mit; systems engineering courses online; systems engineering masters; systems engineering online courses; systems engineering process steps; systems engineering training courses; systems science masters; systems theory course; systems thinking; systems thinking and system dynamics; systems thinking application; systems thinking approach; systems thinking book; systems thinking certification; systems thinking certification program; systems thinking class; systems thinking college course; systems thinking competency course; systems thinking competency course mit; systems thinking course coursera; systems thinking course design best practices for professionals; systems thinking course design for professionals examples; systems thinking course design for professionals examples vietnam; systems thinking course design for professionals vietnam; systems thinking course free; systems thinking course harvard; systems thinking course hero; systems thinking course ice breaker; systems thinking course london; systems thinking course mit; systems thinking course onlin; systems thinking course online; systems thinking course outline; systems thinking course singapore; systems thinking course starr; systems thinking course syllabus; systems thinking course uk; systems thinking coursera; systems thinking courses australia; systems thinking courses online; systems thinking courses south africa; systems thinking courses uk; systems thinking education; systems thinking for engineers; systems thinking for managers; systems thinking for project managers; systems thinking for social change; systems thinking free course; systems thinking free online course; systems thinking in business; systems thinking in healthcare; systems thinking in healthcare course; systems thinking in practice; systems thinking in practice course; systems thinking leadership; systems thinking mit xpro; systems thinking mooc; systems thinking network; systems thinking online certificate; systems thinking online course; systems thinking pdf; systems thinking phd; systems thinking playbook pdf; systems thinking practitioner; systems thinking process improvement; systems thinking professional certificate; systems thinking professional certificate mit; systems thinking program mit xpro; systems thinking research; systems thinking short course; systems thinking standards institute; systems thinking stanford; systems thinking systems practice; systems thinking training; systems thinking training course; systems thinking training courses; systems thinking workshop; team building certificate; team building for engineers; team building for technical professionals; team building skills; team building training; team leader training; tech courses online; tech lead responsibilities; tech short courses; tech skills to learn; technical architecture courses; technical innovation; technical innovation certificate; technical innovation online course; technical innovation training; technical leadership; technical leadership certificate; technical leadership course; technical leadership development; technical leadership online program; technical leadership skills; technical leadership skills list; technical problem solving; technical product management; technical product manager training; technical program management; technical program management courses; technical project management; technical project management courses; technical project manager training; technology leadership program; technology workshops near me; the iceberg model of systems thinking; the mind luster; the odin project; the systems thinker; the v model systems engineering; think in systems; thinking in systems; thinking in systems a primer; thinking in systems course; thinking in systems donella meadows; thinking in systems pdf; thinking in systems summary; thinking skills; thinking skills questions; togaf course; top leadership development programs; top leadership training courses; top lms platforms 2024; top management training courses; training; training for critical thinking; training leadership program; training mbusoms co za; training program management; training think tank energy systems course; tvet colleges offering project management; types of leadership training; types of organizational strategy; udacity courses with certificate; udemy; udemy coursera; udemy courses; udemy edx; udemy online courses; university of kwazulu natal; university of technology pretoria; vanguard systems thinking course; waters center for systems thinking; web designing free course with certificate; website system design; what course transfer to wgu systems thinking; what course transfer to wgu systems thinking reddit; what courses count as systems thinking or systems engineering; what is agile methodology; what is agile project management; what is organizational strategy; what is radical innovation; what is system engineering; what is systems thinking; what is the concept of emergence; whats systems thinking; workshop; wpi system dynamics; www coursera org; www learnwithdexa com; www mindluster com; www ocw mit edu courses; www pmi org; www sdp edu za; www the programmers university com; xpro mit,360 learning; 3d prototyping; 4 week certificate programs online; absorb lms; academy asana com; academy asana com workflow specialist; academy for systems change; aconex course online; acumen systems thinking course; advanced modeling; agicorp academy; agile courses; agile methodologies; agile project; agile project management; agile project management course; ai in systems engineering; ai project management course; ai project management courses; ai software engineer course; ai system design; ai systems performance engineering; alison course certificate; alison courses; altium pcb design course; alx academy courses; alx courses; alxafrica courses; an introduction to general systems thinking; analytical thinking and innovation skills; analytical thinking problem solving; applied systems thinking courses; apply mit edu; architect complex processes; ardiland institute of technology; asana; automation course; automation masters online; barry richmond systems thinking; basecamp; become a product manager by cole mercer; becoming an entrepreneur mit; best business certification programs; best certifications for it directors; best course in business analytics; best course on critical thinking; best course on system design; best courses for project management; best critical thinking courses; best free online project management courses with certificates; best leadership development program; best leadership training programs; best online certificate programs for project management; best online coding courses with certificates; best product management certification; best project management certification; best project management courses; best software architect certification; best system design book; best system design course; best systems thinking courses; best tech online courses; books; books for system design; books on systems thinking; brand management courses; business administration certifications; business administration level 2 course; business administration nqf 3; business analyst course; business classes online with certificates; business courses online with certificates; business dynamics; business leadership course; business leadership skills; business leadership training; business management course; business management courses; business management courses cape town; business management in service training; business management online short courses; business management short courses; business management training; business school e learning learnership smart lms; business strategy skills; business strategy training; business systems analyst courses; business systems course; business systems courses; business systems design; call center management course; can i get shrm credit for systems thinking course; can i learn it online; capm certification; career essentials certificate by microsoft and linkedin; carnegie mellon software architecture certification; certificate; certificate course on business management; certificate courses; certificate courses online; certificate for project; certificate in project management; certificate in systems engineering; certificate in systems thinking; certificate programs online; certificates for engineering students; certification; certification in agentic systems and design; certification mit; certification program in agentic systems and design; certified associate in project management capm; chicago booth leadership program; cisco courses online; class; class central; class central certificate; class central certificates; cleveland state university systems thinking course; clickup; cm certified manager; cm punjab it certification program 2025; cmu software architecture; codedamn courses; coding certificate course; coding classes online; coding course; coding courses; coding courses online; coding online courses; coding short courses online; company secretary course; complex adaptive systems training; complex problem solving; complex problem solving course; complex systems course online; complex systems mit; comptia a; computer course; computer course certificate free download; computer courses; computer courses online; computer hardware engineer courses; computer online classes; computer online courses; computer science certificate programs; computer software course; computer systems engineering vs computer science; computer technology course; construction courses unisa; construction foreman courses; construction management certificate; construction management course; construction management courses; construction management diploma online; construction manager certification; construction short courses online; continuous improvement certification online; control engineering online course; cornell systems thinking; corporate leadership training; corporate strategy for engineers; corporate strategy for technical professionals; corporate strategy skills; corporate strategy training; cost engineer certification; cost management courses; cours de gestion de projet en ligne gratuit; course; course on systems thinking; course system thinking quiz 1; course systems thinking; coursera and edx; coursera certificate; coursera edx; coursera project management; coursera system design; coursera systems engineering; courses of marketing management; courses on program management; courses on project management; courses on systems thinking; courses with certificates; create design system; create project plan; critical thinking and problem solving; critical thinking and problem solving course; critical thinking bot; critical thinking certification; critical thinking class; critical thinking com; critical thinking course; critical thinking course free; critical thinking mit; critical thinking online course; critical thinking practice; critical thinking short course; critical thinking skills; cs50; cs50 by harvard; cs50 edx; curso de dinamica de sistemas; curso scrum; dale carnegie leadership training; decision making courses online; degree; demand planning certification; demonstrating problem solving skills; design thinking certification; design thinking certification stanford; design thinking course; design thinking ibm; design thinking systems course nyc; designing data intensive applications; designing distributed systems; devops course; digiskill; digiskills; digiskills courses; digiskills registration; digital leadership program; digital management course online; digital project manager certification; digitaldefynd; digitalskill lms; dit course; does economics count as a systems thinking course; donella h meadows thinking in systems; drop servicing course; dynamic models; dynamic work design; e learning lms; e learning lms learnership; e learning lms learnership 2024; e learning lms learnership 2025; e learning lms learnership 2025 online application; e learning lms learnership application; e learning lms register; e learning lms registration; e lms; ecornell engineering leadership; edureka lms; edx; edx certificate; edx course; edx coursera; edx courses; edx cs50 introduction to computer science; edx cs50x; edx edu; edx get smarter; edx harvard courses; edx harvard mit; edx learning platform; edx mit; edx mit certificate; edx mit supply chain fundamentals; edx mitx; edx mooc org; edx online courses; edx org; edx supply chain; edx supply chain fundamentals; edx systems engineering; edx systems thinking; edx website; effective leadership; effective leadership program; effective leadership skills; effective team leadership for engineers; elearning lms; elearning lms learnership; elearning lms learnership 2025; elearning lms learnership 2025 online application; elearning lms learnership application; elearning lms learnerships; elearning lms registration; elearning platform courses; embedded programming course; embedded systems engineer certification; emotional intelligence training for engineers; empowering rural women through it training; engineering bursaries; engineering courses; engineering courses online; engineering leader; engineering leadership; engineering leadership certificate; engineering leadership course online; engineering leadership development; engineering leadership development program; engineering leadership program; engineering leadership skills; engineering leadership workshop; engineering management mit; engineering manager course; engineering manager skills; engineering manager training; engineering problem solving; engineering short courses; engineering systems thinking; enterprise application architecture; enterprise architecture certification; erp system certification; erp system learning; essential skills certificate for engineers; essential skills certificate for technical professionals; essential skills for engineers; essential skills for technical professionals; essential skills online course; essential skills training; ethio coders et certification; ethio coders et certification online; ethiocoders et courses; executive coaching certification; executive coaching course for engineers; executive coaching training; executive leadership development; executive leadership skills; executive leadership training; executive leadership training for engineers; executive leadership training for technical professionals; exercising leadership foundational principles harvard; fire; formation en gestion de projet; foundation of system thinking; foundations of project management by google; frank miano msb tutorial; free; free online business management courses with certificate of completion; free online certificate courses in business administration; free online course on project management; free online courses on systems thinking; free online management courses with certificates; free online project management course with certificate; free online project management courses; free online project management courses with certificates; free project management courses; free project management courses with certificates; free software engineering courses with certificate; free systems thinking course; free ux design course with certificate; freecodecamp courses; freecodecamp courses with certificate; freecodecamp full stack certification; front line leadership training; fully funded masters in project management; fundamental leadership and engineering competencies; futures thinking certification; futureskill elearning platform; geeksforgeeks courses; global it certifications; google career certificate program; google certificate courses; google certificate project management; google certification courses; google cybersecurity professional certificate; google cybersecurity professional certificate via coursera; google it support professional certificate; google it support professional certificate coursera; google management certificate; google management project certificate; google product management course; google project management certificate; google project management certificate coursera; google project management certification; google project management certification free; google project management course; google project management coursera; google project management professional certificate; google project management professional certificate reddit; graphic design systems thinking course; great learning academy; grokking system design; grow google certificate; grow google certificates cybersecurity; grow with google; grow with google courses; handbook of model based systems engineering; hansen leadership program; harvard edx; harvard leadership training; harvard mit online courses; harvard online courses; harvardx; high certificate in business management; how can i become a web designer; how can i get pmp certification; how to apply for massachusetts institute of technology; how to apply pmo; how to be a software developer; how to be an effective engineering manager; how to be good at problem solving; how to become a better strategist; how to become a it specialist; how to become a strategic thinker; how to become a systems engineer without a degree; how to become a tech expert; how to become a tech lead; how to create a system; how to create system; how to design a scalable system; how to develop my critical thinking skills; how to develop problem solving skills; how to develop problem solving skills in the workplace; how to do csm certification; how to do framework; how to gain problem solving skills; how to get into product management; how to improve critical thinking; how to improve logical thinking skills; how to improve problem solving skills; how to improve your logic building skills in programming; how to increase critical thinking; how to learn it at home; how to learn problem solving skills; how to learn system design; how to learn systems thinking; how to learn tech skills; how to learn to think strategically; how to solve algorithm problems; how to study for engineering classes; how to study it online; how to think in systems; how to think logically; how to train problem solving skills; howard cs50; hp certification courses; hris systems training; https learning upskillist com vodacom2; https ocw mit edu; https skills nutech edu pk; https www coursera org learn foundations of project management; https www edx org; https www edx org school harvardx; https www edx org school mitx; https www harvard edu online courses; https www tcsion com courses career edge; https www theforage com simulations cbre project management x2vz; hubspot academy revenue operations certification; hubspot crm courses; human centered systems thinking; i want to learn it; i want to learn programming; ibf funded courses systems thinking cpd hours; ibm business analyst professional certificate; ibm courses; ibm online courses; ibm skill build; ibm skillsbuild certificate; iceberg model of systems thinking; iceberg model systems thinking; ict online courses; ieee certificate; iit online courses; importance of organizational strategy; improve critical thinking; improve problem solving skills; industrial engineering online; information architecture certification; information architecture courses; information architecture degree; information technology online courses; information technology short courses online; infosys springboard courses; infrastructure architect course; innovation certificate online; innovation course; innovation management course; innovation strategy; innovation training courses; institute of project management certification; intellipaat; international business management institute ibmi; intro to deep learning mit; intro to project management google; introduction to project management alison; introduction to systems engineering; introduction to systems thinking; introduction to systems thinking course; isaca certified in risk and information systems control crisc; isee systems thinking course; it academy courses; it classes; it course; it courses; it courses in karachi; it courses online; it courses online south africa; it leadership development program; it leadership training; it online courses; it online courses in south africa; it project management methodologies; it short courses; it short courses online; it specialist school; it specialist training; it studies online; it training courses; key elements of organizational strategy; knowledge hub; knowledge learning platform; large scale project management; leadership and management; leadership and management courses; leadership and management courses harvard; leadership and management in engineering; leadership and management skills; leadership certificate; leadership classes; leadership course cornell; leadership course online; leadership courses; leadership courses harvard; leadership courses near me; leadership courses online; leadership development; leadership development courses; leadership development program; leadership development program jobs; leadership development training; leadership for engineering professionals; leadership for technical professionals; leadership for technical profssionals; leadership for technology professionals; leadership in engineering management; leadership management; leadership professional development; leadership seminars; leadership skills; leadership skills for engineers; leadership skills for technical professionals; leadership skills training; leadership training; leadership training certification; leadership training class; leadership training course; leadership training programs; leadership training topics; leading complex projects; leading effective teams; leading organizational change; lean methodologies; learn about systems; learn enterprise architecture; learn mit edu; learn problem solving; learn problem solving programming; learn product management; learn project management; learn rapid prototyping; learn skills; learn software architecture; learn software engineering; learn system architecture; learn system design; learn systems thinking; learn technical innovation; learn the latest tech skills; learner management systems; learning it online; learning management system; learning management system digiskills; learning project management; learning software engineering for beginners; learning system design; learning tcsionhub; learning to solve problems; learnvern; learnvern courses; linkedin learning systems thinking course; lms; lms digital skills; lms digital skills pk; lms le; lms learnership; lms learnership 2025; lms learnership application; lms learning management system; lms learning program; lms training application; lms training learning program 2026; lms training learning programme 2026; lms training program; logic courses; logical reasoning critical thinking mcqs; logical thinking training; logistics and supply chain management courses; logistics certificate; logistics certification; logistics course; logistics management; logistics management training; logistics online course; logistics simulation; logistics training; logistics training course; machine learning course for product managers; management; management skills; management skills online; management skills training; management training; management training for engineers; management training for technical professionals; management training topics; managerial leadership training; managing engineers; marketing management course; massachusetts institute of technology apply; master data structures and algorithms; masters; masters in construction management; masters in systems thinking; mbse mit; mckinsey project management; meta ios developer professional certificate; micro master supply chain management; micromaster mit supply chain; micromasters; micromasters in supply chain management mit; micromasters supply chain mit edx; microsoft certificate courses; microsoft certification courses; microsoft certified systems engineer; microsoft courses; microsoft courses with certificate; microsoft edx; microsoft fabric certification; mind laster com; mind luster; mind luster certificate; mind luster certificate value; mind luster co; mind luster com; mind luster come; mind luster con; mind luster course; mind luster courses; mindluster; mindluster com; mindluster come; mindluster courses; mindset training; mindtap; mindworx academy; mit application; mit beaver works; mit beaver works summer institute; mit business analytics program; mit bwsi beaver works summer institute; mit certificate courses; mit coding certificate; mit coding course; mit courses; mit cs courses; mit cto program; mit deep learning course; mit edx; mit edx courses; mit engineering certificate programs; mit full stack developer course; mit fundamentals of finance; mit idss; mit intro to deep learning; mit introduction to computational thinking and data science; mit introduction to technology engineering and science; mit launch; mit launchx summer program; mit leadership program; mit micromasters supply chain; mit mites; mit mites summer program; mit ocw system dynamics self study; mit ocw website; mit online courses with certificate; mit online degree; mit open course; mit open software; mit open ware course; mit opencourseware; mit opencourseware ai; mit opencourseware certificate; mit opencourseware com; mit opencourseware computer science; mit opencourseware lectures; mit opencourseware neuroscience; mit opencourseware ocw website; mit opencourseware physics; mit opencourseware system dynamics; mit opencourseware systems engineering; mit opencourseware systems thinking; mit opencourseware website; mit power electronics; mit pro; mit project management; mit project management certificate; mit project management course; mit project management simulation; mit research science institute rsi; mit sdm; mit sloan leadership; mit sloan online; mit sloan online courses; mit sloan school of management online courses; mit sloan system dynamics; mit summer engineering program; mit summer opportunities; mit summer program; mit summer programs; mit supply chain course; mit supply chain executive education; mit supply chain micromaster; mit supply chain micromasters; mit supply chain micromasters edx; mit system architecture; mit system dynamics; mit system dynamics group; mit system thinking; mit system thinking course; mit systems; mit systems dynamics; mit think; mit think scholars program; mit university courses; mit website; mit website login; mit xpro courses; mit xpro professional certificate in coding; mit xpro project management; mit xpro system thinking; mit xpro systems thinking course; mites minority introduction to engineering and science; mites summer program; mitopencourseware; mitopencourseware com; mitx edx; mitx micromasters credential in supply chain management; mitx micromasters in supply chain management; mitx micromasters supply chain; mitx micromasters supply chain management; mitx on edx; mitx online courses; mitx systems thinking; mobile system design book; modeling complex systems; monitoring and evaluation course; mooc gestion de projet; moocs courses; moodle learn; moodle learning management system lms; moodle training courses; moringa school; most popular leadership courses; mostec summer program; my business e learning platform; mygreatlearning; nanodegree; nanodegree program; network models; nita courses; northlink college; nptel; nptel courses; nptel online courses; ocw; ocw courses; ocw mit edu courses; ocw mit edu courses 6 s087 foundation; ocw mit edu index htm; ocw mit linear algebra; odin project; odin project certificate; office management course; omidyar systems thinking course; online ai courses with certificate; online business management courses; online business management courses south africa; online business strategy course; online certificate; online certificate courses; online class with certificate; online classes for it jobs; online classes it course; online coding classes; online coding classes with certificate; online college it courses; online computer class; online computer classes; online computer courses; online computer courses certificate; online computer courses with certificates; online computer science courses; online computer studies; online computer training; online computer training school; online course agile project management; online course for business management; online course in it; online course in project planning and management; online course management system; online course systems thinking; online course with certificate; online courses for it; online courses for plc programming; online courses for project management; online courses in kenya with certificates; online courses in mit; online courses on project management; online courses with certificate; online courses with certificates in kenya; online design thinking courses; online diploma courses in kenya; online erp course; online it courses in pakistan; online it courses with certificate; online it learning; online leadership certificate; online leadership course; online leadership program; online learnership lms; online learnerships for 2025 with stipend; online learning software; online logistics course; online management certificate programs; online management course; online management courses; online management information system; online masters in educational leadership; online masters in leadership; online mechanical engineering courses; online product management course; online project management certification; online project management course; online project management courses with certificates; online retail management courses; online short courses with certificate; online software training courses; online stanford courses; online system thinking course; online team building course; online team building program; online tech courses with certificates; online tech skills; online training courses with certificates; online training project management; online workshop with certificate; open course ware; open learning library mit; open learning mit; open moocs; open university systems thinking; open university systems thinking course; open university systems thinking free course; opencourseware; opencourseware mit; opencourseware ocw; operation management certificate; operations management certificate; organizational design course; organizational leadership; organizational leadership degree; organizational strategies; organizational strategy; organizational strategy certificate; organizational strategy examples; organizational strategy for engineers; organizational strategy for researchers; organizational strategy for scientists; organizational strategy for technical professionals; organizational strategy skills; organizational strategy structure and process; organizational strategy training; organizational strategy training for technical professionals; oxford strategic leadership programme; paksoft skill certificate; pega system architect; phd systems thinking; platform engineering course; pm4ngos exam; pmi certification; pmm course; pmo training; pmp; pmp certification; pmp certification cost; pmp certification in ethiopia; pmp certification requirements; pmp certifications; pmp exam fee in pakistan; pmp islamabad; pmp online course; pmp or prince2; pmp registration online; pmp training; powerpoint; ppt; primavera p6 course; prince 2 certificate; prince2 foundation certification; principles of system thinking; principles of systems; problem solving; problem solving and critical thinking; problem solving course; problem solving courses; problem solving in programming; problem solving practice; problem solving presentations; problem solving skills; problem solving techniques; process modeling in system analysis and design; product development courses; product management bootcamps; product management certificate; product management course; product management courses; product management online course; product management program; product management qualification; product management simulation; product management training; product management training course; product manager certificate; product school teachable; professional lms; professionalonline2 mit edu; profile; program; program coordinator courses; program management; program management certification; programing course; programs; progressive training development and projects; project config; project finance certification; project leadership course; project management; project management and business analysis courses; project management cert; project management certificate; project management certification; project management certification courses free; project management certification online mit; project management certification pmp; project management course drive google com; project management course in ethiopia; project management courses; project management courses by google; project management courses for freshers; project management courses in nigeria; project management courses online; project management courses with certificates; project management free course by google; project management free course with certificate; project management free online courses with certificates; project management leading organizations to success; project management learnership; project management learnership nqf level 5; project management maturity model; project management methodologies; project management online certificate; project management online course; project management online courses; project management online courses free; project management professional certification; project management professional online course; project management professional pmp; project management professional pmp certification free; project management short course; project management short courses; project management simulation; project management skills certification; project management study; project management techniques; project management training course; project manager certificate; project manager certification; project manager course; project plan; project planning courses; project procurement management; project success program; rapid design; rapid design online course; rapid prototyping; rapid prototyping online course; rapid prototyping services; retail management course; retail management short courses; revit course; revops certification; road transport management course; rotational product manager programs; sap s 4hana training; saylor org certificate; scaler academy; scrum; scrum master certification; scrum master certification exam; scrum master certification free; scrum master course; scrum master online course; scrum org certification; self paced courses; send online lms; senge systems thinking course; seta learning practitioner engineering programme; short courses business management; short it courses online; short management courses; short project management courses; simpl learn; simple learn skill up; simple learning skillup; simplify complex problems; simplify complex processes; simplilearn; simplilearn certificate; simplilearn com; simplilearn skill up; simplilearn skillup; simplilearn skillup certificate; simply learn; sites to learn it; skill certificate online; skill sprint e learning platform; skills; skills build; skills for a project manager; skillup by simplilearn; small business management course; smartpm training; soft skill certificate; soft skill certificate pakistan; soft skill training certificate pakistan; soft skills; soft skills for engineers; soft skills for technical professionals; soft skills training; software architect course; software architecture; software architecture certificate programs; software architecture patterns by mark richards pdf; software courses online; software development certificate; software development courses for beginners; software engineer course online; software engineering course online; software engineering short course; software online courses; software short courses; sololearn; solve complex problems; stanford leadership courses; stanford online courses; stanford online management courses; stanford problem solving; stanford product management course; stanford university online courses; start learning with edx; stella system dynamics; stem courses; store keeper course; store manager courses; stores and stock control courses; strategic innovation management; strategic learnership; strategic management skills; strategic management skills for technical professionals; strategic management training; strategic management training for technical professionals; strategic planning for engineers; strategic planning for technical professionals; strategic planning skills; strategic planning training; strategic skills training; strategic thinking; strategic thinking in complex problem solving; strategic thinking workshop; strategy and innovation; structured problem solving; study of systems; supervisor certificate course; supply chain fundamentals mit; supply chain logistics certificate; supply chain logistics online course; supply chain management mit edx; supply chain management short courses online; sysml; sysml tools; syspro training courses; system analysis and design; system analysis and design course; system archetypes; system architecture certification; system architecture program; system design; system design and architecture; system design and management mit; system design beginner; system design books; system design bootcamp; system design certification; system design certification course; system design course; system design course mit; system design courses; system design for managers; system design interview guide for software architecture udemy; system design interview pdf; system design masterclass; system design mit; system design program; system design thinking course; system development; system dynamics and response; system dynamics applications; system dynamics certificate; system dynamics course online; system dynamics mit; system dynamics modeling; system dynamics modeling examples; system dynamics online course; system dynamics review; system dynamics society; system dynamics tools; system dynamics training; system emergence; system engineer bootcamp; system engineer courses; system engineering course; system engineering course online; system engineering online course; system modeling course; system performance; system theory course; system think; system thinking; system thinking and analysis course description; system thinking book; system thinking certificate; system thinking course; system thinking course free; system thinking course outline; system thinking course singapore; system thinking coursera; system thinking courses; system thinking definition; system thinking design; system thinking examples; system thinking in technical environments; system thinking mit; system thinking mit course; system thinking online course; system thinking simulation; system work training; systematic thinking; systems architecture course; systems course; systems design course; systems design courses; systems design engineering; systems dynamic method; systems dynamics; systems dynamics society; systems engineer courses; systems engineering course mit; systems engineering courses online; systems engineering masters; systems engineering online courses; systems engineering process steps; systems engineering training courses; systems science masters; systems theory course; systems thinking; systems thinking and system dynamics; systems thinking application; systems thinking approach; systems thinking book; systems thinking certification; systems thinking certification program; systems thinking class; systems thinking college course; systems thinking competency course; systems thinking competency course mit; systems thinking course coursera; systems thinking course design best practices for professionals; systems thinking course design for professionals examples; systems thinking course design for professionals examples vietnam; systems thinking course design for professionals vietnam; systems thinking course free; systems thinking course harvard; systems thinking course hero; systems thinking course ice breaker; systems thinking course london; systems thinking course mit; systems thinking course onlin; systems thinking course online; systems thinking course outline; systems thinking course singapore; systems thinking course starr; systems thinking course syllabus; systems thinking course uk; systems thinking coursera; systems thinking courses australia; systems thinking courses online; systems thinking courses south africa; systems thinking courses uk; systems thinking education; systems thinking for engineers; systems thinking for managers; systems thinking for project managers; systems thinking for social change; systems thinking free course; systems thinking free online course; systems thinking in business; systems thinking in healthcare; systems thinking in healthcare course; systems thinking in practice; systems thinking in practice course; systems thinking leadership; systems thinking mit xpro; systems thinking mooc; systems thinking network; systems thinking online certificate; systems thinking online course; systems thinking pdf; systems thinking phd; systems thinking playbook pdf; systems thinking practitioner; systems thinking process improvement; systems thinking professional certificate; systems thinking professional certificate mit; systems thinking program mit xpro; systems thinking research; systems thinking short course; systems thinking standards institute; systems thinking stanford; systems thinking systems practice; systems thinking training; systems thinking training course; systems thinking training courses; systems thinking workshop; team building certificate; team building for engineers; team building for technical professionals; team building skills; team building training; team leader training; tech courses online; tech lead responsibilities; tech short courses; tech skills to learn; technical architecture courses; technical innovation; technical innovation certificate; technical innovation online course; technical innovation training; technical leadership; technical leadership certificate; technical leadership course; technical leadership development; technical leadership online program; technical leadership skills; technical leadership skills list; technical problem solving; technical product management; technical product manager training; technical program management; technical program management courses; technical project management; technical project management courses; technical project manager training; technology leadership program; technology workshops near me; the iceberg model of systems thinking; the mind luster; the odin project; the systems thinker; the v model systems engineering; think in systems; thinking in systems; thinking in systems a primer; thinking in systems course; thinking in systems donella meadows; thinking in systems pdf; thinking in systems summary; thinking skills; thinking skills questions; togaf course; top leadership development programs; top leadership training courses; top lms platforms 2024; top management training courses; training; training for critical thinking; training leadership program; training mbusoms co za; training program management; training think tank energy systems course; tvet colleges offering project management; types of leadership training; types of organizational strategy; udacity courses with certificate; udemy; udemy coursera; udemy courses; udemy edx; udemy online courses; university of kwazulu natal; university of technology pretoria; vanguard systems thinking course; waters center for systems thinking; web designing free course with certificate; website system design; what course transfer to wgu systems thinking; what course transfer to wgu systems thinking reddit; what courses count as systems thinking or systems engineering; what is agile methodology; what is agile project management; what is organizational strategy; what is radical innovation; what is system engineering; what is systems thinking; what is the concept of emergence; whats systems thinking; workshop; wpi system dynamics; www coursera org; www learnwithdexa com; www mindluster com; www ocw mit edu courses; www pmi org; www sdp edu za; www the programmers university com; xpro mit,32; 33,learn system thinking; mit system dynamics course; mit systems thinking; mit systems thinking course; mit systems thinking course online; mit xpro systems thinking; project management course; project management program; project management training; system architecture course; system dynamics; system dynamics course; system engineering; system models; system thinking certification; system thinking training; systems thinking certificate; systems thinking course; systems thinking mit; what is system thinking
ks_0016,system design certification; system dynamics course; systems thinking certificate; systems thinking course,business systems courses; how to learn to think strategically; introduction to systems thinking; learn product management; learn system architecture; mit system dynamics group; mit systems thinking; pmp training; product management certification; project management cert; project management online course; project management program; project management training; software architecture course; solve complex problems; system architecture course; system design; system design certification; system dynamics course; system engineering online course; system thinking training; systems thinking certificate; systems thinking certification; systems thinking course; systems thinking courses; systems thinking in business; technical problem solving; technical project management; thinking in systems a primer; what is system thinking,best critical thinking courses; how to learn to think strategically; introduction to systems thinking; mit system dynamics course; mit systems thinking; mit systems thinking course; mit systems thinking course online; mit xpro systems thinking; project management cert; software architecture course; system design certification; system dynamics course; system engineering online course; system thinking course; systems thinking certificate; systems thinking course; systems thinking mit,best critical thinking courses; business systems courses; how to learn to think strategically; introduction to systems thinking; learn product management; learn system architecture; mit system dynamics course; mit system dynamics group; mit systems thinking; mit systems thinking course; mit systems thinking course online; mit xpro systems thinking; pmp training; product management certification; project management cert; project management online course; project management program; project management training; software architecture course; solve complex problems; system architecture course; system design; system design certification; system dynamics course; system engineering online course; system thinking course; system thinking training; systems thinking certificate; systems thinking certification; systems thinking course; systems thinking courses; systems thinking in business; systems thinking mit; technical problem solving; technical project management; thinking in systems a primer; what is system thinking,,,,,34; 35,best critical thinking courses; business systems courses; how to learn to think strategically; introduction to systems thinking; learn product management; learn system architecture; mit system dynamics course; mit system dynamics group; mit systems thinking; mit systems thinking course; mit systems thinking course online; mit xpro systems thinking; pmp training; product management certification; project management cert; project management online course; project management program; project management training; software architecture course; solve complex problems; system architecture course; system design; system design certification; system dynamics course; system engineering online course; system thinking course; system thinking training; systems thinking certificate; systems thinking certification; systems thinking course; systems thinking courses; systems thinking in business; systems thinking mit; technical problem solving; technical project management; thinking in systems a primer; what is system thinking
ks_0017,,business systems courses; learn product management; learn system architecture; pmp training; project management cert; system design; system engineering online course; thinking in systems a primer; what is system thinking,best critical thinking courses; mit systems thinking; software architecture course; system design certification; systems thinking mit,best critical thinking courses; business systems courses; learn product management; learn system architecture; mit systems thinking; pmp training; project management cert; software architecture course; system design; system design certification; system engineering online course; systems thinking mit; thinking in systems a primer; what is system thinking,,,,,36,best critical thinking courses; business systems courses; learn product management; learn system architecture; mit systems thinking; pmp training; project management cert; software architecture course; system design; system design certification; system engineering online course; systems thinking mit; thinking in systems a primer; what is system thinking
ks_0018,,project management program; system engineering; systems thinking courses,systems thinking course,project management program; system engineering; systems thinking course; systems thinking courses,,,360 learning; 3d prototyping; 4 week certificate programs online; absorb lms; academy asana com; academy asana com workflow specialist; academy for systems change; aconex course online; acumen systems thinking course; advanced modeling; agicorp academy; agile courses; agile methodologies; agile project; agile project management; agile project management course; ai in systems engineering; ai project management course; ai project management courses; ai software engineer course; ai system design; ai systems performance engineering; alison course certificate; alison courses; altium pcb design course; alx academy courses; alx courses; alxafrica courses; an introduction to general systems thinking; analytical thinking and innovation skills; analytical thinking problem solving; applied systems thinking courses; apply mit edu; architect complex processes; ardiland institute of technology; asana; automation course; automation masters online; barry richmond systems thinking; basecamp; become a product manager by cole mercer; becoming an entrepreneur mit; best business certification programs; best certifications for it directors; best course in business analytics; best course on critical thinking; best course on system design; best courses for project management; best critical thinking courses; best free online project management courses with certificates; best leadership development program; best leadership training programs; best online certificate programs for project management; best online coding courses with certificates; best product management certification; best project management certification; best project management courses; best software architect certification; best system design book; best system design course; best systems thinking courses; best tech online courses; books; books for system design; books on systems thinking; brand management courses; business administration certifications; business administration level 2 course; business administration nqf 3; business analyst course; business classes online with certificates; business courses online with certificates; business dynamics; business leadership course; business leadership skills; business leadership training; business management course; business management courses; business management courses cape town; business management in service training; business management online short courses; business management short courses; business management training; business school e learning learnership smart lms; business strategy skills; business strategy training; business systems analyst courses; business systems course; business systems courses; business systems design; call center management course; can i get shrm credit for systems thinking course; can i learn it online; capm certification; career essentials certificate by microsoft and linkedin; carnegie mellon software architecture certification; certificate; certificate course on business management; certificate courses; certificate courses online; certificate for project; certificate in project management; certificate in systems engineering; certificate in systems thinking; certificate programs online; certificates for engineering students; certification; certification in agentic systems and design; certification mit; certification program in agentic systems and design; certified associate in project management capm; chicago booth leadership program; cisco courses online; class; class central; class central certificate; class central certificates; cleveland state university systems thinking course; clickup; cm certified manager; cm punjab it certification program 2025; cmu software architecture; codedamn courses; coding certificate course; coding classes online; coding course; coding courses; coding courses online; coding online courses; coding short courses online; company secretary course; complex adaptive systems training; complex problem solving; complex problem solving course; complex systems course online; complex systems mit; comptia a; computer course; computer course certificate free download; computer courses; computer courses online; computer hardware engineer courses; computer online classes; computer online courses; computer science certificate programs; computer software course; computer systems engineering vs computer science; computer technology course; construction courses unisa; construction foreman courses; construction management certificate; construction management course; construction management courses; construction management diploma online; construction manager certification; construction short courses online; continuous improvement certification online; control engineering online course; cornell systems thinking; corporate leadership training; corporate strategy for engineers; corporate strategy for technical professionals; corporate strategy skills; corporate strategy training; cost engineer certification; cost management courses; cours de gestion de projet en ligne gratuit; course; course on systems thinking; course system thinking quiz 1; course systems thinking; coursera and edx; coursera certificate; coursera edx; coursera project management; coursera system design; coursera systems engineering; courses of marketing management; courses on program management; courses on project management; courses on systems thinking; courses with certificates; create design system; create project plan; critical thinking and problem solving; critical thinking and problem solving course; critical thinking bot; critical thinking certification; critical thinking class; critical thinking com; critical thinking course; critical thinking course free; critical thinking mit; critical thinking online course; critical thinking practice; critical thinking short course; critical thinking skills; cs50; cs50 by harvard; cs50 edx; curso de dinamica de sistemas; curso scrum; dale carnegie leadership training; decision making courses online; degree; demand planning certification; demonstrating problem solving skills; design thinking certification; design thinking certification stanford; design thinking course; design thinking ibm; design thinking systems course nyc; designing data intensive applications; designing distributed systems; devops course; digiskill; digiskills; digiskills courses; digiskills registration; digital leadership program; digital management course online; digital project manager certification; digitaldefynd; digitalskill lms; dit course; does economics count as a systems thinking course; donella h meadows thinking in systems; drop servicing course; dynamic models; dynamic work design; e learning lms; e learning lms learnership; e learning lms learnership 2024; e learning lms learnership 2025; e learning lms learnership 2025 online application; e learning lms learnership application; e learning lms register; e learning lms registration; e lms; ecornell engineering leadership; edureka lms; edx; edx certificate; edx course; edx coursera; edx courses; edx cs50 introduction to computer science; edx cs50x; edx edu; edx get smarter; edx harvard courses; edx harvard mit; edx learning platform; edx mit; edx mit certificate; edx mit supply chain fundamentals; edx mitx; edx mooc org; edx online courses; edx org; edx supply chain; edx supply chain fundamentals; edx systems engineering; edx systems thinking; edx website; effective leadership; effective leadership program; effective leadership skills; effective team leadership for engineers; elearning lms; elearning lms learnership; elearning lms learnership 2025; elearning lms learnership 2025 online application; elearning lms learnership application; elearning lms learnerships; elearning lms registration; elearning platform courses; embedded programming course; embedded systems engineer certification; emotional intelligence training for engineers; empowering rural women through it training; engineering bursaries; engineering courses; engineering courses online; engineering leader; engineering leadership; engineering leadership certificate; engineering leadership course online; engineering leadership development; engineering leadership development program; engineering leadership program; engineering leadership skills; engineering leadership workshop; engineering management mit; engineering manager course; engineering manager skills; engineering manager training; engineering problem solving; engineering short courses; engineering systems thinking; enterprise application architecture; enterprise architecture certification; erp system certification; erp system learning; essential skills certificate for engineers; essential skills certificate for technical professionals; essential skills for engineers; essential skills for technical professionals; essential skills online course; essential skills training; ethio coders et certification; ethio coders et certification online; ethiocoders et courses; executive coaching certification; executive coaching course for engineers; executive coaching training; executive leadership development; executive leadership skills; executive leadership training; executive leadership training for engineers; executive leadership training for technical professionals; exercising leadership foundational principles harvard; fire; formation en gestion de projet; foundation of system thinking; foundations of project management by google; frank miano msb tutorial; free; free online business management courses with certificate of completion; free online certificate courses in business administration; free online course on project management; free online courses on systems thinking; free online management courses with certificates; free online project management course with certificate; free online project management courses; free online project management courses with certificates; free project management courses; free project management courses with certificates; free software engineering courses with certificate; free systems thinking course; free ux design course with certificate; freecodecamp courses; freecodecamp courses with certificate; freecodecamp full stack certification; front line leadership training; fully funded masters in project management; fundamental leadership and engineering competencies; futures thinking certification; futureskill elearning platform; geeksforgeeks courses; global it certifications; google career certificate program; google certificate courses; google certificate project management; google certification courses; google cybersecurity professional certificate; google cybersecurity professional certificate via coursera; google it support professional certificate; google it support professional certificate coursera; google management certificate; google management project certificate; google product management course; google project management certificate; google project management certificate coursera; google project management certification; google project management certification free; google project management course; google project management coursera; google project management professional certificate; google project management professional certificate reddit; graphic design systems thinking course; great learning academy; grokking system design; grow google certificate; grow google certificates cybersecurity; grow with google; grow with google courses; handbook of model based systems engineering; hansen leadership program; harvard edx; harvard leadership training; harvard mit online courses; harvard online courses; harvardx; high certificate in business management; how can i become a web designer; how can i get pmp certification; how to apply for massachusetts institute of technology; how to apply pmo; how to be a software developer; how to be an effective engineering manager; how to be good at problem solving; how to become a better strategist; how to become a it specialist; how to become a strategic thinker; how to become a systems engineer without a degree; how to become a tech expert; how to become a tech lead; how to create a system; how to create system; how to design a scalable system; how to develop my critical thinking skills; how to develop problem solving skills; how to develop problem solving skills in the workplace; how to do csm certification; how to do framework; how to gain problem solving skills; how to get into product management; how to improve critical thinking; how to improve logical thinking skills; how to improve problem solving skills; how to improve your logic building skills in programming; how to increase critical thinking; how to learn it at home; how to learn problem solving skills; how to learn system design; how to learn systems thinking; how to learn tech skills; how to learn to think strategically; how to solve algorithm problems; how to study for engineering classes; how to study it online; how to think in systems; how to think logically; how to train problem solving skills; howard cs50; hp certification courses; hris systems training; https learning upskillist com vodacom2; https ocw mit edu; https skills nutech edu pk; https www coursera org learn foundations of project management; https www edx org; https www edx org school harvardx; https www edx org school mitx; https www harvard edu online courses; https www tcsion com courses career edge; https www theforage com simulations cbre project management x2vz; hubspot academy revenue operations certification; hubspot crm courses; human centered systems thinking; i want to learn it; i want to learn programming; ibf funded courses systems thinking cpd hours; ibm business analyst professional certificate; ibm courses; ibm online courses; ibm skill build; ibm skillsbuild certificate; iceberg model of systems thinking; iceberg model systems thinking; ict online courses; ieee certificate; iit online courses; importance of organizational strategy; improve critical thinking; improve problem solving skills; industrial engineering online; information architecture certification; information architecture courses; information architecture degree; information technology online courses; information technology short courses online; infosys springboard courses; infrastructure architect course; innovation certificate online; innovation course; innovation management course; innovation strategy; innovation training courses; institute of project management certification; intellipaat; international business management institute ibmi; intro to deep learning mit; intro to project management google; introduction to project management alison; introduction to systems engineering; introduction to systems thinking; introduction to systems thinking course; isaca certified in risk and information systems control crisc; isee systems thinking course; it academy courses; it classes; it course; it courses; it courses in karachi; it courses online; it courses online south africa; it leadership development program; it leadership training; it online courses; it online courses in south africa; it project management methodologies; it short courses; it short courses online; it specialist school; it specialist training; it studies online; it training courses; key elements of organizational strategy; knowledge hub; knowledge learning platform; large scale project management; leadership and management; leadership and management courses; leadership and management courses harvard; leadership and management in engineering; leadership and management skills; leadership certificate; leadership classes; leadership course cornell; leadership course online; leadership courses; leadership courses harvard; leadership courses near me; leadership courses online; leadership development; leadership development courses; leadership development program; leadership development program jobs; leadership development training; leadership for engineering professionals; leadership for technical professionals; leadership for technical profssionals; leadership for technology professionals; leadership in engineering management; leadership management; leadership professional development; leadership seminars; leadership skills; leadership skills for engineers; leadership skills for technical professionals; leadership skills training; leadership training; leadership training certification; leadership training class; leadership training course; leadership training programs; leadership training topics; leading complex projects; leading effective teams; leading organizational change; lean methodologies; learn about systems; learn enterprise architecture; learn mit edu; learn problem solving; learn problem solving programming; learn product management; learn project management; learn rapid prototyping; learn skills; learn software architecture; learn software engineering; learn system architecture; learn system design; learn systems thinking; learn technical innovation; learn the latest tech skills; learner management systems; learning it online; learning management system; learning management system digiskills; learning project management; learning software engineering for beginners; learning system design; learning tcsionhub; learning to solve problems; learnvern; learnvern courses; linkedin learning systems thinking course; lms; lms digital skills; lms digital skills pk; lms le; lms learnership; lms learnership 2025; lms learnership application; lms learning management system; lms learning program; lms training application; lms training learning program 2026; lms training learning programme 2026; lms training program; logic courses; logical reasoning critical thinking mcqs; logical thinking training; logistics and supply chain management courses; logistics certificate; logistics certification; logistics course; logistics management; logistics management training; logistics online course; logistics simulation; logistics training; logistics training course; machine learning course for product managers; management; management skills; management skills online; management skills training; management training; management training for engineers; management training for technical professionals; management training topics; managerial leadership training; managing engineers; marketing management course; massachusetts institute of technology apply; master data structures and algorithms; masters; masters in construction management; masters in systems thinking; mbse mit; mckinsey project management; meta ios developer professional certificate; micro master supply chain management; micromaster mit supply chain; micromasters; micromasters in supply chain management mit; micromasters supply chain mit edx; microsoft certificate courses; microsoft certification courses; microsoft certified systems engineer; microsoft courses; microsoft courses with certificate; microsoft edx; microsoft fabric certification; mind laster com; mind luster; mind luster certificate; mind luster certificate value; mind luster co; mind luster com; mind luster come; mind luster con; mind luster course; mind luster courses; mindluster; mindluster com; mindluster come; mindluster courses; mindset training; mindtap; mindworx academy; mit application; mit beaver works; mit beaver works summer institute; mit business analytics program; mit bwsi beaver works summer institute; mit certificate courses; mit coding certificate; mit coding course; mit courses; mit cs courses; mit cto program; mit deep learning course; mit edx; mit edx courses; mit engineering certificate programs; mit full stack developer course; mit fundamentals of finance; mit idss; mit intro to deep learning; mit introduction to computational thinking and data science; mit introduction to technology engineering and science; mit launch; mit launchx summer program; mit leadership program; mit micromasters supply chain; mit mites; mit mites summer program; mit ocw system dynamics self study; mit ocw website; mit online courses with certificate; mit online degree; mit open course; mit open software; mit open ware course; mit opencourseware; mit opencourseware ai; mit opencourseware certificate; mit opencourseware com; mit opencourseware computer science; mit opencourseware lectures; mit opencourseware neuroscience; mit opencourseware ocw website; mit opencourseware physics; mit opencourseware system dynamics; mit opencourseware systems engineering; mit opencourseware systems thinking; mit opencourseware website; mit power electronics; mit pro; mit project management; mit project management certificate; mit project management course; mit project management simulation; mit research science institute rsi; mit sdm; mit sloan leadership; mit sloan online; mit sloan online courses; mit sloan school of management online courses; mit sloan system dynamics; mit summer engineering program; mit summer opportunities; mit summer program; mit summer programs; mit supply chain course; mit supply chain executive education; mit supply chain micromaster; mit supply chain micromasters; mit supply chain micromasters edx; mit system architecture; mit system dynamics; mit system dynamics group; mit system thinking; mit system thinking course; mit systems; mit systems dynamics; mit think; mit think scholars program; mit university courses; mit website; mit website login; mit xpro courses; mit xpro professional certificate in coding; mit xpro project management; mit xpro system thinking; mit xpro systems thinking course; mites minority introduction to engineering and science; mites summer program; mitopencourseware; mitopencourseware com; mitx edx; mitx micromasters credential in supply chain management; mitx micromasters in supply chain management; mitx micromasters supply chain; mitx micromasters supply chain management; mitx on edx; mitx online courses; mitx systems thinking; mobile system design book; modeling complex systems; monitoring and evaluation course; mooc gestion de projet; moocs courses; moodle learn; moodle learning management system lms; moodle training courses; moringa school; most popular leadership courses; mostec summer program; my business e learning platform; mygreatlearning; nanodegree; nanodegree program; network models; nita courses; northlink college; nptel; nptel courses; nptel online courses; ocw; ocw courses; ocw mit edu courses; ocw mit edu courses 6 s087 foundation; ocw mit edu index htm; ocw mit linear algebra; odin project; odin project certificate; office management course; omidyar systems thinking course; online ai courses with certificate; online business management courses; online business management courses south africa; online business strategy course; online certificate; online certificate courses; online class with certificate; online classes for it jobs; online classes it course; online coding classes; online coding classes with certificate; online college it courses; online computer class; online computer classes; online computer courses; online computer courses certificate; online computer courses with certificates; online computer science courses; online computer studies; online computer training; online computer training school; online course agile project management; online course for business management; online course in it; online course in project planning and management; online course management system; online course systems thinking; online course with certificate; online courses for it; online courses for plc programming; online courses for project management; online courses in kenya with certificates; online courses in mit; online courses on project management; online courses with certificate; online courses with certificates in kenya; online design thinking courses; online diploma courses in kenya; online erp course; online it courses in pakistan; online it courses with certificate; online it learning; online leadership certificate; online leadership course; online leadership program; online learnership lms; online learnerships for 2025 with stipend; online learning software; online logistics course; online management certificate programs; online management course; online management courses; online management information system; online masters in educational leadership; online masters in leadership; online mechanical engineering courses; online product management course; online project management certification; online project management course; online project management courses with certificates; online retail management courses; online short courses with certificate; online software training courses; online stanford courses; online system thinking course; online team building course; online team building program; online tech courses with certificates; online tech skills; online training courses with certificates; online training project management; online workshop with certificate; open course ware; open learning library mit; open learning mit; open moocs; open university systems thinking; open university systems thinking course; open university systems thinking free course; opencourseware; opencourseware mit; opencourseware ocw; operation management certificate; operations management certificate; organizational design course; organizational leadership; organizational leadership degree; organizational strategies; organizational strategy; organizational strategy certificate; organizational strategy examples; organizational strategy for engineers; organizational strategy for researchers; organizational strategy for scientists; organizational strategy for technical professionals; organizational strategy skills; organizational strategy structure and process; organizational strategy training; organizational strategy training for technical professionals; oxford strategic leadership programme; paksoft skill certificate; pega system architect; phd systems thinking; platform engineering course; pm4ngos exam; pmi certification; pmm course; pmo training; pmp; pmp certification; pmp certification cost; pmp certification in ethiopia; pmp certification requirements; pmp certifications; pmp exam fee in pakistan; pmp islamabad; pmp online course; pmp or prince2; pmp registration online; pmp training; powerpoint; ppt; primavera p6 course; prince 2 certificate; prince2 foundation certification; principles of system thinking; principles of systems; problem solving; problem solving and critical thinking; problem solving course; problem solving courses; problem solving in programming; problem solving practice; problem solving presentations; problem solving skills; problem solving techniques; process modeling in system analysis and design; product development courses; product management bootcamps; product management certificate; product management course; product management courses; product management online course; product management program; product management qualification; product management simulation; product management training; product management training course; product manager certificate; product school teachable; professional lms; professionalonline2 mit edu; profile; program; program coordinator courses; program management; program management certification; programing course; programs; progressive training development and projects; project config; project finance certification; project leadership course; project management; project management and business analysis courses; project management cert; project management certificate; project management certification; project management certification courses free; project management certification online mit; project management certification pmp; project management course drive google com; project management course in ethiopia; project management courses; project management courses by google; project management courses for freshers; project management courses in nigeria; project management courses online; project management courses with certificates; project management free course by google; project management free course with certificate; project management free online courses with certificates; project management leading organizations to success; project management learnership; project management learnership nqf level 5; project management maturity model; project management methodologies; project management online certificate; project management online course; project management online courses; project management online courses free; project management professional certification; project management professional online course; project management professional pmp; project management professional pmp certification free; project management short course; project management short courses; project management simulation; project management skills certification; project management study; project management techniques; project management training course; project manager certificate; project manager certification; project manager course; project plan; project planning courses; project procurement management; project success program; rapid design; rapid design online course; rapid prototyping; rapid prototyping online course; rapid prototyping services; retail management course; retail management short courses; revit course; revops certification; road transport management course; rotational product manager programs; sap s 4hana training; saylor org certificate; scaler academy; scrum; scrum master certification; scrum master certification exam; scrum master certification free; scrum master course; scrum master online course; scrum org certification; self paced courses; send online lms; senge systems thinking course; seta learning practitioner engineering programme; short courses business management; short it courses online; short management courses; short project management courses; simpl learn; simple learn skill up; simple learning skillup; simplify complex problems; simplify complex processes; simplilearn; simplilearn certificate; simplilearn com; simplilearn skill up; simplilearn skillup; simplilearn skillup certificate; simply learn; sites to learn it; skill certificate online; skill sprint e learning platform; skills; skills build; skills for a project manager; skillup by simplilearn; small business management course; smartpm training; soft skill certificate; soft skill certificate pakistan; soft skill training certificate pakistan; soft skills; soft skills for engineers; soft skills for technical professionals; soft skills training; software architect course; software architecture; software architecture certificate programs; software architecture patterns by mark richards pdf; software courses online; software development certificate; software development courses for beginners; software engineer course online; software engineering course online; software engineering short course; software online courses; software short courses; sololearn; solve complex problems; stanford leadership courses; stanford online courses; stanford online management courses; stanford problem solving; stanford product management course; stanford university online courses; start learning with edx; stella system dynamics; stem courses; store keeper course; store manager courses; stores and stock control courses; strategic innovation management; strategic learnership; strategic management skills; strategic management skills for technical professionals; strategic management training; strategic management training for technical professionals; strategic planning for engineers; strategic planning for technical professionals; strategic planning skills; strategic planning training; strategic skills training; strategic thinking; strategic thinking in complex problem solving; strategic thinking workshop; strategy and innovation; structured problem solving; study of systems; supervisor certificate course; supply chain fundamentals mit; supply chain logistics certificate; supply chain logistics online course; supply chain management mit edx; supply chain management short courses online; sysml; sysml tools; syspro training courses; system analysis and design; system analysis and design course; system archetypes; system architecture certification; system architecture program; system design; system design and architecture; system design and management mit; system design beginner; system design books; system design bootcamp; system design certification; system design certification course; system design course; system design course mit; system design courses; system design for managers; system design interview guide for software architecture udemy; system design interview pdf; system design masterclass; system design mit; system design program; system design thinking course; system development; system dynamics and response; system dynamics applications; system dynamics certificate; system dynamics course online; system dynamics mit; system dynamics modeling; system dynamics modeling examples; system dynamics online course; system dynamics review; system dynamics society; system dynamics tools; system dynamics training; system emergence; system engineer bootcamp; system engineer courses; system engineering course; system engineering course online; system engineering online course; system modeling course; system performance; system theory course; system think; system thinking; system thinking and analysis course description; system thinking book; system thinking certificate; system thinking course; system thinking course free; system thinking course outline; system thinking course singapore; system thinking coursera; system thinking courses; system thinking definition; system thinking design; system thinking examples; system thinking in technical environments; system thinking mit; system thinking mit course; system thinking online course; system thinking simulation; system work training; systematic thinking; systems architecture course; systems course; systems design course; systems design courses; systems design engineering; systems dynamic method; systems dynamics; systems dynamics society; systems engineer courses; systems engineering course mit; systems engineering courses online; systems engineering masters; systems engineering online courses; systems engineering process steps; systems engineering training courses; systems science masters; systems theory course; systems thinking; systems thinking and system dynamics; systems thinking application; systems thinking approach; systems thinking book; systems thinking certification; systems thinking certification program; systems thinking class; systems thinking college course; systems thinking competency course; systems thinking competency course mit; systems thinking course coursera; systems thinking course design best practices for professionals; systems thinking course design for professionals examples; systems thinking course design for professionals examples vietnam; systems thinking course design for professionals vietnam; systems thinking course free; systems thinking course harvard; systems thinking course hero; systems thinking course ice breaker; systems thinking course london; systems thinking course mit; systems thinking course onlin; systems thinking course online; systems thinking course outline; systems thinking course singapore; systems thinking course starr; systems thinking course syllabus; systems thinking course uk; systems thinking coursera; systems thinking courses australia; systems thinking courses online; systems thinking courses south africa; systems thinking courses uk; systems thinking education; systems thinking for engineers; systems thinking for managers; systems thinking for project managers; systems thinking for social change; systems thinking free course; systems thinking free online course; systems thinking in business; systems thinking in healthcare; systems thinking in healthcare course; systems thinking in practice; systems thinking in practice course; systems thinking leadership; systems thinking mit xpro; systems thinking mooc; systems thinking network; systems thinking online certificate; systems thinking online course; systems thinking pdf; systems thinking phd; systems thinking playbook pdf; systems thinking practitioner; systems thinking process improvement; systems thinking professional certificate; systems thinking professional certificate mit; systems thinking program mit xpro; systems thinking research; systems thinking short course; systems thinking standards institute; systems thinking stanford; systems thinking systems practice; systems thinking training; systems thinking training course; systems thinking training courses; systems thinking workshop; team building certificate; team building for engineers; team building for technical professionals; team building skills; team building training; team leader training; tech courses online; tech lead responsibilities; tech short courses; tech skills to learn; technical architecture courses; technical innovation; technical innovation certificate; technical innovation online course; technical innovation training; technical leadership; technical leadership certificate; technical leadership course; technical leadership development; technical leadership online program; technical leadership skills; technical leadership skills list; technical problem solving; technical product management; technical product manager training; technical program management; technical program management courses; technical project management; technical project management courses; technical project manager training; technology leadership program; technology workshops near me; the iceberg model of systems thinking; the mind luster; the odin project; the systems thinker; the v model systems engineering; think in systems; thinking in systems; thinking in systems a primer; thinking in systems course; thinking in systems donella meadows; thinking in systems pdf; thinking in systems summary; thinking skills; thinking skills questions; togaf course; top leadership development programs; top leadership training courses; top lms platforms 2024; top management training courses; training; training for critical thinking; training leadership program; training mbusoms co za; training program management; training think tank energy systems course; tvet colleges offering project management; types of leadership training; types of organizational strategy; udacity courses with certificate; udemy; udemy coursera; udemy courses; udemy edx; udemy online courses; university of kwazulu natal; university of technology pretoria; vanguard systems thinking course; waters center for systems thinking; web designing free course with certificate; website system design; what course transfer to wgu systems thinking; what course transfer to wgu systems thinking reddit; what courses count as systems thinking or systems engineering; what is agile methodology; what is agile project management; what is organizational strategy; what is radical innovation; what is system engineering; what is systems thinking; what is the concept of emergence; whats systems thinking; workshop; wpi system dynamics; www coursera org; www learnwithdexa com; www mindluster com; www ocw mit edu courses; www pmi org; www sdp edu za; www the programmers university com; xpro mit,360 learning; 3d prototyping; 4 week certificate programs online; absorb lms; academy asana com; academy asana com workflow specialist; academy for systems change; aconex course online; acumen systems thinking course; advanced modeling; agicorp academy; agile courses; agile methodologies; agile project; agile project management; agile project management course; ai in systems engineering; ai project management course; ai project management courses; ai software engineer course; ai system design; ai systems performance engineering; alison course certificate; alison courses; altium pcb design course; alx academy courses; alx courses; alxafrica courses; an introduction to general systems thinking; analytical thinking and innovation skills; analytical thinking problem solving; applied systems thinking courses; apply mit edu; architect complex processes; ardiland institute of technology; asana; automation course; automation masters online; barry richmond systems thinking; basecamp; become a product manager by cole mercer; becoming an entrepreneur mit; best business certification programs; best certifications for it directors; best course in business analytics; best course on critical thinking; best course on system design; best courses for project management; best critical thinking courses; best free online project management courses with certificates; best leadership development program; best leadership training programs; best online certificate programs for project management; best online coding courses with certificates; best product management certification; best project management certification; best project management courses; best software architect certification; best system design book; best system design course; best systems thinking courses; best tech online courses; books; books for system design; books on systems thinking; brand management courses; business administration certifications; business administration level 2 course; business administration nqf 3; business analyst course; business classes online with certificates; business courses online with certificates; business dynamics; business leadership course; business leadership skills; business leadership training; business management course; business management courses; business management courses cape town; business management in service training; business management online short courses; business management short courses; business management training; business school e learning learnership smart lms; business strategy skills; business strategy training; business systems analyst courses; business systems course; business systems courses; business systems design; call center management course; can i get shrm credit for systems thinking course; can i learn it online; capm certification; career essentials certificate by microsoft and linkedin; carnegie mellon software architecture certification; certificate; certificate course on business management; certificate courses; certificate courses online; certificate for project; certificate in project management; certificate in systems engineering; certificate in systems thinking; certificate programs online; certificates for engineering students; certification; certification in agentic systems and design; certification mit; certification program in agentic systems and design; certified associate in project management capm; chicago booth leadership program; cisco courses online; class; class central; class central certificate; class central certificates; cleveland state university systems thinking course; clickup; cm certified manager; cm punjab it certification program 2025; cmu software architecture; codedamn courses; coding certificate course; coding classes online; coding course; coding courses; coding courses online; coding online courses; coding short courses online; company secretary course; complex adaptive systems training; complex problem solving; complex problem solving course; complex systems course online; complex systems mit; comptia a; computer course; computer course certificate free download; computer courses; computer courses online; computer hardware engineer courses; computer online classes; computer online courses; computer science certificate programs; computer software course; computer systems engineering vs computer science; computer technology course; construction courses unisa; construction foreman courses; construction management certificate; construction management course; construction management courses; construction management diploma online; construction manager certification; construction short courses online; continuous improvement certification online; control engineering online course; cornell systems thinking; corporate leadership training; corporate strategy for engineers; corporate strategy for technical professionals; corporate strategy skills; corporate strategy training; cost engineer certification; cost management courses; cours de gestion de projet en ligne gratuit; course; course on systems thinking; course system thinking quiz 1; course systems thinking; coursera and edx; coursera certificate; coursera edx; coursera project management; coursera system design; coursera systems engineering; courses of marketing management; courses on program management; courses on project management; courses on systems thinking; courses with certificates; create design system; create project plan; critical thinking and problem solving; critical thinking and problem solving course; critical thinking bot; critical thinking certification; critical thinking class; critical thinking com; critical thinking course; critical thinking course free; critical thinking mit; critical thinking online course; critical thinking practice; critical thinking short course; critical thinking skills; cs50; cs50 by harvard; cs50 edx; curso de dinamica de sistemas; curso scrum; dale carnegie leadership training; decision making courses online; degree; demand planning certification; demonstrating problem solving skills; design thinking certification; design thinking certification stanford; design thinking course; design thinking ibm; design thinking systems course nyc; designing data intensive applications; designing distributed systems; devops course; digiskill; digiskills; digiskills courses; digiskills registration; digital leadership program; digital management course online; digital project manager certification; digitaldefynd; digitalskill lms; dit course; does economics count as a systems thinking course; donella h meadows thinking in systems; drop servicing course; dynamic models; dynamic work design; e learning lms; e learning lms learnership; e learning lms learnership 2024; e learning lms learnership 2025; e learning lms learnership 2025 online application; e learning lms learnership application; e learning lms register; e learning lms registration; e lms; ecornell engineering leadership; edureka lms; edx; edx certificate; edx course; edx coursera; edx courses; edx cs50 introduction to computer science; edx cs50x; edx edu; edx get smarter; edx harvard courses; edx harvard mit; edx learning platform; edx mit; edx mit certificate; edx mit supply chain fundamentals; edx mitx; edx mooc org; edx online courses; edx org; edx supply chain; edx supply chain fundamentals; edx systems engineering; edx systems thinking; edx website; effective leadership; effective leadership program; effective leadership skills; effective team leadership for engineers; elearning lms; elearning lms learnership; elearning lms learnership 2025; elearning lms learnership 2025 online application; elearning lms learnership application; elearning lms learnerships; elearning lms registration; elearning platform courses; embedded programming course; embedded systems engineer certification; emotional intelligence training for engineers; empowering rural women through it training; engineering bursaries; engineering courses; engineering courses online; engineering leader; engineering leadership; engineering leadership certificate; engineering leadership course online; engineering leadership development; engineering leadership development program; engineering leadership program; engineering leadership skills; engineering leadership workshop; engineering management mit; engineering manager course; engineering manager skills; engineering manager training; engineering problem solving; engineering short courses; engineering systems thinking; enterprise application architecture; enterprise architecture certification; erp system certification; erp system learning; essential skills certificate for engineers; essential skills certificate for technical professionals; essential skills for engineers; essential skills for technical professionals; essential skills online course; essential skills training; ethio coders et certification; ethio coders et certification online; ethiocoders et courses; executive coaching certification; executive coaching course for engineers; executive coaching training; executive leadership development; executive leadership skills; executive leadership training; executive leadership training for engineers; executive leadership training for technical professionals; exercising leadership foundational principles harvard; fire; formation en gestion de projet; foundation of system thinking; foundations of project management by google; frank miano msb tutorial; free; free online business management courses with certificate of completion; free online certificate courses in business administration; free online course on project management; free online courses on systems thinking; free online management courses with certificates; free online project management course with certificate; free online project management courses; free online project management courses with certificates; free project management courses; free project management courses with certificates; free software engineering courses with certificate; free systems thinking course; free ux design course with certificate; freecodecamp courses; freecodecamp courses with certificate; freecodecamp full stack certification; front line leadership training; fully funded masters in project management; fundamental leadership and engineering competencies; futures thinking certification; futureskill elearning platform; geeksforgeeks courses; global it certifications; google career certificate program; google certificate courses; google certificate project management; google certification courses; google cybersecurity professional certificate; google cybersecurity professional certificate via coursera; google it support professional certificate; google it support professional certificate coursera; google management certificate; google management project certificate; google product management course; google project management certificate; google project management certificate coursera; google project management certification; google project management certification free; google project management course; google project management coursera; google project management professional certificate; google project management professional certificate reddit; graphic design systems thinking course; great learning academy; grokking system design; grow google certificate; grow google certificates cybersecurity; grow with google; grow with google courses; handbook of model based systems engineering; hansen leadership program; harvard edx; harvard leadership training; harvard mit online courses; harvard online courses; harvardx; high certificate in business management; how can i become a web designer; how can i get pmp certification; how to apply for massachusetts institute of technology; how to apply pmo; how to be a software developer; how to be an effective engineering manager; how to be good at problem solving; how to become a better strategist; how to become a it specialist; how to become a strategic thinker; how to become a systems engineer without a degree; how to become a tech expert; how to become a tech lead; how to create a system; how to create system; how to design a scalable system; how to develop my critical thinking skills; how to develop problem solving skills; how to develop problem solving skills in the workplace; how to do csm certification; how to do framework; how to gain problem solving skills; how to get into product management; how to improve critical thinking; how to improve logical thinking skills; how to improve problem solving skills; how to improve your logic building skills in programming; how to increase critical thinking; how to learn it at home; how to learn problem solving skills; how to learn system design; how to learn systems thinking; how to learn tech skills; how to learn to think strategically; how to solve algorithm problems; how to study for engineering classes; how to study it online; how to think in systems; how to think logically; how to train problem solving skills; howard cs50; hp certification courses; hris systems training; https learning upskillist com vodacom2; https ocw mit edu; https skills nutech edu pk; https www coursera org learn foundations of project management; https www edx org; https www edx org school harvardx; https www edx org school mitx; https www harvard edu online courses; https www tcsion com courses career edge; https www theforage com simulations cbre project management x2vz; hubspot academy revenue operations certification; hubspot crm courses; human centered systems thinking; i want to learn it; i want to learn programming; ibf funded courses systems thinking cpd hours; ibm business analyst professional certificate; ibm courses; ibm online courses; ibm skill build; ibm skillsbuild certificate; iceberg model of systems thinking; iceberg model systems thinking; ict online courses; ieee certificate; iit online courses; importance of organizational strategy; improve critical thinking; improve problem solving skills; industrial engineering online; information architecture certification; information architecture courses; information architecture degree; information technology online courses; information technology short courses online; infosys springboard courses; infrastructure architect course; innovation certificate online; innovation course; innovation management course; innovation strategy; innovation training courses; institute of project management certification; intellipaat; international business management institute ibmi; intro to deep learning mit; intro to project management google; introduction to project management alison; introduction to systems engineering; introduction to systems thinking; introduction to systems thinking course; isaca certified in risk and information systems control crisc; isee systems thinking course; it academy courses; it classes; it course; it courses; it courses in karachi; it courses online; it courses online south africa; it leadership development program; it leadership training; it online courses; it online courses in south africa; it project management methodologies; it short courses; it short courses online; it specialist school; it specialist training; it studies online; it training courses; key elements of organizational strategy; knowledge hub; knowledge learning platform; large scale project management; leadership and management; leadership and management courses; leadership and management courses harvard; leadership and management in engineering; leadership and management skills; leadership certificate; leadership classes; leadership course cornell; leadership course online; leadership courses; leadership courses harvard; leadership courses near me; leadership courses online; leadership development; leadership development courses; leadership development program; leadership development program jobs; leadership development training; leadership for engineering professionals; leadership for technical professionals; leadership for technical profssionals; leadership for technology professionals; leadership in engineering management; leadership management; leadership professional development; leadership seminars; leadership skills; leadership skills for engineers; leadership skills for technical professionals; leadership skills training; leadership training; leadership training certification; leadership training class; leadership training course; leadership training programs; leadership training topics; leading complex projects; leading effective teams; leading organizational change; lean methodologies; learn about systems; learn enterprise architecture; learn mit edu; learn problem solving; learn problem solving programming; learn product management; learn project management; learn rapid prototyping; learn skills; learn software architecture; learn software engineering; learn system architecture; learn system design; learn systems thinking; learn technical innovation; learn the latest tech skills; learner management systems; learning it online; learning management system; learning management system digiskills; learning project management; learning software engineering for beginners; learning system design; learning tcsionhub; learning to solve problems; learnvern; learnvern courses; linkedin learning systems thinking course; lms; lms digital skills; lms digital skills pk; lms le; lms learnership; lms learnership 2025; lms learnership application; lms learning management system; lms learning program; lms training application; lms training learning program 2026; lms training learning programme 2026; lms training program; logic courses; logical reasoning critical thinking mcqs; logical thinking training; logistics and supply chain management courses; logistics certificate; logistics certification; logistics course; logistics management; logistics management training; logistics online course; logistics simulation; logistics training; logistics training course; machine learning course for product managers; management; management skills; management skills online; management skills training; management training; management training for engineers; management training for technical professionals; management training topics; managerial leadership training; managing engineers; marketing management course; massachusetts institute of technology apply; master data structures and algorithms; masters; masters in construction management; masters in systems thinking; mbse mit; mckinsey project management; meta ios developer professional certificate; micro master supply chain management; micromaster mit supply chain; micromasters; micromasters in supply chain management mit; micromasters supply chain mit edx; microsoft certificate courses; microsoft certification courses; microsoft certified systems engineer; microsoft courses; microsoft courses with certificate; microsoft edx; microsoft fabric certification; mind laster com; mind luster; mind luster certificate; mind luster certificate value; mind luster co; mind luster com; mind luster come; mind luster con; mind luster course; mind luster courses; mindluster; mindluster com; mindluster come; mindluster courses; mindset training; mindtap; mindworx academy; mit application; mit beaver works; mit beaver works summer institute; mit business analytics program; mit bwsi beaver works summer institute; mit certificate courses; mit coding certificate; mit coding course; mit courses; mit cs courses; mit cto program; mit deep learning course; mit edx; mit edx courses; mit engineering certificate programs; mit full stack developer course; mit fundamentals of finance; mit idss; mit intro to deep learning; mit introduction to computational thinking and data science; mit introduction to technology engineering and science; mit launch; mit launchx summer program; mit leadership program; mit micromasters supply chain; mit mites; mit mites summer program; mit ocw system dynamics self study; mit ocw website; mit online courses with certificate; mit online degree; mit open course; mit open software; mit open ware course; mit opencourseware; mit opencourseware ai; mit opencourseware certificate; mit opencourseware com; mit opencourseware computer science; mit opencourseware lectures; mit opencourseware neuroscience; mit opencourseware ocw website; mit opencourseware physics; mit opencourseware system dynamics; mit opencourseware systems engineering; mit opencourseware systems thinking; mit opencourseware website; mit power electronics; mit pro; mit project management; mit project management certificate; mit project management course; mit project management simulation; mit research science institute rsi; mit sdm; mit sloan leadership; mit sloan online; mit sloan online courses; mit sloan school of management online courses; mit sloan system dynamics; mit summer engineering program; mit summer opportunities; mit summer program; mit summer programs; mit supply chain course; mit supply chain executive education; mit supply chain micromaster; mit supply chain micromasters; mit supply chain micromasters edx; mit system architecture; mit system dynamics; mit system dynamics group; mit system thinking; mit system thinking course; mit systems; mit systems dynamics; mit think; mit think scholars program; mit university courses; mit website; mit website login; mit xpro courses; mit xpro professional certificate in coding; mit xpro project management; mit xpro system thinking; mit xpro systems thinking course; mites minority introduction to engineering and science; mites summer program; mitopencourseware; mitopencourseware com; mitx edx; mitx micromasters credential in supply chain management; mitx micromasters in supply chain management; mitx micromasters supply chain; mitx micromasters supply chain management; mitx on edx; mitx online courses; mitx systems thinking; mobile system design book; modeling complex systems; monitoring and evaluation course; mooc gestion de projet; moocs courses; moodle learn; moodle learning management system lms; moodle training courses; moringa school; most popular leadership courses; mostec summer program; my business e learning platform; mygreatlearning; nanodegree; nanodegree program; network models; nita courses; northlink college; nptel; nptel courses; nptel online courses; ocw; ocw courses; ocw mit edu courses; ocw mit edu courses 6 s087 foundation; ocw mit edu index htm; ocw mit linear algebra; odin project; odin project certificate; office management course; omidyar systems thinking course; online ai courses with certificate; online business management courses; online business management courses south africa; online business strategy course; online certificate; online certificate courses; online class with certificate; online classes for it jobs; online classes it course; online coding classes; online coding classes with certificate; online college it courses; online computer class; online computer classes; online computer courses; online computer courses certificate; online computer courses with certificates; online computer science courses; online computer studies; online computer training; online computer training school; online course agile project management; online course for business management; online course in it; online course in project planning and management; online course management system; online course systems thinking; online course with certificate; online courses for it; online courses for plc programming; online courses for project management; online courses in kenya with certificates; online courses in mit; online courses on project management; online courses with certificate; online courses with certificates in kenya; online design thinking courses; online diploma courses in kenya; online erp course; online it courses in pakistan; online it courses with certificate; online it learning; online leadership certificate; online leadership course; online leadership program; online learnership lms; online learnerships for 2025 with stipend; online learning software; online logistics course; online management certificate programs; online management course; online management courses; online management information system; online masters in educational leadership; online masters in leadership; online mechanical engineering courses; online product management course; online project management certification; online project management course; online project management courses with certificates; online retail management courses; online short courses with certificate; online software training courses; online stanford courses; online system thinking course; online team building course; online team building program; online tech courses with certificates; online tech skills; online training courses with certificates; online training project management; online workshop with certificate; open course ware; open learning library mit; open learning mit; open moocs; open university systems thinking; open university systems thinking course; open university systems thinking free course; opencourseware; opencourseware mit; opencourseware ocw; operation management certificate; operations management certificate; organizational design course; organizational leadership; organizational leadership degree; organizational strategies; organizational strategy; organizational strategy certificate; organizational strategy examples; organizational strategy for engineers; organizational strategy for researchers; organizational strategy for scientists; organizational strategy for technical professionals; organizational strategy skills; organizational strategy structure and process; organizational strategy training; organizational strategy training for technical professionals; oxford strategic leadership programme; paksoft skill certificate; pega system architect; phd systems thinking; platform engineering course; pm4ngos exam; pmi certification; pmm course; pmo training; pmp; pmp certification; pmp certification cost; pmp certification in ethiopia; pmp certification requirements; pmp certifications; pmp exam fee in pakistan; pmp islamabad; pmp online course; pmp or prince2; pmp registration online; pmp training; powerpoint; ppt; primavera p6 course; prince 2 certificate; prince2 foundation certification; principles of system thinking; principles of systems; problem solving; problem solving and critical thinking; problem solving course; problem solving courses; problem solving in programming; problem solving practice; problem solving presentations; problem solving skills; problem solving techniques; process modeling in system analysis and design; product development courses; product management bootcamps; product management certificate; product management course; product management courses; product management online course; product management program; product management qualification; product management simulation; product management training; product management training course; product manager certificate; product school teachable; professional lms; professionalonline2 mit edu; profile; program; program coordinator courses; program management; program management certification; programing course; programs; progressive training development and projects; project config; project finance certification; project leadership course; project management; project management and business analysis courses; project management cert; project management certificate; project management certification; project management certification courses free; project management certification online mit; project management certification pmp; project management course drive google com; project management course in ethiopia; project management courses; project management courses by google; project management courses for freshers; project management courses in nigeria; project management courses online; project management courses with certificates; project management free course by google; project management free course with certificate; project management free online courses with certificates; project management leading organizations to success; project management learnership; project management learnership nqf level 5; project management maturity model; project management methodologies; project management online certificate; project management online course; project management online courses; project management online courses free; project management professional certification; project management professional online course; project management professional pmp; project management professional pmp certification free; project management short course; project management short courses; project management simulation; project management skills certification; project management study; project management techniques; project management training course; project manager certificate; project manager certification; project manager course; project plan; project planning courses; project procurement management; project success program; rapid design; rapid design online course; rapid prototyping; rapid prototyping online course; rapid prototyping services; retail management course; retail management short courses; revit course; revops certification; road transport management course; rotational product manager programs; sap s 4hana training; saylor org certificate; scaler academy; scrum; scrum master certification; scrum master certification exam; scrum master certification free; scrum master course; scrum master online course; scrum org certification; self paced courses; send online lms; senge systems thinking course; seta learning practitioner engineering programme; short courses business management; short it courses online; short management courses; short project management courses; simpl learn; simple learn skill up; simple learning skillup; simplify complex problems; simplify complex processes; simplilearn; simplilearn certificate; simplilearn com; simplilearn skill up; simplilearn skillup; simplilearn skillup certificate; simply learn; sites to learn it; skill certificate online; skill sprint e learning platform; skills; skills build; skills for a project manager; skillup by simplilearn; small business management course; smartpm training; soft skill certificate; soft skill certificate pakistan; soft skill training certificate pakistan; soft skills; soft skills for engineers; soft skills for technical professionals; soft skills training; software architect course; software architecture; software architecture certificate programs; software architecture patterns by mark richards pdf; software courses online; software development certificate; software development courses for beginners; software engineer course online; software engineering course online; software engineering short course; software online courses; software short courses; sololearn; solve complex problems; stanford leadership courses; stanford online courses; stanford online management courses; stanford problem solving; stanford product management course; stanford university online courses; start learning with edx; stella system dynamics; stem courses; store keeper course; store manager courses; stores and stock control courses; strategic innovation management; strategic learnership; strategic management skills; strategic management skills for technical professionals; strategic management training; strategic management training for technical professionals; strategic planning for engineers; strategic planning for technical professionals; strategic planning skills; strategic planning training; strategic skills training; strategic thinking; strategic thinking in complex problem solving; strategic thinking workshop; strategy and innovation; structured problem solving; study of systems; supervisor certificate course; supply chain fundamentals mit; supply chain logistics certificate; supply chain logistics online course; supply chain management mit edx; supply chain management short courses online; sysml; sysml tools; syspro training courses; system analysis and design; system analysis and design course; system archetypes; system architecture certification; system architecture program; system design; system design and architecture; system design and management mit; system design beginner; system design books; system design bootcamp; system design certification; system design certification course; system design course; system design course mit; system design courses; system design for managers; system design interview guide for software architecture udemy; system design interview pdf; system design masterclass; system design mit; system design program; system design thinking course; system development; system dynamics and response; system dynamics applications; system dynamics certificate; system dynamics course online; system dynamics mit; system dynamics modeling; system dynamics modeling examples; system dynamics online course; system dynamics review; system dynamics society; system dynamics tools; system dynamics training; system emergence; system engineer bootcamp; system engineer courses; system engineering course; system engineering course online; system engineering online course; system modeling course; system performance; system theory course; system think; system thinking; system thinking and analysis course description; system thinking book; system thinking certificate; system thinking course; system thinking course free; system thinking course outline; system thinking course singapore; system thinking coursera; system thinking courses; system thinking definition; system thinking design; system thinking examples; system thinking in technical environments; system thinking mit; system thinking mit course; system thinking online course; system thinking simulation; system work training; systematic thinking; systems architecture course; systems course; systems design course; systems design courses; systems design engineering; systems dynamic method; systems dynamics; systems dynamics society; systems engineer courses; systems engineering course mit; systems engineering courses online; systems engineering masters; systems engineering online courses; systems engineering process steps; systems engineering training courses; systems science masters; systems theory course; systems thinking; systems thinking and system dynamics; systems thinking application; systems thinking approach; systems thinking book; systems thinking certification; systems thinking certification program; systems thinking class; systems thinking college course; systems thinking competency course; systems thinking competency course mit; systems thinking course coursera; systems thinking course design best practices for professionals; systems thinking course design for professionals examples; systems thinking course design for professionals examples vietnam; systems thinking course design for professionals vietnam; systems thinking course free; systems thinking course harvard; systems thinking course hero; systems thinking course ice breaker; systems thinking course london; systems thinking course mit; systems thinking course onlin; systems thinking course online; systems thinking course outline; systems thinking course singapore; systems thinking course starr; systems thinking course syllabus; systems thinking course uk; systems thinking coursera; systems thinking courses australia; systems thinking courses online; systems thinking courses south africa; systems thinking courses uk; systems thinking education; systems thinking for engineers; systems thinking for managers; systems thinking for project managers; systems thinking for social change; systems thinking free course; systems thinking free online course; systems thinking in business; systems thinking in healthcare; systems thinking in healthcare course; systems thinking in practice; systems thinking in practice course; systems thinking leadership; systems thinking mit xpro; systems thinking mooc; systems thinking network; systems thinking online certificate; systems thinking online course; systems thinking pdf; systems thinking phd; systems thinking playbook pdf; systems thinking practitioner; systems thinking process improvement; systems thinking professional certificate; systems thinking professional certificate mit; systems thinking program mit xpro; systems thinking research; systems thinking short course; systems thinking standards institute; systems thinking stanford; systems thinking systems practice; systems thinking training; systems thinking training course; systems thinking training courses; systems thinking workshop; team building certificate; team building for engineers; team building for technical professionals; team building skills; team building training; team leader training; tech courses online; tech lead responsibilities; tech short courses; tech skills to learn; technical architecture courses; technical innovation; technical innovation certificate; technical innovation online course; technical innovation training; technical leadership; technical leadership certificate; technical leadership course; technical leadership development; technical leadership online program; technical leadership skills; technical leadership skills list; technical problem solving; technical product management; technical product manager training; technical program management; technical program management courses; technical project management; technical project management courses; technical project manager training; technology leadership program; technology workshops near me; the iceberg model of systems thinking; the mind luster; the odin project; the systems thinker; the v model systems engineering; think in systems; thinking in systems; thinking in systems a primer; thinking in systems course; thinking in systems donella meadows; thinking in systems pdf; thinking in systems summary; thinking skills; thinking skills questions; togaf course; top leadership development programs; top leadership training courses; top lms platforms 2024; top management training courses; training; training for critical thinking; training leadership program; training mbusoms co za; training program management; training think tank energy systems course; tvet colleges offering project management; types of leadership training; types of organizational strategy; udacity courses with certificate; udemy; udemy coursera; udemy courses; udemy edx; udemy online courses; university of kwazulu natal; university of technology pretoria; vanguard systems thinking course; waters center for systems thinking; web designing free course with certificate; website system design; what course transfer to wgu systems thinking; what course transfer to wgu systems thinking reddit; what courses count as systems thinking or systems engineering; what is agile methodology; what is agile project management; what is organizational strategy; what is radical innovation; what is system engineering; what is systems thinking; what is the concept of emergence; whats systems thinking; workshop; wpi system dynamics; www coursera org; www learnwithdexa com; www mindluster com; www ocw mit edu courses; www pmi org; www sdp edu za; www the programmers university com; xpro mit,37,project management program; system engineering; systems thinking course; systems thinking courses
ks_0019,,learn system thinking; mit systems thinking; project management training; system architecture course; system dynamics; system engineering; systems thinking certificate; systems thinking courses; systems thinking mit; what is system thinking,learn system thinking; mit system dynamics course; mit systems thinking; mit systems thinking course; mit xpro systems thinking; system dynamics; system dynamics course; system thinking certification; systems thinking course; what is system thinking,learn system thinking; mit system dynamics course; mit systems thinking; mit systems thinking course; mit xpro systems thinking; project management training; system architecture course; system dynamics; system dynamics course; system engineering; system thinking certification; systems thinking certificate; systems thinking course; systems thinking courses; systems thinking mit; what is system thinking,,,360 learning; 3d prototyping; 4 week certificate programs online; absorb lms; academy asana com; academy asana com workflow specialist; academy for systems change; aconex course online; acumen systems thinking course; advanced modeling; agicorp academy; agile courses; agile methodologies; agile project; agile project management; agile project management course; ai in systems engineering; ai project management course; ai project management courses; ai software engineer course; ai system design; ai systems performance engineering; alison course certificate; alison courses; altium pcb design course; alx academy courses; alx courses; alxafrica courses; an introduction to general systems thinking; analytical thinking and innovation skills; analytical thinking problem solving; applied systems thinking courses; apply mit edu; architect complex processes; ardiland institute of technology; asana; automation course; automation masters online; barry richmond systems thinking; basecamp; become a product manager by cole mercer; becoming an entrepreneur mit; best business certification programs; best certifications for it directors; best course in business analytics; best course on critical thinking; best course on system design; best courses for project management; best critical thinking courses; best free online project management courses with certificates; best leadership development program; best leadership training programs; best online certificate programs for project management; best online coding courses with certificates; best product management certification; best project management certification; best project management courses; best software architect certification; best system design book; best system design course; best systems thinking courses; best tech online courses; books; books for system design; books on systems thinking; brand management courses; business administration certifications; business administration level 2 course; business administration nqf 3; business analyst course; business classes online with certificates; business courses online with certificates; business dynamics; business leadership course; business leadership skills; business leadership training; business management course; business management courses; business management courses cape town; business management in service training; business management online short courses; business management short courses; business management training; business school e learning learnership smart lms; business strategy skills; business strategy training; business systems analyst courses; business systems course; business systems courses; business systems design; call center management course; can i get shrm credit for systems thinking course; can i learn it online; capm certification; career essentials certificate by microsoft and linkedin; carnegie mellon software architecture certification; certificate; certificate course on business management; certificate courses; certificate courses online; certificate for project; certificate in project management; certificate in systems engineering; certificate in systems thinking; certificate programs online; certificates for engineering students; certification; certification in agentic systems and design; certification mit; certification program in agentic systems and design; certified associate in project management capm; chicago booth leadership program; cisco courses online; class; class central; class central certificate; class central certificates; cleveland state university systems thinking course; clickup; cm certified manager; cm punjab it certification program 2025; cmu software architecture; codedamn courses; coding certificate course; coding classes online; coding course; coding courses; coding courses online; coding online courses; coding short courses online; company secretary course; complex adaptive systems training; complex problem solving; complex problem solving course; complex systems course online; complex systems mit; comptia a; computer course; computer course certificate free download; computer courses; computer courses online; computer hardware engineer courses; computer online classes; computer online courses; computer science certificate programs; computer software course; computer systems engineering vs computer science; computer technology course; construction courses unisa; construction foreman courses; construction management certificate; construction management course; construction management courses; construction management diploma online; construction manager certification; construction short courses online; continuous improvement certification online; control engineering online course; cornell systems thinking; corporate leadership training; corporate strategy for engineers; corporate strategy for technical professionals; corporate strategy skills; corporate strategy training; cost engineer certification; cost management courses; cours de gestion de projet en ligne gratuit; course; course on systems thinking; course system thinking quiz 1; course systems thinking; coursera and edx; coursera certificate; coursera edx; coursera project management; coursera system design; coursera systems engineering; courses of marketing management; courses on program management; courses on project management; courses on systems thinking; courses with certificates; create design system; create project plan; critical thinking and problem solving; critical thinking and problem solving course; critical thinking bot; critical thinking certification; critical thinking class; critical thinking com; critical thinking course; critical thinking course free; critical thinking mit; critical thinking online course; critical thinking practice; critical thinking short course; critical thinking skills; cs50; cs50 by harvard; cs50 edx; curso de dinamica de sistemas; curso scrum; dale carnegie leadership training; decision making courses online; degree; demand planning certification; demonstrating problem solving skills; design thinking certification; design thinking certification stanford; design thinking course; design thinking ibm; design thinking systems course nyc; designing data intensive applications; designing distributed systems; devops course; digiskill; digiskills; digiskills courses; digiskills registration; digital leadership program; digital management course online; digital project manager certification; digitaldefynd; digitalskill lms; dit course; does economics count as a systems thinking course; donella h meadows thinking in systems; drop servicing course; dynamic models; dynamic work design; e learning lms; e learning lms learnership; e learning lms learnership 2024; e learning lms learnership 2025; e learning lms learnership 2025 online application; e learning lms learnership application; e learning lms register; e learning lms registration; e lms; ecornell engineering leadership; edureka lms; edx; edx certificate; edx course; edx coursera; edx courses; edx cs50 introduction to computer science; edx cs50x; edx edu; edx get smarter; edx harvard courses; edx harvard mit; edx learning platform; edx mit; edx mit certificate; edx mit supply chain fundamentals; edx mitx; edx mooc org; edx online courses; edx org; edx supply chain; edx supply chain fundamentals; edx systems engineering; edx systems thinking; edx website; effective leadership; effective leadership program; effective leadership skills; effective team leadership for engineers; elearning lms; elearning lms learnership; elearning lms learnership 2025; elearning lms learnership 2025 online application; elearning lms learnership application; elearning lms learnerships; elearning lms registration; elearning platform courses; embedded programming course; embedded systems engineer certification; emotional intelligence training for engineers; empowering rural women through it training; engineering bursaries; engineering courses; engineering courses online; engineering leader; engineering leadership; engineering leadership certificate; engineering leadership course online; engineering leadership development; engineering leadership development program; engineering leadership program; engineering leadership skills; engineering leadership workshop; engineering management mit; engineering manager course; engineering manager skills; engineering manager training; engineering problem solving; engineering short courses; engineering systems thinking; enterprise application architecture; enterprise architecture certification; erp system certification; erp system learning; essential skills certificate for engineers; essential skills certificate for technical professionals; essential skills for engineers; essential skills for technical professionals; essential skills online course; essential skills training; ethio coders et certification; ethio coders et certification online; ethiocoders et courses; executive coaching certification; executive coaching course for engineers; executive coaching training; executive leadership development; executive leadership skills; executive leadership training; executive leadership training for engineers; executive leadership training for technical professionals; exercising leadership foundational principles harvard; fire; formation en gestion de projet; foundation of system thinking; foundations of project management by google; frank miano msb tutorial; free; free online business management courses with certificate of completion; free online certificate courses in business administration; free online course on project management; free online courses on systems thinking; free online management courses with certificates; free online project management course with certificate; free online project management courses; free online project management courses with certificates; free project management courses; free project management courses with certificates; free software engineering courses with certificate; free systems thinking course; free ux design course with certificate; freecodecamp courses; freecodecamp courses with certificate; freecodecamp full stack certification; front line leadership training; fully funded masters in project management; fundamental leadership and engineering competencies; futures thinking certification; futureskill elearning platform; geeksforgeeks courses; global it certifications; google career certificate program; google certificate courses; google certificate project management; google certification courses; google cybersecurity professional certificate; google cybersecurity professional certificate via coursera; google it support professional certificate; google it support professional certificate coursera; google management certificate; google management project certificate; google product management course; google project management certificate; google project management certificate coursera; google project management certification; google project management certification free; google project management course; google project management coursera; google project management professional certificate; google project management professional certificate reddit; graphic design systems thinking course; great learning academy; grokking system design; grow google certificate; grow google certificates cybersecurity; grow with google; grow with google courses; handbook of model based systems engineering; hansen leadership program; harvard edx; harvard leadership training; harvard mit online courses; harvard online courses; harvardx; high certificate in business management; how can i become a web designer; how can i get pmp certification; how to apply for massachusetts institute of technology; how to apply pmo; how to be a software developer; how to be an effective engineering manager; how to be good at problem solving; how to become a better strategist; how to become a it specialist; how to become a strategic thinker; how to become a systems engineer without a degree; how to become a tech expert; how to become a tech lead; how to create a system; how to create system; how to design a scalable system; how to develop my critical thinking skills; how to develop problem solving skills; how to develop problem solving skills in the workplace; how to do csm certification; how to do framework; how to gain problem solving skills; how to get into product management; how to improve critical thinking; how to improve logical thinking skills; how to improve problem solving skills; how to improve your logic building skills in programming; how to increase critical thinking; how to learn it at home; how to learn problem solving skills; how to learn system design; how to learn systems thinking; how to learn tech skills; how to learn to think strategically; how to solve algorithm problems; how to study for engineering classes; how to study it online; how to think in systems; how to think logically; how to train problem solving skills; howard cs50; hp certification courses; hris systems training; https learning upskillist com vodacom2; https ocw mit edu; https skills nutech edu pk; https www coursera org learn foundations of project management; https www edx org; https www edx org school harvardx; https www edx org school mitx; https www harvard edu online courses; https www tcsion com courses career edge; https www theforage com simulations cbre project management x2vz; hubspot academy revenue operations certification; hubspot crm courses; human centered systems thinking; i want to learn it; i want to learn programming; ibf funded courses systems thinking cpd hours; ibm business analyst professional certificate; ibm courses; ibm online courses; ibm skill build; ibm skillsbuild certificate; iceberg model of systems thinking; iceberg model systems thinking; ict online courses; ieee certificate; iit online courses; importance of organizational strategy; improve critical thinking; improve problem solving skills; industrial engineering online; information architecture certification; information architecture courses; information architecture degree; information technology online courses; information technology short courses online; infosys springboard courses; infrastructure architect course; innovation certificate online; innovation course; innovation management course; innovation strategy; innovation training courses; institute of project management certification; intellipaat; international business management institute ibmi; intro to deep learning mit; intro to project management google; introduction to project management alison; introduction to systems engineering; introduction to systems thinking; introduction to systems thinking course; isaca certified in risk and information systems control crisc; isee systems thinking course; it academy courses; it classes; it course; it courses; it courses in karachi; it courses online; it courses online south africa; it leadership development program; it leadership training; it online courses; it online courses in south africa; it project management methodologies; it short courses; it short courses online; it specialist school; it specialist training; it studies online; it training courses; key elements of organizational strategy; knowledge hub; knowledge learning platform; large scale project management; leadership and management; leadership and management courses; leadership and management courses harvard; leadership and management in engineering; leadership and management skills; leadership certificate; leadership classes; leadership course cornell; leadership course online; leadership courses; leadership courses harvard; leadership courses near me; leadership courses online; leadership development; leadership development courses; leadership development program; leadership development program jobs; leadership development training; leadership for engineering professionals; leadership for technical professionals; leadership for technical profssionals; leadership for technology professionals; leadership in engineering management; leadership management; leadership professional development; leadership seminars; leadership skills; leadership skills for engineers; leadership skills for technical professionals; leadership skills training; leadership training; leadership training certification; leadership training class; leadership training course; leadership training programs; leadership training topics; leading complex projects; leading effective teams; leading organizational change; lean methodologies; learn about systems; learn enterprise architecture; learn mit edu; learn problem solving; learn problem solving programming; learn product management; learn project management; learn rapid prototyping; learn skills; learn software architecture; learn software engineering; learn system architecture; learn system design; learn systems thinking; learn technical innovation; learn the latest tech skills; learner management systems; learning it online; learning management system; learning management system digiskills; learning project management; learning software engineering for beginners; learning system design; learning tcsionhub; learning to solve problems; learnvern; learnvern courses; linkedin learning systems thinking course; lms; lms digital skills; lms digital skills pk; lms le; lms learnership; lms learnership 2025; lms learnership application; lms learning management system; lms learning program; lms training application; lms training learning program 2026; lms training learning programme 2026; lms training program; logic courses; logical reasoning critical thinking mcqs; logical thinking training; logistics and supply chain management courses; logistics certificate; logistics certification; logistics course; logistics management; logistics management training; logistics online course; logistics simulation; logistics training; logistics training course; machine learning course for product managers; management; management skills; management skills online; management skills training; management training; management training for engineers; management training for technical professionals; management training topics; managerial leadership training; managing engineers; marketing management course; massachusetts institute of technology apply; master data structures and algorithms; masters; masters in construction management; masters in systems thinking; mbse mit; mckinsey project management; meta ios developer professional certificate; micro master supply chain management; micromaster mit supply chain; micromasters; micromasters in supply chain management mit; micromasters supply chain mit edx; microsoft certificate courses; microsoft certification courses; microsoft certified systems engineer; microsoft courses; microsoft courses with certificate; microsoft edx; microsoft fabric certification; mind laster com; mind luster; mind luster certificate; mind luster certificate value; mind luster co; mind luster com; mind luster come; mind luster con; mind luster course; mind luster courses; mindluster; mindluster com; mindluster come; mindluster courses; mindset training; mindtap; mindworx academy; mit application; mit beaver works; mit beaver works summer institute; mit business analytics program; mit bwsi beaver works summer institute; mit certificate courses; mit coding certificate; mit coding course; mit courses; mit cs courses; mit cto program; mit deep learning course; mit edx; mit edx courses; mit engineering certificate programs; mit full stack developer course; mit fundamentals of finance; mit idss; mit intro to deep learning; mit introduction to computational thinking and data science; mit introduction to technology engineering and science; mit launch; mit launchx summer program; mit leadership program; mit micromasters supply chain; mit mites; mit mites summer program; mit ocw system dynamics self study; mit ocw website; mit online courses with certificate; mit online degree; mit open course; mit open software; mit open ware course; mit opencourseware; mit opencourseware ai; mit opencourseware certificate; mit opencourseware com; mit opencourseware computer science; mit opencourseware lectures; mit opencourseware neuroscience; mit opencourseware ocw website; mit opencourseware physics; mit opencourseware system dynamics; mit opencourseware systems engineering; mit opencourseware systems thinking; mit opencourseware website; mit power electronics; mit pro; mit project management; mit project management certificate; mit project management course; mit project management simulation; mit research science institute rsi; mit sdm; mit sloan leadership; mit sloan online; mit sloan online courses; mit sloan school of management online courses; mit sloan system dynamics; mit summer engineering program; mit summer opportunities; mit summer program; mit summer programs; mit supply chain course; mit supply chain executive education; mit supply chain micromaster; mit supply chain micromasters; mit supply chain micromasters edx; mit system architecture; mit system dynamics; mit system dynamics group; mit system thinking; mit system thinking course; mit systems; mit systems dynamics; mit think; mit think scholars program; mit university courses; mit website; mit website login; mit xpro courses; mit xpro professional certificate in coding; mit xpro project management; mit xpro system thinking; mit xpro systems thinking course; mites minority introduction to engineering and science; mites summer program; mitopencourseware; mitopencourseware com; mitx edx; mitx micromasters credential in supply chain management; mitx micromasters in supply chain management; mitx micromasters supply chain; mitx micromasters supply chain management; mitx on edx; mitx online courses; mitx systems thinking; mobile system design book; modeling complex systems; monitoring and evaluation course; mooc gestion de projet; moocs courses; moodle learn; moodle learning management system lms; moodle training courses; moringa school; most popular leadership courses; mostec summer program; my business e learning platform; mygreatlearning; nanodegree; nanodegree program; network models; nita courses; northlink college; nptel; nptel courses; nptel online courses; ocw; ocw courses; ocw mit edu courses; ocw mit edu courses 6 s087 foundation; ocw mit edu index htm; ocw mit linear algebra; odin project; odin project certificate; office management course; omidyar systems thinking course; online ai courses with certificate; online business management courses; online business management courses south africa; online business strategy course; online certificate; online certificate courses; online class with certificate; online classes for it jobs; online classes it course; online coding classes; online coding classes with certificate; online college it courses; online computer class; online computer classes; online computer courses; online computer courses certificate; online computer courses with certificates; online computer science courses; online computer studies; online computer training; online computer training school; online course agile project management; online course for business management; online course in it; online course in project planning and management; online course management system; online course systems thinking; online course with certificate; online courses for it; online courses for plc programming; online courses for project management; online courses in kenya with certificates; online courses in mit; online courses on project management; online courses with certificate; online courses with certificates in kenya; online design thinking courses; online diploma courses in kenya; online erp course; online it courses in pakistan; online it courses with certificate; online it learning; online leadership certificate; online leadership course; online leadership program; online learnership lms; online learnerships for 2025 with stipend; online learning software; online logistics course; online management certificate programs; online management course; online management courses; online management information system; online masters in educational leadership; online masters in leadership; online mechanical engineering courses; online product management course; online project management certification; online project management course; online project management courses with certificates; online retail management courses; online short courses with certificate; online software training courses; online stanford courses; online system thinking course; online team building course; online team building program; online tech courses with certificates; online tech skills; online training courses with certificates; online training project management; online workshop with certificate; open course ware; open learning library mit; open learning mit; open moocs; open university systems thinking; open university systems thinking course; open university systems thinking free course; opencourseware; opencourseware mit; opencourseware ocw; operation management certificate; operations management certificate; organizational design course; organizational leadership; organizational leadership degree; organizational strategies; organizational strategy; organizational strategy certificate; organizational strategy examples; organizational strategy for engineers; organizational strategy for researchers; organizational strategy for scientists; organizational strategy for technical professionals; organizational strategy skills; organizational strategy structure and process; organizational strategy training; organizational strategy training for technical professionals; oxford strategic leadership programme; paksoft skill certificate; pega system architect; phd systems thinking; platform engineering course; pm4ngos exam; pmi certification; pmm course; pmo training; pmp; pmp certification; pmp certification cost; pmp certification in ethiopia; pmp certification requirements; pmp certifications; pmp exam fee in pakistan; pmp islamabad; pmp online course; pmp or prince2; pmp registration online; pmp training; powerpoint; ppt; primavera p6 course; prince 2 certificate; prince2 foundation certification; principles of system thinking; principles of systems; problem solving; problem solving and critical thinking; problem solving course; problem solving courses; problem solving in programming; problem solving practice; problem solving presentations; problem solving skills; problem solving techniques; process modeling in system analysis and design; product development courses; product management bootcamps; product management certificate; product management course; product management courses; product management online course; product management program; product management qualification; product management simulation; product management training; product management training course; product manager certificate; product school teachable; professional lms; professionalonline2 mit edu; profile; program; program coordinator courses; program management; program management certification; programing course; programs; progressive training development and projects; project config; project finance certification; project leadership course; project management; project management and business analysis courses; project management cert; project management certificate; project management certification; project management certification courses free; project management certification online mit; project management certification pmp; project management course drive google com; project management course in ethiopia; project management courses; project management courses by google; project management courses for freshers; project management courses in nigeria; project management courses online; project management courses with certificates; project management free course by google; project management free course with certificate; project management free online courses with certificates; project management leading organizations to success; project management learnership; project management learnership nqf level 5; project management maturity model; project management methodologies; project management online certificate; project management online course; project management online courses; project management online courses free; project management professional certification; project management professional online course; project management professional pmp; project management professional pmp certification free; project management short course; project management short courses; project management simulation; project management skills certification; project management study; project management techniques; project management training course; project manager certificate; project manager certification; project manager course; project plan; project planning courses; project procurement management; project success program; rapid design; rapid design online course; rapid prototyping; rapid prototyping online course; rapid prototyping services; retail management course; retail management short courses; revit course; revops certification; road transport management course; rotational product manager programs; sap s 4hana training; saylor org certificate; scaler academy; scrum; scrum master certification; scrum master certification exam; scrum master certification free; scrum master course; scrum master online course; scrum org certification; self paced courses; send online lms; senge systems thinking course; seta learning practitioner engineering programme; short courses business management; short it courses online; short management courses; short project management courses; simpl learn; simple learn skill up; simple learning skillup; simplify complex problems; simplify complex processes; simplilearn; simplilearn certificate; simplilearn com; simplilearn skill up; simplilearn skillup; simplilearn skillup certificate; simply learn; sites to learn it; skill certificate online; skill sprint e learning platform; skills; skills build; skills for a project manager; skillup by simplilearn; small business management course; smartpm training; soft skill certificate; soft skill certificate pakistan; soft skill training certificate pakistan; soft skills; soft skills for engineers; soft skills for technical professionals; soft skills training; software architect course; software architecture; software architecture certificate programs; software architecture patterns by mark richards pdf; software courses online; software development certificate; software development courses for beginners; software engineer course online; software engineering course online; software engineering short course; software online courses; software short courses; sololearn; solve complex problems; stanford leadership courses; stanford online courses; stanford online management courses; stanford problem solving; stanford product management course; stanford university online courses; start learning with edx; stella system dynamics; stem courses; store keeper course; store manager courses; stores and stock control courses; strategic innovation management; strategic learnership; strategic management skills; strategic management skills for technical professionals; strategic management training; strategic management training for technical professionals; strategic planning for engineers; strategic planning for technical professionals; strategic planning skills; strategic planning training; strategic skills training; strategic thinking; strategic thinking in complex problem solving; strategic thinking workshop; strategy and innovation; structured problem solving; study of systems; supervisor certificate course; supply chain fundamentals mit; supply chain logistics certificate; supply chain logistics online course; supply chain management mit edx; supply chain management short courses online; sysml; sysml tools; syspro training courses; system analysis and design; system analysis and design course; system archetypes; system architecture certification; system architecture program; system design; system design and architecture; system design and management mit; system design beginner; system design books; system design bootcamp; system design certification; system design certification course; system design course; system design course mit; system design courses; system design for managers; system design interview guide for software architecture udemy; system design interview pdf; system design masterclass; system design mit; system design program; system design thinking course; system development; system dynamics and response; system dynamics applications; system dynamics certificate; system dynamics course online; system dynamics mit; system dynamics modeling; system dynamics modeling examples; system dynamics online course; system dynamics review; system dynamics society; system dynamics tools; system dynamics training; system emergence; system engineer bootcamp; system engineer courses; system engineering course; system engineering course online; system engineering online course; system modeling course; system performance; system theory course; system think; system thinking; system thinking and analysis course description; system thinking book; system thinking certificate; system thinking course; system thinking course free; system thinking course outline; system thinking course singapore; system thinking coursera; system thinking courses; system thinking definition; system thinking design; system thinking examples; system thinking in technical environments; system thinking mit; system thinking mit course; system thinking online course; system thinking simulation; system work training; systematic thinking; systems architecture course; systems course; systems design course; systems design courses; systems design engineering; systems dynamic method; systems dynamics; systems dynamics society; systems engineer courses; systems engineering course mit; systems engineering courses online; systems engineering masters; systems engineering online courses; systems engineering process steps; systems engineering training courses; systems science masters; systems theory course; systems thinking; systems thinking and system dynamics; systems thinking application; systems thinking approach; systems thinking book; systems thinking certification; systems thinking certification program; systems thinking class; systems thinking college course; systems thinking competency course; systems thinking competency course mit; systems thinking course coursera; systems thinking course design best practices for professionals; systems thinking course design for professionals examples; systems thinking course design for professionals examples vietnam; systems thinking course design for professionals vietnam; systems thinking course free; systems thinking course harvard; systems thinking course hero; systems thinking course ice breaker; systems thinking course london; systems thinking course mit; systems thinking course onlin; systems thinking course online; systems thinking course outline; systems thinking course singapore; systems thinking course starr; systems thinking course syllabus; systems thinking course uk; systems thinking coursera; systems thinking courses australia; systems thinking courses online; systems thinking courses south africa; systems thinking courses uk; systems thinking education; systems thinking for engineers; systems thinking for managers; systems thinking for project managers; systems thinking for social change; systems thinking free course; systems thinking free online course; systems thinking in business; systems thinking in healthcare; systems thinking in healthcare course; systems thinking in practice; systems thinking in practice course; systems thinking leadership; systems thinking mit xpro; systems thinking mooc; systems thinking network; systems thinking online certificate; systems thinking online course; systems thinking pdf; systems thinking phd; systems thinking playbook pdf; systems thinking practitioner; systems thinking process improvement; systems thinking professional certificate; systems thinking professional certificate mit; systems thinking program mit xpro; systems thinking research; systems thinking short course; systems thinking standards institute; systems thinking stanford; systems thinking systems practice; systems thinking training; systems thinking training course; systems thinking training courses; systems thinking workshop; team building certificate; team building for engineers; team building for technical professionals; team building skills; team building training; team leader training; tech courses online; tech lead responsibilities; tech short courses; tech skills to learn; technical architecture courses; technical innovation; technical innovation certificate; technical innovation online course; technical innovation training; technical leadership; technical leadership certificate; technical leadership course; technical leadership development; technical leadership online program; technical leadership skills; technical leadership skills list; technical problem solving; technical product management; technical product manager training; technical program management; technical program management courses; technical project management; technical project management courses; technical project manager training; technology leadership program; technology workshops near me; the iceberg model of systems thinking; the mind luster; the odin project; the systems thinker; the v model systems engineering; think in systems; thinking in systems; thinking in systems a primer; thinking in systems course; thinking in systems donella meadows; thinking in systems pdf; thinking in systems summary; thinking skills; thinking skills questions; togaf course; top leadership development programs; top leadership training courses; top lms platforms 2024; top management training courses; training; training for critical thinking; training leadership program; training mbusoms co za; training program management; training think tank energy systems course; tvet colleges offering project management; types of leadership training; types of organizational strategy; udacity courses with certificate; udemy; udemy coursera; udemy courses; udemy edx; udemy online courses; university of kwazulu natal; university of technology pretoria; vanguard systems thinking course; waters center for systems thinking; web designing free course with certificate; website system design; what course transfer to wgu systems thinking; what course transfer to wgu systems thinking reddit; what courses count as systems thinking or systems engineering; what is agile methodology; what is agile project management; what is organizational strategy; what is radical innovation; what is system engineering; what is systems thinking; what is the concept of emergence; whats systems thinking; workshop; wpi system dynamics; www coursera org; www learnwithdexa com; www mindluster com; www ocw mit edu courses; www pmi org; www sdp edu za; www the programmers university com; xpro mit,360 learning; 3d prototyping; 4 week certificate programs online; absorb lms; academy asana com; academy asana com workflow specialist; academy for systems change; aconex course online; acumen systems thinking course; advanced modeling; agicorp academy; agile courses; agile methodologies; agile project; agile project management; agile project management course; ai in systems engineering; ai project management course; ai project management courses; ai software engineer course; ai system design; ai systems performance engineering; alison course certificate; alison courses; altium pcb design course; alx academy courses; alx courses; alxafrica courses; an introduction to general systems thinking; analytical thinking and innovation skills; analytical thinking problem solving; applied systems thinking courses; apply mit edu; architect complex processes; ardiland institute of technology; asana; automation course; automation masters online; barry richmond systems thinking; basecamp; become a product manager by cole mercer; becoming an entrepreneur mit; best business certification programs; best certifications for it directors; best course in business analytics; best course on critical thinking; best course on system design; best courses for project management; best critical thinking courses; best free online project management courses with certificates; best leadership development program; best leadership training programs; best online certificate programs for project management; best online coding courses with certificates; best product management certification; best project management certification; best project management courses; best software architect certification; best system design book; best system design course; best systems thinking courses; best tech online courses; books; books for system design; books on systems thinking; brand management courses; business administration certifications; business administration level 2 course; business administration nqf 3; business analyst course; business classes online with certificates; business courses online with certificates; business dynamics; business leadership course; business leadership skills; business leadership training; business management course; business management courses; business management courses cape town; business management in service training; business management online short courses; business management short courses; business management training; business school e learning learnership smart lms; business strategy skills; business strategy training; business systems analyst courses; business systems course; business systems courses; business systems design; call center management course; can i get shrm credit for systems thinking course; can i learn it online; capm certification; career essentials certificate by microsoft and linkedin; carnegie mellon software architecture certification; certificate; certificate course on business management; certificate courses; certificate courses online; certificate for project; certificate in project management; certificate in systems engineering; certificate in systems thinking; certificate programs online; certificates for engineering students; certification; certification in agentic systems and design; certification mit; certification program in agentic systems and design; certified associate in project management capm; chicago booth leadership program; cisco courses online; class; class central; class central certificate; class central certificates; cleveland state university systems thinking course; clickup; cm certified manager; cm punjab it certification program 2025; cmu software architecture; codedamn courses; coding certificate course; coding classes online; coding course; coding courses; coding courses online; coding online courses; coding short courses online; company secretary course; complex adaptive systems training; complex problem solving; complex problem solving course; complex systems course online; complex systems mit; comptia a; computer course; computer course certificate free download; computer courses; computer courses online; computer hardware engineer courses; computer online classes; computer online courses; computer science certificate programs; computer software course; computer systems engineering vs computer science; computer technology course; construction courses unisa; construction foreman courses; construction management certificate; construction management course; construction management courses; construction management diploma online; construction manager certification; construction short courses online; continuous improvement certification online; control engineering online course; cornell systems thinking; corporate leadership training; corporate strategy for engineers; corporate strategy for technical professionals; corporate strategy skills; corporate strategy training; cost engineer certification; cost management courses; cours de gestion de projet en ligne gratuit; course; course on systems thinking; course system thinking quiz 1; course systems thinking; coursera and edx; coursera certificate; coursera edx; coursera project management; coursera system design; coursera systems engineering; courses of marketing management; courses on program management; courses on project management; courses on systems thinking; courses with certificates; create design system; create project plan; critical thinking and problem solving; critical thinking and problem solving course; critical thinking bot; critical thinking certification; critical thinking class; critical thinking com; critical thinking course; critical thinking course free; critical thinking mit; critical thinking online course; critical thinking practice; critical thinking short course; critical thinking skills; cs50; cs50 by harvard; cs50 edx; curso de dinamica de sistemas; curso scrum; dale carnegie leadership training; decision making courses online; degree; demand planning certification; demonstrating problem solving skills; design thinking certification; design thinking certification stanford; design thinking course; design thinking ibm; design thinking systems course nyc; designing data intensive applications; designing distributed systems; devops course; digiskill; digiskills; digiskills courses; digiskills registration; digital leadership program; digital management course online; digital project manager certification; digitaldefynd; digitalskill lms; dit course; does economics count as a systems thinking course; donella h meadows thinking in systems; drop servicing course; dynamic models; dynamic work design; e learning lms; e learning lms learnership; e learning lms learnership 2024; e learning lms learnership 2025; e learning lms learnership 2025 online application; e learning lms learnership application; e learning lms register; e learning lms registration; e lms; ecornell engineering leadership; edureka lms; edx; edx certificate; edx course; edx coursera; edx courses; edx cs50 introduction to computer science; edx cs50x; edx edu; edx get smarter; edx harvard courses; edx harvard mit; edx learning platform; edx mit; edx mit certificate; edx mit supply chain fundamentals; edx mitx; edx mooc org; edx online courses; edx org; edx supply chain; edx supply chain fundamentals; edx systems engineering; edx systems thinking; edx website; effective leadership; effective leadership program; effective leadership skills; effective team leadership for engineers; elearning lms; elearning lms learnership; elearning lms learnership 2025; elearning lms learnership 2025 online application; elearning lms learnership application; elearning lms learnerships; elearning lms registration; elearning platform courses; embedded programming course; embedded systems engineer certification; emotional intelligence training for engineers; empowering rural women through it training; engineering bursaries; engineering courses; engineering courses online; engineering leader; engineering leadership; engineering leadership certificate; engineering leadership course online; engineering leadership development; engineering leadership development program; engineering leadership program; engineering leadership skills; engineering leadership workshop; engineering management mit; engineering manager course; engineering manager skills; engineering manager training; engineering problem solving; engineering short courses; engineering systems thinking; enterprise application architecture; enterprise architecture certification; erp system certification; erp system learning; essential skills certificate for engineers; essential skills certificate for technical professionals; essential skills for engineers; essential skills for technical professionals; essential skills online course; essential skills training; ethio coders et certification; ethio coders et certification online; ethiocoders et courses; executive coaching certification; executive coaching course for engineers; executive coaching training; executive leadership development; executive leadership skills; executive leadership training; executive leadership training for engineers; executive leadership training for technical professionals; exercising leadership foundational principles harvard; fire; formation en gestion de projet; foundation of system thinking; foundations of project management by google; frank miano msb tutorial; free; free online business management courses with certificate of completion; free online certificate courses in business administration; free online course on project management; free online courses on systems thinking; free online management courses with certificates; free online project management course with certificate; free online project management courses; free online project management courses with certificates; free project management courses; free project management courses with certificates; free software engineering courses with certificate; free systems thinking course; free ux design course with certificate; freecodecamp courses; freecodecamp courses with certificate; freecodecamp full stack certification; front line leadership training; fully funded masters in project management; fundamental leadership and engineering competencies; futures thinking certification; futureskill elearning platform; geeksforgeeks courses; global it certifications; google career certificate program; google certificate courses; google certificate project management; google certification courses; google cybersecurity professional certificate; google cybersecurity professional certificate via coursera; google it support professional certificate; google it support professional certificate coursera; google management certificate; google management project certificate; google product management course; google project management certificate; google project management certificate coursera; google project management certification; google project management certification free; google project management course; google project management coursera; google project management professional certificate; google project management professional certificate reddit; graphic design systems thinking course; great learning academy; grokking system design; grow google certificate; grow google certificates cybersecurity; grow with google; grow with google courses; handbook of model based systems engineering; hansen leadership program; harvard edx; harvard leadership training; harvard mit online courses; harvard online courses; harvardx; high certificate in business management; how can i become a web designer; how can i get pmp certification; how to apply for massachusetts institute of technology; how to apply pmo; how to be a software developer; how to be an effective engineering manager; how to be good at problem solving; how to become a better strategist; how to become a it specialist; how to become a strategic thinker; how to become a systems engineer without a degree; how to become a tech expert; how to become a tech lead; how to create a system; how to create system; how to design a scalable system; how to develop my critical thinking skills; how to develop problem solving skills; how to develop problem solving skills in the workplace; how to do csm certification; how to do framework; how to gain problem solving skills; how to get into product management; how to improve critical thinking; how to improve logical thinking skills; how to improve problem solving skills; how to improve your logic building skills in programming; how to increase critical thinking; how to learn it at home; how to learn problem solving skills; how to learn system design; how to learn systems thinking; how to learn tech skills; how to learn to think strategically; how to solve algorithm problems; how to study for engineering classes; how to study it online; how to think in systems; how to think logically; how to train problem solving skills; howard cs50; hp certification courses; hris systems training; https learning upskillist com vodacom2; https ocw mit edu; https skills nutech edu pk; https www coursera org learn foundations of project management; https www edx org; https www edx org school harvardx; https www edx org school mitx; https www harvard edu online courses; https www tcsion com courses career edge; https www theforage com simulations cbre project management x2vz; hubspot academy revenue operations certification; hubspot crm courses; human centered systems thinking; i want to learn it; i want to learn programming; ibf funded courses systems thinking cpd hours; ibm business analyst professional certificate; ibm courses; ibm online courses; ibm skill build; ibm skillsbuild certificate; iceberg model of systems thinking; iceberg model systems thinking; ict online courses; ieee certificate; iit online courses; importance of organizational strategy; improve critical thinking; improve problem solving skills; industrial engineering online; information architecture certification; information architecture courses; information architecture degree; information technology online courses; information technology short courses online; infosys springboard courses; infrastructure architect course; innovation certificate online; innovation course; innovation management course; innovation strategy; innovation training courses; institute of project management certification; intellipaat; international business management institute ibmi; intro to deep learning mit; intro to project management google; introduction to project management alison; introduction to systems engineering; introduction to systems thinking; introduction to systems thinking course; isaca certified in risk and information systems control crisc; isee systems thinking course; it academy courses; it classes; it course; it courses; it courses in karachi; it courses online; it courses online south africa; it leadership development program; it leadership training; it online courses; it online courses in south africa; it project management methodologies; it short courses; it short courses online; it specialist school; it specialist training; it studies online; it training courses; key elements of organizational strategy; knowledge hub; knowledge learning platform; large scale project management; leadership and management; leadership and management courses; leadership and management courses harvard; leadership and management in engineering; leadership and management skills; leadership certificate; leadership classes; leadership course cornell; leadership course online; leadership courses; leadership courses harvard; leadership courses near me; leadership courses online; leadership development; leadership development courses; leadership development program; leadership development program jobs; leadership development training; leadership for engineering professionals; leadership for technical professionals; leadership for technical profssionals; leadership for technology professionals; leadership in engineering management; leadership management; leadership professional development; leadership seminars; leadership skills; leadership skills for engineers; leadership skills for technical professionals; leadership skills training; leadership training; leadership training certification; leadership training class; leadership training course; leadership training programs; leadership training topics; leading complex projects; leading effective teams; leading organizational change; lean methodologies; learn about systems; learn enterprise architecture; learn mit edu; learn problem solving; learn problem solving programming; learn product management; learn project management; learn rapid prototyping; learn skills; learn software architecture; learn software engineering; learn system architecture; learn system design; learn systems thinking; learn technical innovation; learn the latest tech skills; learner management systems; learning it online; learning management system; learning management system digiskills; learning project management; learning software engineering for beginners; learning system design; learning tcsionhub; learning to solve problems; learnvern; learnvern courses; linkedin learning systems thinking course; lms; lms digital skills; lms digital skills pk; lms le; lms learnership; lms learnership 2025; lms learnership application; lms learning management system; lms learning program; lms training application; lms training learning program 2026; lms training learning programme 2026; lms training program; logic courses; logical reasoning critical thinking mcqs; logical thinking training; logistics and supply chain management courses; logistics certificate; logistics certification; logistics course; logistics management; logistics management training; logistics online course; logistics simulation; logistics training; logistics training course; machine learning course for product managers; management; management skills; management skills online; management skills training; management training; management training for engineers; management training for technical professionals; management training topics; managerial leadership training; managing engineers; marketing management course; massachusetts institute of technology apply; master data structures and algorithms; masters; masters in construction management; masters in systems thinking; mbse mit; mckinsey project management; meta ios developer professional certificate; micro master supply chain management; micromaster mit supply chain; micromasters; micromasters in supply chain management mit; micromasters supply chain mit edx; microsoft certificate courses; microsoft certification courses; microsoft certified systems engineer; microsoft courses; microsoft courses with certificate; microsoft edx; microsoft fabric certification; mind laster com; mind luster; mind luster certificate; mind luster certificate value; mind luster co; mind luster com; mind luster come; mind luster con; mind luster course; mind luster courses; mindluster; mindluster com; mindluster come; mindluster courses; mindset training; mindtap; mindworx academy; mit application; mit beaver works; mit beaver works summer institute; mit business analytics program; mit bwsi beaver works summer institute; mit certificate courses; mit coding certificate; mit coding course; mit courses; mit cs courses; mit cto program; mit deep learning course; mit edx; mit edx courses; mit engineering certificate programs; mit full stack developer course; mit fundamentals of finance; mit idss; mit intro to deep learning; mit introduction to computational thinking and data science; mit introduction to technology engineering and science; mit launch; mit launchx summer program; mit leadership program; mit micromasters supply chain; mit mites; mit mites summer program; mit ocw system dynamics self study; mit ocw website; mit online courses with certificate; mit online degree; mit open course; mit open software; mit open ware course; mit opencourseware; mit opencourseware ai; mit opencourseware certificate; mit opencourseware com; mit opencourseware computer science; mit opencourseware lectures; mit opencourseware neuroscience; mit opencourseware ocw website; mit opencourseware physics; mit opencourseware system dynamics; mit opencourseware systems engineering; mit opencourseware systems thinking; mit opencourseware website; mit power electronics; mit pro; mit project management; mit project management certificate; mit project management course; mit project management simulation; mit research science institute rsi; mit sdm; mit sloan leadership; mit sloan online; mit sloan online courses; mit sloan school of management online courses; mit sloan system dynamics; mit summer engineering program; mit summer opportunities; mit summer program; mit summer programs; mit supply chain course; mit supply chain executive education; mit supply chain micromaster; mit supply chain micromasters; mit supply chain micromasters edx; mit system architecture; mit system dynamics; mit system dynamics group; mit system thinking; mit system thinking course; mit systems; mit systems dynamics; mit think; mit think scholars program; mit university courses; mit website; mit website login; mit xpro courses; mit xpro professional certificate in coding; mit xpro project management; mit xpro system thinking; mit xpro systems thinking course; mites minority introduction to engineering and science; mites summer program; mitopencourseware; mitopencourseware com; mitx edx; mitx micromasters credential in supply chain management; mitx micromasters in supply chain management; mitx micromasters supply chain; mitx micromasters supply chain management; mitx on edx; mitx online courses; mitx systems thinking; mobile system design book; modeling complex systems; monitoring and evaluation course; mooc gestion de projet; moocs courses; moodle learn; moodle learning management system lms; moodle training courses; moringa school; most popular leadership courses; mostec summer program; my business e learning platform; mygreatlearning; nanodegree; nanodegree program; network models; nita courses; northlink college; nptel; nptel courses; nptel online courses; ocw; ocw courses; ocw mit edu courses; ocw mit edu courses 6 s087 foundation; ocw mit edu index htm; ocw mit linear algebra; odin project; odin project certificate; office management course; omidyar systems thinking course; online ai courses with certificate; online business management courses; online business management courses south africa; online business strategy course; online certificate; online certificate courses; online class with certificate; online classes for it jobs; online classes it course; online coding classes; online coding classes with certificate; online college it courses; online computer class; online computer classes; online computer courses; online computer courses certificate; online computer courses with certificates; online computer science courses; online computer studies; online computer training; online computer training school; online course agile project management; online course for business management; online course in it; online course in project planning and management; online course management system; online course systems thinking; online course with certificate; online courses for it; online courses for plc programming; online courses for project management; online courses in kenya with certificates; online courses in mit; online courses on project management; online courses with certificate; online courses with certificates in kenya; online design thinking courses; online diploma courses in kenya; online erp course; online it courses in pakistan; online it courses with certificate; online it learning; online leadership certificate; online leadership course; online leadership program; online learnership lms; online learnerships for 2025 with stipend; online learning software; online logistics course; online management certificate programs; online management course; online management courses; online management information system; online masters in educational leadership; online masters in leadership; online mechanical engineering courses; online product management course; online project management certification; online project management course; online project management courses with certificates; online retail management courses; online short courses with certificate; online software training courses; online stanford courses; online system thinking course; online team building course; online team building program; online tech courses with certificates; online tech skills; online training courses with certificates; online training project management; online workshop with certificate; open course ware; open learning library mit; open learning mit; open moocs; open university systems thinking; open university systems thinking course; open university systems thinking free course; opencourseware; opencourseware mit; opencourseware ocw; operation management certificate; operations management certificate; organizational design course; organizational leadership; organizational leadership degree; organizational strategies; organizational strategy; organizational strategy certificate; organizational strategy examples; organizational strategy for engineers; organizational strategy for researchers; organizational strategy for scientists; organizational strategy for technical professionals; organizational strategy skills; organizational strategy structure and process; organizational strategy training; organizational strategy training for technical professionals; oxford strategic leadership programme; paksoft skill certificate; pega system architect; phd systems thinking; platform engineering course; pm4ngos exam; pmi certification; pmm course; pmo training; pmp; pmp certification; pmp certification cost; pmp certification in ethiopia; pmp certification requirements; pmp certifications; pmp exam fee in pakistan; pmp islamabad; pmp online course; pmp or prince2; pmp registration online; pmp training; powerpoint; ppt; primavera p6 course; prince 2 certificate; prince2 foundation certification; principles of system thinking; principles of systems; problem solving; problem solving and critical thinking; problem solving course; problem solving courses; problem solving in programming; problem solving practice; problem solving presentations; problem solving skills; problem solving techniques; process modeling in system analysis and design; product development courses; product management bootcamps; product management certificate; product management course; product management courses; product management online course; product management program; product management qualification; product management simulation; product management training; product management training course; product manager certificate; product school teachable; professional lms; professionalonline2 mit edu; profile; program; program coordinator courses; program management; program management certification; programing course; programs; progressive training development and projects; project config; project finance certification; project leadership course; project management; project management and business analysis courses; project management cert; project management certificate; project management certification; project management certification courses free; project management certification online mit; project management certification pmp; project management course drive google com; project management course in ethiopia; project management courses; project management courses by google; project management courses for freshers; project management courses in nigeria; project management courses online; project management courses with certificates; project management free course by google; project management free course with certificate; project management free online courses with certificates; project management leading organizations to success; project management learnership; project management learnership nqf level 5; project management maturity model; project management methodologies; project management online certificate; project management online course; project management online courses; project management online courses free; project management professional certification; project management professional online course; project management professional pmp; project management professional pmp certification free; project management short course; project management short courses; project management simulation; project management skills certification; project management study; project management techniques; project management training course; project manager certificate; project manager certification; project manager course; project plan; project planning courses; project procurement management; project success program; rapid design; rapid design online course; rapid prototyping; rapid prototyping online course; rapid prototyping services; retail management course; retail management short courses; revit course; revops certification; road transport management course; rotational product manager programs; sap s 4hana training; saylor org certificate; scaler academy; scrum; scrum master certification; scrum master certification exam; scrum master certification free; scrum master course; scrum master online course; scrum org certification; self paced courses; send online lms; senge systems thinking course; seta learning practitioner engineering programme; short courses business management; short it courses online; short management courses; short project management courses; simpl learn; simple learn skill up; simple learning skillup; simplify complex problems; simplify complex processes; simplilearn; simplilearn certificate; simplilearn com; simplilearn skill up; simplilearn skillup; simplilearn skillup certificate; simply learn; sites to learn it; skill certificate online; skill sprint e learning platform; skills; skills build; skills for a project manager; skillup by simplilearn; small business management course; smartpm training; soft skill certificate; soft skill certificate pakistan; soft skill training certificate pakistan; soft skills; soft skills for engineers; soft skills for technical professionals; soft skills training; software architect course; software architecture; software architecture certificate programs; software architecture patterns by mark richards pdf; software courses online; software development certificate; software development courses for beginners; software engineer course online; software engineering course online; software engineering short course; software online courses; software short courses; sololearn; solve complex problems; stanford leadership courses; stanford online courses; stanford online management courses; stanford problem solving; stanford product management course; stanford university online courses; start learning with edx; stella system dynamics; stem courses; store keeper course; store manager courses; stores and stock control courses; strategic innovation management; strategic learnership; strategic management skills; strategic management skills for technical professionals; strategic management training; strategic management training for technical professionals; strategic planning for engineers; strategic planning for technical professionals; strategic planning skills; strategic planning training; strategic skills training; strategic thinking; strategic thinking in complex problem solving; strategic thinking workshop; strategy and innovation; structured problem solving; study of systems; supervisor certificate course; supply chain fundamentals mit; supply chain logistics certificate; supply chain logistics online course; supply chain management mit edx; supply chain management short courses online; sysml; sysml tools; syspro training courses; system analysis and design; system analysis and design course; system archetypes; system architecture certification; system architecture program; system design; system design and architecture; system design and management mit; system design beginner; system design books; system design bootcamp; system design certification; system design certification course; system design course; system design course mit; system design courses; system design for managers; system design interview guide for software architecture udemy; system design interview pdf; system design masterclass; system design mit; system design program; system design thinking course; system development; system dynamics and response; system dynamics applications; system dynamics certificate; system dynamics course online; system dynamics mit; system dynamics modeling; system dynamics modeling examples; system dynamics online course; system dynamics review; system dynamics society; system dynamics tools; system dynamics training; system emergence; system engineer bootcamp; system engineer courses; system engineering course; system engineering course online; system engineering online course; system modeling course; system performance; system theory course; system think; system thinking; system thinking and analysis course description; system thinking book; system thinking certificate; system thinking course; system thinking course free; system thinking course outline; system thinking course singapore; system thinking coursera; system thinking courses; system thinking definition; system thinking design; system thinking examples; system thinking in technical environments; system thinking mit; system thinking mit course; system thinking online course; system thinking simulation; system work training; systematic thinking; systems architecture course; systems course; systems design course; systems design courses; systems design engineering; systems dynamic method; systems dynamics; systems dynamics society; systems engineer courses; systems engineering course mit; systems engineering courses online; systems engineering masters; systems engineering online courses; systems engineering process steps; systems engineering training courses; systems science masters; systems theory course; systems thinking; systems thinking and system dynamics; systems thinking application; systems thinking approach; systems thinking book; systems thinking certification; systems thinking certification program; systems thinking class; systems thinking college course; systems thinking competency course; systems thinking competency course mit; systems thinking course coursera; systems thinking course design best practices for professionals; systems thinking course design for professionals examples; systems thinking course design for professionals examples vietnam; systems thinking course design for professionals vietnam; systems thinking course free; systems thinking course harvard; systems thinking course hero; systems thinking course ice breaker; systems thinking course london; systems thinking course mit; systems thinking course onlin; systems thinking course online; systems thinking course outline; systems thinking course singapore; systems thinking course starr; systems thinking course syllabus; systems thinking course uk; systems thinking coursera; systems thinking courses australia; systems thinking courses online; systems thinking courses south africa; systems thinking courses uk; systems thinking education; systems thinking for engineers; systems thinking for managers; systems thinking for project managers; systems thinking for social change; systems thinking free course; systems thinking free online course; systems thinking in business; systems thinking in healthcare; systems thinking in healthcare course; systems thinking in practice; systems thinking in practice course; systems thinking leadership; systems thinking mit xpro; systems thinking mooc; systems thinking network; systems thinking online certificate; systems thinking online course; systems thinking pdf; systems thinking phd; systems thinking playbook pdf; systems thinking practitioner; systems thinking process improvement; systems thinking professional certificate; systems thinking professional certificate mit; systems thinking program mit xpro; systems thinking research; systems thinking short course; systems thinking standards institute; systems thinking stanford; systems thinking systems practice; systems thinking training; systems thinking training course; systems thinking training courses; systems thinking workshop; team building certificate; team building for engineers; team building for technical professionals; team building skills; team building training; team leader training; tech courses online; tech lead responsibilities; tech short courses; tech skills to learn; technical architecture courses; technical innovation; technical innovation certificate; technical innovation online course; technical innovation training; technical leadership; technical leadership certificate; technical leadership course; technical leadership development; technical leadership online program; technical leadership skills; technical leadership skills list; technical problem solving; technical product management; technical product manager training; technical program management; technical program management courses; technical project management; technical project management courses; technical project manager training; technology leadership program; technology workshops near me; the iceberg model of systems thinking; the mind luster; the odin project; the systems thinker; the v model systems engineering; think in systems; thinking in systems; thinking in systems a primer; thinking in systems course; thinking in systems donella meadows; thinking in systems pdf; thinking in systems summary; thinking skills; thinking skills questions; togaf course; top leadership development programs; top leadership training courses; top lms platforms 2024; top management training courses; training; training for critical thinking; training leadership program; training mbusoms co za; training program management; training think tank energy systems course; tvet colleges offering project management; types of leadership training; types of organizational strategy; udacity courses with certificate; udemy; udemy coursera; udemy courses; udemy edx; udemy online courses; university of kwazulu natal; university of technology pretoria; vanguard systems thinking course; waters center for systems thinking; web designing free course with certificate; website system design; what course transfer to wgu systems thinking; what course transfer to wgu systems thinking reddit; what courses count as systems thinking or systems engineering; what is agile methodology; what is agile project management; what is organizational strategy; what is radical innovation; what is system engineering; what is systems thinking; what is the concept of emergence; whats systems thinking; workshop; wpi system dynamics; www coursera org; www learnwithdexa com; www mindluster com; www ocw mit edu courses; www pmi org; www sdp edu za; www the programmers university com; xpro mit,38; 39,learn system thinking; mit system dynamics course; mit systems thinking; mit systems thinking course; mit xpro systems thinking; project management training; system architecture course; system dynamics; system dynamics course; system engineering; system thinking certification; systems thinking certificate; systems thinking course; systems thinking courses; systems thinking mit; what is system thinking
ks_0020,system design certification; system dynamics course; systems thinking certificate; systems thinking course,,best critical thinking courses; best systems thinking courses; business systems courses; how to learn to think strategically; introduction to systems thinking; mit system dynamics course; mit systems thinking; mit systems thinking course; mit systems thinking course online; mit xpro systems thinking; project management cert; software architecture course; system design certification; system dynamics course; system engineering online course; system thinking course; systems thinking certificate; systems thinking course; systems thinking mit,best critical thinking courses; best systems thinking courses; business systems courses; how to learn to think strategically; introduction to systems thinking; mit system dynamics course; mit systems thinking; mit systems thinking course; mit systems thinking course online; mit xpro systems thinking; project management cert; software architecture course; system design certification; system dynamics course; system engineering online course; system thinking course; systems thinking certificate; systems thinking course; systems thinking mit,,,,,40; 41,best critical thinking courses; best systems thinking courses; business systems courses; how to learn to think strategically; introduction to systems thinking; mit system dynamics course; mit systems thinking; mit systems thinking course; mit systems thinking course online; mit xpro systems thinking; project management cert; software architecture course; system design certification; system dynamics course; system engineering online course; system thinking course; systems thinking certificate; systems thinking course; systems thinking mit
ks_0021,,,best critical thinking courses; introduction to systems thinking; mit system dynamics course; mit systems thinking; mit systems thinking course; mit xpro systems thinking; project management cert; software architecture course; system design certification; system dynamics course; system engineering online course; system thinking course; systems thinking certificate; systems thinking course; systems thinking mit,best critical thinking courses; introduction to systems thinking; mit system dynamics course; mit systems thinking; mit systems thinking course; mit xpro systems thinking; project management cert; software architecture course; system design certification; system dynamics course; system engineering online course; system thinking course; systems thinking certificate; systems thinking course; systems thinking mit,,,,,42,best critical thinking courses; introduction to systems thinking; mit system dynamics course; mit systems thinking; mit systems thinking course; mit xpro systems thinking; project management cert; software architecture course; system design certification; system dynamics course; system engineering online course; system thinking course; systems thinking certificate; systems thinking course; systems thinking mit
ks_0022,,,best critical thinking courses; mit system dynamics course; mit systems thinking; mit xpro systems thinking; project management cert; system design certification; systems thinking mit,best critical thinking courses; mit system dynamics course; mit systems thinking; mit xpro systems thinking; project management cert; system design certification; systems thinking mit,,,,,43,best critical thinking courses; mit system dynamics course; mit systems thinking; mit xpro systems thinking; project management cert; system design certification; systems thinking mit
ks_0023,,learn system thinking; project management training; system architecture course; system engineering; system thinking training; systems thinking courses; what is system thinking,learn system thinking; mit systems thinking; mit xpro systems thinking; project management training; system engineering; systems thinking certificate; systems thinking course; systems thinking mit; what is system thinking,learn system thinking; mit systems thinking; mit xpro systems thinking; project management training; system architecture course; system engineering; system thinking training; systems thinking certificate; systems thinking course; systems thinking courses; systems thinking mit; what is system thinking,,,360 learning; 3d prototyping; 4 week certificate programs online; absorb lms; academy asana com; academy asana com workflow specialist; academy for systems change; aconex course online; acumen systems thinking course; advanced modeling; agicorp academy; agile courses; agile methodologies; agile project; agile project management; agile project management course; ai in systems engineering; ai project management course; ai project management courses; ai software engineer course; ai system design; ai systems performance engineering; alison course certificate; alison courses; altium pcb design course; alx academy courses; alx courses; alxafrica courses; an introduction to general systems thinking; analytical thinking and innovation skills; analytical thinking problem solving; applied systems thinking courses; apply mit edu; architect complex processes; ardiland institute of technology; asana; automation course; automation masters online; barry richmond systems thinking; basecamp; become a product manager by cole mercer; becoming an entrepreneur mit; best business certification programs; best certifications for it directors; best course in business analytics; best course on critical thinking; best course on system design; best courses for project management; best critical thinking courses; best free online project management courses with certificates; best leadership development program; best leadership training programs; best online certificate programs for project management; best online coding courses with certificates; best product management certification; best project management certification; best project management courses; best software architect certification; best system design book; best system design course; best systems thinking courses; best tech online courses; books; books for system design; books on systems thinking; brand management courses; business administration certifications; business administration level 2 course; business administration nqf 3; business analyst course; business classes online with certificates; business courses online with certificates; business dynamics; business leadership course; business leadership skills; business leadership training; business management course; business management courses; business management courses cape town; business management in service training; business management online short courses; business management short courses; business management training; business school e learning learnership smart lms; business strategy skills; business strategy training; business systems analyst courses; business systems course; business systems courses; business systems design; call center management course; can i get shrm credit for systems thinking course; can i learn it online; capm certification; career essentials certificate by microsoft and linkedin; carnegie mellon software architecture certification; certificate; certificate course on business management; certificate courses; certificate courses online; certificate for project; certificate in project management; certificate in systems engineering; certificate in systems thinking; certificate programs online; certificates for engineering students; certification; certification in agentic systems and design; certification mit; certification program in agentic systems and design; certified associate in project management capm; chicago booth leadership program; cisco courses online; class; class central; class central certificate; class central certificates; cleveland state university systems thinking course; clickup; cm certified manager; cm punjab it certification program 2025; cmu software architecture; codedamn courses; coding certificate course; coding classes online; coding course; coding courses; coding courses online; coding online courses; coding short courses online; company secretary course; complex adaptive systems training; complex problem solving; complex problem solving course; complex systems course online; complex systems mit; comptia a; computer course; computer course certificate free download; computer courses; computer courses online; computer hardware engineer courses; computer online classes; computer online courses; computer science certificate programs; computer software course; computer systems engineering vs computer science; computer technology course; construction courses unisa; construction foreman courses; construction management certificate; construction management course; construction management courses; construction management diploma online; construction manager certification; construction short courses online; continuous improvement certification online; control engineering online course; cornell systems thinking; corporate leadership training; corporate strategy for engineers; corporate strategy for technical professionals; corporate strategy skills; corporate strategy training; cost engineer certification; cost management courses; cours de gestion de projet en ligne gratuit; course; course on systems thinking; course system thinking quiz 1; course systems thinking; coursera and edx; coursera certificate; coursera edx; coursera project management; coursera system design; coursera systems engineering; courses of marketing management; courses on program management; courses on project management; courses on systems thinking; courses with certificates; create design system; create project plan; critical thinking and problem solving; critical thinking and problem solving course; critical thinking bot; critical thinking certification; critical thinking class; critical thinking com; critical thinking course; critical thinking course free; critical thinking mit; critical thinking online course; critical thinking practice; critical thinking short course; critical thinking skills; cs50; cs50 by harvard; cs50 edx; curso de dinamica de sistemas; curso scrum; dale carnegie leadership training; decision making courses online; degree; demand planning certification; demonstrating problem solving skills; design thinking certification; design thinking certification stanford; design thinking course; design thinking ibm; design thinking systems course nyc; designing data intensive applications; designing distributed systems; devops course; digiskill; digiskills; digiskills courses; digiskills registration; digital leadership program; digital management course online; digital project manager certification; digitaldefynd; digitalskill lms; dit course; does economics count as a systems thinking course; donella h meadows thinking in systems; drop servicing course; dynamic models; dynamic work design; e learning lms; e learning lms learnership; e learning lms learnership 2024; e learning lms learnership 2025; e learning lms learnership 2025 online application; e learning lms learnership application; e learning lms register; e learning lms registration; e lms; ecornell engineering leadership; edureka lms; edx; edx certificate; edx course; edx coursera; edx courses; edx cs50 introduction to computer science; edx cs50x; edx edu; edx get smarter; edx harvard courses; edx harvard mit; edx learning platform; edx mit; edx mit certificate; edx mit supply chain fundamentals; edx mitx; edx mooc org; edx online courses; edx org; edx supply chain; edx supply chain fundamentals; edx systems engineering; edx systems thinking; edx website; effective leadership; effective leadership program; effective leadership skills; effective team leadership for engineers; elearning lms; elearning lms learnership; elearning lms learnership 2025; elearning lms learnership 2025 online application; elearning lms learnership application; elearning lms learnerships; elearning lms registration; elearning platform courses; embedded programming course; embedded systems engineer certification; emotional intelligence training for engineers; empowering rural women through it training; engineering bursaries; engineering courses; engineering courses online; engineering leader; engineering leadership; engineering leadership certificate; engineering leadership course online; engineering leadership development; engineering leadership development program; engineering leadership program; engineering leadership skills; engineering leadership workshop; engineering management mit; engineering manager course; engineering manager skills; engineering manager training; engineering problem solving; engineering short courses; engineering systems thinking; enterprise application architecture; enterprise architecture certification; erp system certification; erp system learning; essential skills certificate for engineers; essential skills certificate for technical professionals; essential skills for engineers; essential skills for technical professionals; essential skills online course; essential skills training; ethio coders et certification; ethio coders et certification online; ethiocoders et courses; executive coaching certification; executive coaching course for engineers; executive coaching training; executive leadership development; executive leadership skills; executive leadership training; executive leadership training for engineers; executive leadership training for technical professionals; exercising leadership foundational principles harvard; fire; formation en gestion de projet; foundation of system thinking; foundations of project management by google; frank miano msb tutorial; free; free online business management courses with certificate of completion; free online certificate courses in business administration; free online course on project management; free online courses on systems thinking; free online management courses with certificates; free online project management course with certificate; free online project management courses; free online project management courses with certificates; free project management courses; free project management courses with certificates; free software engineering courses with certificate; free systems thinking course; free ux design course with certificate; freecodecamp courses; freecodecamp courses with certificate; freecodecamp full stack certification; front line leadership training; fully funded masters in project management; fundamental leadership and engineering competencies; futures thinking certification; futureskill elearning platform; geeksforgeeks courses; global it certifications; google career certificate program; google certificate courses; google certificate project management; google certification courses; google cybersecurity professional certificate; google cybersecurity professional certificate via coursera; google it support professional certificate; google it support professional certificate coursera; google management certificate; google management project certificate; google product management course; google project management certificate; google project management certificate coursera; google project management certification; google project management certification free; google project management course; google project management coursera; google project management professional certificate; google project management professional certificate reddit; graphic design systems thinking course; great learning academy; grokking system design; grow google certificate; grow google certificates cybersecurity; grow with google; grow with google courses; handbook of model based systems engineering; hansen leadership program; harvard edx; harvard leadership training; harvard mit online courses; harvard online courses; harvardx; high certificate in business management; how can i become a web designer; how can i get pmp certification; how to apply for massachusetts institute of technology; how to apply pmo; how to be a software developer; how to be an effective engineering manager; how to be good at problem solving; how to become a better strategist; how to become a it specialist; how to become a strategic thinker; how to become a systems engineer without a degree; how to become a tech expert; how to become a tech lead; how to create a system; how to create system; how to design a scalable system; how to develop my critical thinking skills; how to develop problem solving skills; how to develop problem solving skills in the workplace; how to do csm certification; how to do framework; how to gain problem solving skills; how to get into product management; how to improve critical thinking; how to improve logical thinking skills; how to improve problem solving skills; how to improve your logic building skills in programming; how to increase critical thinking; how to learn it at home; how to learn problem solving skills; how to learn system design; how to learn systems thinking; how to learn tech skills; how to learn to think strategically; how to solve algorithm problems; how to study for engineering classes; how to study it online; how to think in systems; how to think logically; how to train problem solving skills; howard cs50; hp certification courses; hris systems training; https learning upskillist com vodacom2; https ocw mit edu; https skills nutech edu pk; https www coursera org learn foundations of project management; https www edx org; https www edx org school harvardx; https www edx org school mitx; https www harvard edu online courses; https www tcsion com courses career edge; https www theforage com simulations cbre project management x2vz; hubspot academy revenue operations certification; hubspot crm courses; human centered systems thinking; i want to learn it; i want to learn programming; ibf funded courses systems thinking cpd hours; ibm business analyst professional certificate; ibm courses; ibm online courses; ibm skill build; ibm skillsbuild certificate; iceberg model of systems thinking; iceberg model systems thinking; ict online courses; ieee certificate; iit online courses; importance of organizational strategy; improve critical thinking; improve problem solving skills; industrial engineering online; information architecture certification; information architecture courses; information architecture degree; information technology online courses; information technology short courses online; infosys springboard courses; infrastructure architect course; innovation certificate online; innovation course; innovation management course; innovation strategy; innovation training courses; institute of project management certification; intellipaat; international business management institute ibmi; intro to deep learning mit; intro to project management google; introduction to project management alison; introduction to systems engineering; introduction to systems thinking; introduction to systems thinking course; isaca certified in risk and information systems control crisc; isee systems thinking course; it academy courses; it classes; it course; it courses; it courses in karachi; it courses online; it courses online south africa; it leadership development program; it leadership training; it online courses; it online courses in south africa; it project management methodologies; it short courses; it short courses online; it specialist school; it specialist training; it studies online; it training courses; key elements of organizational strategy; knowledge hub; knowledge learning platform; large scale project management; leadership and management; leadership and management courses; leadership and management courses harvard; leadership and management in engineering; leadership and management skills; leadership certificate; leadership classes; leadership course cornell; leadership course online; leadership courses; leadership courses harvard; leadership courses near me; leadership courses online; leadership development; leadership development courses; leadership development program; leadership development program jobs; leadership development training; leadership for engineering professionals; leadership for technical professionals; leadership for technical profssionals; leadership for technology professionals; leadership in engineering management; leadership management; leadership professional development; leadership seminars; leadership skills; leadership skills for engineers; leadership skills for technical professionals; leadership skills training; leadership training; leadership training certification; leadership training class; leadership training course; leadership training programs; leadership training topics; leading complex projects; leading effective teams; leading organizational change; lean methodologies; learn about systems; learn enterprise architecture; learn mit edu; learn problem solving; learn problem solving programming; learn product management; learn project management; learn rapid prototyping; learn skills; learn software architecture; learn software engineering; learn system architecture; learn system design; learn systems thinking; learn technical innovation; learn the latest tech skills; learner management systems; learning it online; learning management system; learning management system digiskills; learning project management; learning software engineering for beginners; learning system design; learning tcsionhub; learning to solve problems; learnvern; learnvern courses; linkedin learning systems thinking course; lms; lms digital skills; lms digital skills pk; lms le; lms learnership; lms learnership 2025; lms learnership application; lms learning management system; lms learning program; lms training application; lms training learning program 2026; lms training learning programme 2026; lms training program; logic courses; logical reasoning critical thinking mcqs; logical thinking training; logistics and supply chain management courses; logistics certificate; logistics certification; logistics course; logistics management; logistics management training; logistics online course; logistics simulation; logistics training; logistics training course; machine learning course for product managers; management; management skills; management skills online; management skills training; management training; management training for engineers; management training for technical professionals; management training topics; managerial leadership training; managing engineers; marketing management course; massachusetts institute of technology apply; master data structures and algorithms; masters; masters in construction management; masters in systems thinking; mbse mit; mckinsey project management; meta ios developer professional certificate; micro master supply chain management; micromaster mit supply chain; micromasters; micromasters in supply chain management mit; micromasters supply chain mit edx; microsoft certificate courses; microsoft certification courses; microsoft certified systems engineer; microsoft courses; microsoft courses with certificate; microsoft edx; microsoft fabric certification; mind laster com; mind luster; mind luster certificate; mind luster certificate value; mind luster co; mind luster com; mind luster come; mind luster con; mind luster course; mind luster courses; mindluster; mindluster com; mindluster come; mindluster courses; mindset training; mindtap; mindworx academy; mit application; mit beaver works; mit beaver works summer institute; mit business analytics program; mit bwsi beaver works summer institute; mit certificate courses; mit coding certificate; mit coding course; mit courses; mit cs courses; mit cto program; mit deep learning course; mit edx; mit edx courses; mit engineering certificate programs; mit full stack developer course; mit fundamentals of finance; mit idss; mit intro to deep learning; mit introduction to computational thinking and data science; mit introduction to technology engineering and science; mit launch; mit launchx summer program; mit leadership program; mit micromasters supply chain; mit mites; mit mites summer program; mit ocw system dynamics self study; mit ocw website; mit online courses with certificate; mit online degree; mit open course; mit open software; mit open ware course; mit opencourseware; mit opencourseware ai; mit opencourseware certificate; mit opencourseware com; mit opencourseware computer science; mit opencourseware lectures; mit opencourseware neuroscience; mit opencourseware ocw website; mit opencourseware physics; mit opencourseware system dynamics; mit opencourseware systems engineering; mit opencourseware systems thinking; mit opencourseware website; mit power electronics; mit pro; mit project management; mit project management certificate; mit project management course; mit project management simulation; mit research science institute rsi; mit sdm; mit sloan leadership; mit sloan online; mit sloan online courses; mit sloan school of management online courses; mit sloan system dynamics; mit summer engineering program; mit summer opportunities; mit summer program; mit summer programs; mit supply chain course; mit supply chain executive education; mit supply chain micromaster; mit supply chain micromasters; mit supply chain micromasters edx; mit system architecture; mit system dynamics; mit system dynamics group; mit system thinking; mit system thinking course; mit systems; mit systems dynamics; mit think; mit think scholars program; mit university courses; mit website; mit website login; mit xpro courses; mit xpro professional certificate in coding; mit xpro project management; mit xpro system thinking; mit xpro systems thinking course; mites minority introduction to engineering and science; mites summer program; mitopencourseware; mitopencourseware com; mitx edx; mitx micromasters credential in supply chain management; mitx micromasters in supply chain management; mitx micromasters supply chain; mitx micromasters supply chain management; mitx on edx; mitx online courses; mitx systems thinking; mobile system design book; modeling complex systems; monitoring and evaluation course; mooc gestion de projet; moocs courses; moodle learn; moodle learning management system lms; moodle training courses; moringa school; most popular leadership courses; mostec summer program; my business e learning platform; mygreatlearning; nanodegree; nanodegree program; network models; nita courses; northlink college; nptel; nptel courses; nptel online courses; ocw; ocw courses; ocw mit edu courses; ocw mit edu courses 6 s087 foundation; ocw mit edu index htm; ocw mit linear algebra; odin project; odin project certificate; office management course; omidyar systems thinking course; online ai courses with certificate; online business management courses; online business management courses south africa; online business strategy course; online certificate; online certificate courses; online class with certificate; online classes for it jobs; online classes it course; online coding classes; online coding classes with certificate; online college it courses; online computer class; online computer classes; online computer courses; online computer courses certificate; online computer courses with certificates; online computer science courses; online computer studies; online computer training; online computer training school; online course agile project management; online course for business management; online course in it; online course in project planning and management; online course management system; online course systems thinking; online course with certificate; online courses for it; online courses for plc programming; online courses for project management; online courses in kenya with certificates; online courses in mit; online courses on project management; online courses with certificate; online courses with certificates in kenya; online design thinking courses; online diploma courses in kenya; online erp course; online it courses in pakistan; online it courses with certificate; online it learning; online leadership certificate; online leadership course; online leadership program; online learnership lms; online learnerships for 2025 with stipend; online learning software; online logistics course; online management certificate programs; online management course; online management courses; online management information system; online masters in educational leadership; online masters in leadership; online mechanical engineering courses; online product management course; online project management certification; online project management course; online project management courses with certificates; online retail management courses; online short courses with certificate; online software training courses; online stanford courses; online system thinking course; online team building course; online team building program; online tech courses with certificates; online tech skills; online training courses with certificates; online training project management; online workshop with certificate; open course ware; open learning library mit; open learning mit; open moocs; open university systems thinking; open university systems thinking course; open university systems thinking free course; opencourseware; opencourseware mit; opencourseware ocw; operation management certificate; operations management certificate; organizational design course; organizational leadership; organizational leadership degree; organizational strategies; organizational strategy; organizational strategy certificate; organizational strategy examples; organizational strategy for engineers; organizational strategy for researchers; organizational strategy for scientists; organizational strategy for technical professionals; organizational strategy skills; organizational strategy structure and process; organizational strategy training; organizational strategy training for technical professionals; oxford strategic leadership programme; paksoft skill certificate; pega system architect; phd systems thinking; platform engineering course; pm4ngos exam; pmi certification; pmm course; pmo training; pmp; pmp certification; pmp certification cost; pmp certification in ethiopia; pmp certification requirements; pmp certifications; pmp exam fee in pakistan; pmp islamabad; pmp online course; pmp or prince2; pmp registration online; pmp training; powerpoint; ppt; primavera p6 course; prince 2 certificate; prince2 foundation certification; principles of system thinking; principles of systems; problem solving; problem solving and critical thinking; problem solving course; problem solving courses; problem solving in programming; problem solving practice; problem solving presentations; problem solving skills; problem solving techniques; process modeling in system analysis and design; product development courses; product management bootcamps; product management certificate; product management course; product management courses; product management online course; product management program; product management qualification; product management simulation; product management training; product management training course; product manager certificate; product school teachable; professional lms; professionalonline2 mit edu; profile; program; program coordinator courses; program management; program management certification; programing course; programs; progressive training development and projects; project config; project finance certification; project leadership course; project management; project management and business analysis courses; project management cert; project management certificate; project management certification; project management certification courses free; project management certification online mit; project management certification pmp; project management course drive google com; project management course in ethiopia; project management courses; project management courses by google; project management courses for freshers; project management courses in nigeria; project management courses online; project management courses with certificates; project management free course by google; project management free course with certificate; project management free online courses with certificates; project management leading organizations to success; project management learnership; project management learnership nqf level 5; project management maturity model; project management methodologies; project management online certificate; project management online course; project management online courses; project management online courses free; project management professional certification; project management professional online course; project management professional pmp; project management professional pmp certification free; project management short course; project management short courses; project management simulation; project management skills certification; project management study; project management techniques; project management training course; project manager certificate; project manager certification; project manager course; project plan; project planning courses; project procurement management; project success program; rapid design; rapid design online course; rapid prototyping; rapid prototyping online course; rapid prototyping services; retail management course; retail management short courses; revit course; revops certification; road transport management course; rotational product manager programs; sap s 4hana training; saylor org certificate; scaler academy; scrum; scrum master certification; scrum master certification exam; scrum master certification free; scrum master course; scrum master online course; scrum org certification; self paced courses; send online lms; senge systems thinking course; seta learning practitioner engineering programme; short courses business management; short it courses online; short management courses; short project management courses; simpl learn; simple learn skill up; simple learning skillup; simplify complex problems; simplify complex processes; simplilearn; simplilearn certificate; simplilearn com; simplilearn skill up; simplilearn skillup; simplilearn skillup certificate; simply learn; sites to learn it; skill certificate online; skill sprint e learning platform; skills; skills build; skills for a project manager; skillup by simplilearn; small business management course; smartpm training; soft skill certificate; soft skill certificate pakistan; soft skill training certificate pakistan; soft skills; soft skills for engineers; soft skills for technical professionals; soft skills training; software architect course; software architecture; software architecture certificate programs; software architecture patterns by mark richards pdf; software courses online; software development certificate; software development courses for beginners; software engineer course online; software engineering course online; software engineering short course; software online courses; software short courses; sololearn; solve complex problems; stanford leadership courses; stanford online courses; stanford online management courses; stanford problem solving; stanford product management course; stanford university online courses; start learning with edx; stella system dynamics; stem courses; store keeper course; store manager courses; stores and stock control courses; strategic innovation management; strategic learnership; strategic management skills; strategic management skills for technical professionals; strategic management training; strategic management training for technical professionals; strategic planning for engineers; strategic planning for technical professionals; strategic planning skills; strategic planning training; strategic skills training; strategic thinking; strategic thinking in complex problem solving; strategic thinking workshop; strategy and innovation; structured problem solving; study of systems; supervisor certificate course; supply chain fundamentals mit; supply chain logistics certificate; supply chain logistics online course; supply chain management mit edx; supply chain management short courses online; sysml; sysml tools; syspro training courses; system analysis and design; system analysis and design course; system archetypes; system architecture certification; system architecture program; system design; system design and architecture; system design and management mit; system design beginner; system design books; system design bootcamp; system design certification; system design certification course; system design course; system design course mit; system design courses; system design for managers; system design interview guide for software architecture udemy; system design interview pdf; system design masterclass; system design mit; system design program; system design thinking course; system development; system dynamics and response; system dynamics applications; system dynamics certificate; system dynamics course online; system dynamics mit; system dynamics modeling; system dynamics modeling examples; system dynamics online course; system dynamics review; system dynamics society; system dynamics tools; system dynamics training; system emergence; system engineer bootcamp; system engineer courses; system engineering course; system engineering course online; system engineering online course; system modeling course; system performance; system theory course; system think; system thinking; system thinking and analysis course description; system thinking book; system thinking certificate; system thinking course; system thinking course free; system thinking course outline; system thinking course singapore; system thinking coursera; system thinking courses; system thinking definition; system thinking design; system thinking examples; system thinking in technical environments; system thinking mit; system thinking mit course; system thinking online course; system thinking simulation; system work training; systematic thinking; systems architecture course; systems course; systems design course; systems design courses; systems design engineering; systems dynamic method; systems dynamics; systems dynamics society; systems engineer courses; systems engineering course mit; systems engineering courses online; systems engineering masters; systems engineering online courses; systems engineering process steps; systems engineering training courses; systems science masters; systems theory course; systems thinking; systems thinking and system dynamics; systems thinking application; systems thinking approach; systems thinking book; systems thinking certification; systems thinking certification program; systems thinking class; systems thinking college course; systems thinking competency course; systems thinking competency course mit; systems thinking course coursera; systems thinking course design best practices for professionals; systems thinking course design for professionals examples; systems thinking course design for professionals examples vietnam; systems thinking course design for professionals vietnam; systems thinking course free; systems thinking course harvard; systems thinking course hero; systems thinking course ice breaker; systems thinking course london; systems thinking course mit; systems thinking course onlin; systems thinking course online; systems thinking course outline; systems thinking course singapore; systems thinking course starr; systems thinking course syllabus; systems thinking course uk; systems thinking coursera; systems thinking courses australia; systems thinking courses online; systems thinking courses south africa; systems thinking courses uk; systems thinking education; systems thinking for engineers; systems thinking for managers; systems thinking for project managers; systems thinking for social change; systems thinking free course; systems thinking free online course; systems thinking in business; systems thinking in healthcare; systems thinking in healthcare course; systems thinking in practice; systems thinking in practice course; systems thinking leadership; systems thinking mit xpro; systems thinking mooc; systems thinking network; systems thinking online certificate; systems thinking online course; systems thinking pdf; systems thinking phd; systems thinking playbook pdf; systems thinking practitioner; systems thinking process improvement; systems thinking professional certificate; systems thinking professional certificate mit; systems thinking program mit xpro; systems thinking research; systems thinking short course; systems thinking standards institute; systems thinking stanford; systems thinking systems practice; systems thinking training; systems thinking training course; systems thinking training courses; systems thinking workshop; team building certificate; team building for engineers; team building for technical professionals; team building skills; team building training; team leader training; tech courses online; tech lead responsibilities; tech short courses; tech skills to learn; technical architecture courses; technical innovation; technical innovation certificate; technical innovation online course; technical innovation training; technical leadership; technical leadership certificate; technical leadership course; technical leadership development; technical leadership online program; technical leadership skills; technical leadership skills list; technical problem solving; technical product management; technical product manager training; technical program management; technical program management courses; technical project management; technical project management courses; technical project manager training; technology leadership program; technology workshops near me; the iceberg model of systems thinking; the mind luster; the odin project; the systems thinker; the v model systems engineering; think in systems; thinking in systems; thinking in systems a primer; thinking in systems course; thinking in systems donella meadows; thinking in systems pdf; thinking in systems summary; thinking skills; thinking skills questions; togaf course; top leadership development programs; top leadership training courses; top lms platforms 2024; top management training courses; training; training for critical thinking; training leadership program; training mbusoms co za; training program management; training think tank energy systems course; tvet colleges offering project management; types of leadership training; types of organizational strategy; udacity courses with certificate; udemy; udemy coursera; udemy courses; udemy edx; udemy online courses; university of kwazulu natal; university of technology pretoria; vanguard systems thinking course; waters center for systems thinking; web designing free course with certificate; website system design; what course transfer to wgu systems thinking; what course transfer to wgu systems thinking reddit; what courses count as systems thinking or systems engineering; what is agile methodology; what is agile project management; what is organizational strategy; what is radical innovation; what is system engineering; what is systems thinking; what is the concept of emergence; whats systems thinking; workshop; wpi system dynamics; www coursera org; www learnwithdexa com; www mindluster com; www ocw mit edu courses; www pmi org; www sdp edu za; www the programmers university com; xpro mit,360 learning; 3d prototyping; 4 week certificate programs online; absorb lms; academy asana com; academy asana com workflow specialist; academy for systems change; aconex course online; acumen systems thinking course; advanced modeling; agicorp academy; agile courses; agile methodologies; agile project; agile project management; agile project management course; ai in systems engineering; ai project management course; ai project management courses; ai software engineer course; ai system design; ai systems performance engineering; alison course certificate; alison courses; altium pcb design course; alx academy courses; alx courses; alxafrica courses; an introduction to general systems thinking; analytical thinking and innovation skills; analytical thinking problem solving; applied systems thinking courses; apply mit edu; architect complex processes; ardiland institute of technology; asana; automation course; automation masters online; barry richmond systems thinking; basecamp; become a product manager by cole mercer; becoming an entrepreneur mit; best business certification programs; best certifications for it directors; best course in business analytics; best course on critical thinking; best course on system design; best courses for project management; best critical thinking courses; best free online project management courses with certificates; best leadership development program; best leadership training programs; best online certificate programs for project management; best online coding courses with certificates; best product management certification; best project management certification; best project management courses; best software architect certification; best system design book; best system design course; best systems thinking courses; best tech online courses; books; books for system design; books on systems thinking; brand management courses; business administration certifications; business administration level 2 course; business administration nqf 3; business analyst course; business classes online with certificates; business courses online with certificates; business dynamics; business leadership course; business leadership skills; business leadership training; business management course; business management courses; business management courses cape town; business management in service training; business management online short courses; business management short courses; business management training; business school e learning learnership smart lms; business strategy skills; business strategy training; business systems analyst courses; business systems course; business systems courses; business systems design; call center management course; can i get shrm credit for systems thinking course; can i learn it online; capm certification; career essentials certificate by microsoft and linkedin; carnegie mellon software architecture certification; certificate; certificate course on business management; certificate courses; certificate courses online; certificate for project; certificate in project management; certificate in systems engineering; certificate in systems thinking; certificate programs online; certificates for engineering students; certification; certification in agentic systems and design; certification mit; certification program in agentic systems and design; certified associate in project management capm; chicago booth leadership program; cisco courses online; class; class central; class central certificate; class central certificates; cleveland state university systems thinking course; clickup; cm certified manager; cm punjab it certification program 2025; cmu software architecture; codedamn courses; coding certificate course; coding classes online; coding course; coding courses; coding courses online; coding online courses; coding short courses online; company secretary course; complex adaptive systems training; complex problem solving; complex problem solving course; complex systems course online; complex systems mit; comptia a; computer course; computer course certificate free download; computer courses; computer courses online; computer hardware engineer courses; computer online classes; computer online courses; computer science certificate programs; computer software course; computer systems engineering vs computer science; computer technology course; construction courses unisa; construction foreman courses; construction management certificate; construction management course; construction management courses; construction management diploma online; construction manager certification; construction short courses online; continuous improvement certification online; control engineering online course; cornell systems thinking; corporate leadership training; corporate strategy for engineers; corporate strategy for technical professionals; corporate strategy skills; corporate strategy training; cost engineer certification; cost management courses; cours de gestion de projet en ligne gratuit; course; course on systems thinking; course system thinking quiz 1; course systems thinking; coursera and edx; coursera certificate; coursera edx; coursera project management; coursera system design; coursera systems engineering; courses of marketing management; courses on program management; courses on project management; courses on systems thinking; courses with certificates; create design system; create project plan; critical thinking and problem solving; critical thinking and problem solving course; critical thinking bot; critical thinking certification; critical thinking class; critical thinking com; critical thinking course; critical thinking course free; critical thinking mit; critical thinking online course; critical thinking practice; critical thinking short course; critical thinking skills; cs50; cs50 by harvard; cs50 edx; curso de dinamica de sistemas; curso scrum; dale carnegie leadership training; decision making courses online; degree; demand planning certification; demonstrating problem solving skills; design thinking certification; design thinking certification stanford; design thinking course; design thinking ibm; design thinking systems course nyc; designing data intensive applications; designing distributed systems; devops course; digiskill; digiskills; digiskills courses; digiskills registration; digital leadership program; digital management course online; digital project manager certification; digitaldefynd; digitalskill lms; dit course; does economics count as a systems thinking course; donella h meadows thinking in systems; drop servicing course; dynamic models; dynamic work design; e learning lms; e learning lms learnership; e learning lms learnership 2024; e learning lms learnership 2025; e learning lms learnership 2025 online application; e learning lms learnership application; e learning lms register; e learning lms registration; e lms; ecornell engineering leadership; edureka lms; edx; edx certificate; edx course; edx coursera; edx courses; edx cs50 introduction to computer science; edx cs50x; edx edu; edx get smarter; edx harvard courses; edx harvard mit; edx learning platform; edx mit; edx mit certificate; edx mit supply chain fundamentals; edx mitx; edx mooc org; edx online courses; edx org; edx supply chain; edx supply chain fundamentals; edx systems engineering; edx systems thinking; edx website; effective leadership; effective leadership program; effective leadership skills; effective team leadership for engineers; elearning lms; elearning lms learnership; elearning lms learnership 2025; elearning lms learnership 2025 online application; elearning lms learnership application; elearning lms learnerships; elearning lms registration; elearning platform courses; embedded programming course; embedded systems engineer certification; emotional intelligence training for engineers; empowering rural women through it training; engineering bursaries; engineering courses; engineering courses online; engineering leader; engineering leadership; engineering leadership certificate; engineering leadership course online; engineering leadership development; engineering leadership development program; engineering leadership program; engineering leadership skills; engineering leadership workshop; engineering management mit; engineering manager course; engineering manager skills; engineering manager training; engineering problem solving; engineering short courses; engineering systems thinking; enterprise application architecture; enterprise architecture certification; erp system certification; erp system learning; essential skills certificate for engineers; essential skills certificate for technical professionals; essential skills for engineers; essential skills for technical professionals; essential skills online course; essential skills training; ethio coders et certification; ethio coders et certification online; ethiocoders et courses; executive coaching certification; executive coaching course for engineers; executive coaching training; executive leadership development; executive leadership skills; executive leadership training; executive leadership training for engineers; executive leadership training for technical professionals; exercising leadership foundational principles harvard; fire; formation en gestion de projet; foundation of system thinking; foundations of project management by google; frank miano msb tutorial; free; free online business management courses with certificate of completion; free online certificate courses in business administration; free online course on project management; free online courses on systems thinking; free online management courses with certificates; free online project management course with certificate; free online project management courses; free online project management courses with certificates; free project management courses; free project management courses with certificates; free software engineering courses with certificate; free systems thinking course; free ux design course with certificate; freecodecamp courses; freecodecamp courses with certificate; freecodecamp full stack certification; front line leadership training; fully funded masters in project management; fundamental leadership and engineering competencies; futures thinking certification; futureskill elearning platform; geeksforgeeks courses; global it certifications; google career certificate program; google certificate courses; google certificate project management; google certification courses; google cybersecurity professional certificate; google cybersecurity professional certificate via coursera; google it support professional certificate; google it support professional certificate coursera; google management certificate; google management project certificate; google product management course; google project management certificate; google project management certificate coursera; google project management certification; google project management certification free; google project management course; google project management coursera; google project management professional certificate; google project management professional certificate reddit; graphic design systems thinking course; great learning academy; grokking system design; grow google certificate; grow google certificates cybersecurity; grow with google; grow with google courses; handbook of model based systems engineering; hansen leadership program; harvard edx; harvard leadership training; harvard mit online courses; harvard online courses; harvardx; high certificate in business management; how can i become a web designer; how can i get pmp certification; how to apply for massachusetts institute of technology; how to apply pmo; how to be a software developer; how to be an effective engineering manager; how to be good at problem solving; how to become a better strategist; how to become a it specialist; how to become a strategic thinker; how to become a systems engineer without a degree; how to become a tech expert; how to become a tech lead; how to create a system; how to create system; how to design a scalable system; how to develop my critical thinking skills; how to develop problem solving skills; how to develop problem solving skills in the workplace; how to do csm certification; how to do framework; how to gain problem solving skills; how to get into product management; how to improve critical thinking; how to improve logical thinking skills; how to improve problem solving skills; how to improve your logic building skills in programming; how to increase critical thinking; how to learn it at home; how to learn problem solving skills; how to learn system design; how to learn systems thinking; how to learn tech skills; how to learn to think strategically; how to solve algorithm problems; how to study for engineering classes; how to study it online; how to think in systems; how to think logically; how to train problem solving skills; howard cs50; hp certification courses; hris systems training; https learning upskillist com vodacom2; https ocw mit edu; https skills nutech edu pk; https www coursera org learn foundations of project management; https www edx org; https www edx org school harvardx; https www edx org school mitx; https www harvard edu online courses; https www tcsion com courses career edge; https www theforage com simulations cbre project management x2vz; hubspot academy revenue operations certification; hubspot crm courses; human centered systems thinking; i want to learn it; i want to learn programming; ibf funded courses systems thinking cpd hours; ibm business analyst professional certificate; ibm courses; ibm online courses; ibm skill build; ibm skillsbuild certificate; iceberg model of systems thinking; iceberg model systems thinking; ict online courses; ieee certificate; iit online courses; importance of organizational strategy; improve critical thinking; improve problem solving skills; industrial engineering online; information architecture certification; information architecture courses; information architecture degree; information technology online courses; information technology short courses online; infosys springboard courses; infrastructure architect course; innovation certificate online; innovation course; innovation management course; innovation strategy; innovation training courses; institute of project management certification; intellipaat; international business management institute ibmi; intro to deep learning mit; intro to project management google; introduction to project management alison; introduction to systems engineering; introduction to systems thinking; introduction to systems thinking course; isaca certified in risk and information systems control crisc; isee systems thinking course; it academy courses; it classes; it course; it courses; it courses in karachi; it courses online; it courses online south africa; it leadership development program; it leadership training; it online courses; it online courses in south africa; it project management methodologies; it short courses; it short courses online; it specialist school; it specialist training; it studies online; it training courses; key elements of organizational strategy; knowledge hub; knowledge learning platform; large scale project management; leadership and management; leadership and management courses; leadership and management courses harvard; leadership and management in engineering; leadership and management skills; leadership certificate; leadership classes; leadership course cornell; leadership course online; leadership courses; leadership courses harvard; leadership courses near me; leadership courses online; leadership development; leadership development courses; leadership development program; leadership development program jobs; leadership development training; leadership for engineering professionals; leadership for technical professionals; leadership for technical profssionals; leadership for technology professionals; leadership in engineering management; leadership management; leadership professional development; leadership seminars; leadership skills; leadership skills for engineers; leadership skills for technical professionals; leadership skills training; leadership training; leadership training certification; leadership training class; leadership training course; leadership training programs; leadership training topics; leading complex projects; leading effective teams; leading organizational change; lean methodologies; learn about systems; learn enterprise architecture; learn mit edu; learn problem solving; learn problem solving programming; learn product management; learn project management; learn rapid prototyping; learn skills; learn software architecture; learn software engineering; learn system architecture; learn system design; learn systems thinking; learn technical innovation; learn the latest tech skills; learner management systems; learning it online; learning management system; learning management system digiskills; learning project management; learning software engineering for beginners; learning system design; learning tcsionhub; learning to solve problems; learnvern; learnvern courses; linkedin learning systems thinking course; lms; lms digital skills; lms digital skills pk; lms le; lms learnership; lms learnership 2025; lms learnership application; lms learning management system; lms learning program; lms training application; lms training learning program 2026; lms training learning programme 2026; lms training program; logic courses; logical reasoning critical thinking mcqs; logical thinking training; logistics and supply chain management courses; logistics certificate; logistics certification; logistics course; logistics management; logistics management training; logistics online course; logistics simulation; logistics training; logistics training course; machine learning course for product managers; management; management skills; management skills online; management skills training; management training; management training for engineers; management training for technical professionals; management training topics; managerial leadership training; managing engineers; marketing management course; massachusetts institute of technology apply; master data structures and algorithms; masters; masters in construction management; masters in systems thinking; mbse mit; mckinsey project management; meta ios developer professional certificate; micro master supply chain management; micromaster mit supply chain; micromasters; micromasters in supply chain management mit; micromasters supply chain mit edx; microsoft certificate courses; microsoft certification courses; microsoft certified systems engineer; microsoft courses; microsoft courses with certificate; microsoft edx; microsoft fabric certification; mind laster com; mind luster; mind luster certificate; mind luster certificate value; mind luster co; mind luster com; mind luster come; mind luster con; mind luster course; mind luster courses; mindluster; mindluster com; mindluster come; mindluster courses; mindset training; mindtap; mindworx academy; mit application; mit beaver works; mit beaver works summer institute; mit business analytics program; mit bwsi beaver works summer institute; mit certificate courses; mit coding certificate; mit coding course; mit courses; mit cs courses; mit cto program; mit deep learning course; mit edx; mit edx courses; mit engineering certificate programs; mit full stack developer course; mit fundamentals of finance; mit idss; mit intro to deep learning; mit introduction to computational thinking and data science; mit introduction to technology engineering and science; mit launch; mit launchx summer program; mit leadership program; mit micromasters supply chain; mit mites; mit mites summer program; mit ocw system dynamics self study; mit ocw website; mit online courses with certificate; mit online degree; mit open course; mit open software; mit open ware course; mit opencourseware; mit opencourseware ai; mit opencourseware certificate; mit opencourseware com; mit opencourseware computer science; mit opencourseware lectures; mit opencourseware neuroscience; mit opencourseware ocw website; mit opencourseware physics; mit opencourseware system dynamics; mit opencourseware systems engineering; mit opencourseware systems thinking; mit opencourseware website; mit power electronics; mit pro; mit project management; mit project management certificate; mit project management course; mit project management simulation; mit research science institute rsi; mit sdm; mit sloan leadership; mit sloan online; mit sloan online courses; mit sloan school of management online courses; mit sloan system dynamics; mit summer engineering program; mit summer opportunities; mit summer program; mit summer programs; mit supply chain course; mit supply chain executive education; mit supply chain micromaster; mit supply chain micromasters; mit supply chain micromasters edx; mit system architecture; mit system dynamics; mit system dynamics group; mit system thinking; mit system thinking course; mit systems; mit systems dynamics; mit think; mit think scholars program; mit university courses; mit website; mit website login; mit xpro courses; mit xpro professional certificate in coding; mit xpro project management; mit xpro system thinking; mit xpro systems thinking course; mites minority introduction to engineering and science; mites summer program; mitopencourseware; mitopencourseware com; mitx edx; mitx micromasters credential in supply chain management; mitx micromasters in supply chain management; mitx micromasters supply chain; mitx micromasters supply chain management; mitx on edx; mitx online courses; mitx systems thinking; mobile system design book; modeling complex systems; monitoring and evaluation course; mooc gestion de projet; moocs courses; moodle learn; moodle learning management system lms; moodle training courses; moringa school; most popular leadership courses; mostec summer program; my business e learning platform; mygreatlearning; nanodegree; nanodegree program; network models; nita courses; northlink college; nptel; nptel courses; nptel online courses; ocw; ocw courses; ocw mit edu courses; ocw mit edu courses 6 s087 foundation; ocw mit edu index htm; ocw mit linear algebra; odin project; odin project certificate; office management course; omidyar systems thinking course; online ai courses with certificate; online business management courses; online business management courses south africa; online business strategy course; online certificate; online certificate courses; online class with certificate; online classes for it jobs; online classes it course; online coding classes; online coding classes with certificate; online college it courses; online computer class; online computer classes; online computer courses; online computer courses certificate; online computer courses with certificates; online computer science courses; online computer studies; online computer training; online computer training school; online course agile project management; online course for business management; online course in it; online course in project planning and management; online course management system; online course systems thinking; online course with certificate; online courses for it; online courses for plc programming; online courses for project management; online courses in kenya with certificates; online courses in mit; online courses on project management; online courses with certificate; online courses with certificates in kenya; online design thinking courses; online diploma courses in kenya; online erp course; online it courses in pakistan; online it courses with certificate; online it learning; online leadership certificate; online leadership course; online leadership program; online learnership lms; online learnerships for 2025 with stipend; online learning software; online logistics course; online management certificate programs; online management course; online management courses; online management information system; online masters in educational leadership; online masters in leadership; online mechanical engineering courses; online product management course; online project management certification; online project management course; online project management courses with certificates; online retail management courses; online short courses with certificate; online software training courses; online stanford courses; online system thinking course; online team building course; online team building program; online tech courses with certificates; online tech skills; online training courses with certificates; online training project management; online workshop with certificate; open course ware; open learning library mit; open learning mit; open moocs; open university systems thinking; open university systems thinking course; open university systems thinking free course; opencourseware; opencourseware mit; opencourseware ocw; operation management certificate; operations management certificate; organizational design course; organizational leadership; organizational leadership degree; organizational strategies; organizational strategy; organizational strategy certificate; organizational strategy examples; organizational strategy for engineers; organizational strategy for researchers; organizational strategy for scientists; organizational strategy for technical professionals; organizational strategy skills; organizational strategy structure and process; organizational strategy training; organizational strategy training for technical professionals; oxford strategic leadership programme; paksoft skill certificate; pega system architect; phd systems thinking; platform engineering course; pm4ngos exam; pmi certification; pmm course; pmo training; pmp; pmp certification; pmp certification cost; pmp certification in ethiopia; pmp certification requirements; pmp certifications; pmp exam fee in pakistan; pmp islamabad; pmp online course; pmp or prince2; pmp registration online; pmp training; powerpoint; ppt; primavera p6 course; prince 2 certificate; prince2 foundation certification; principles of system thinking; principles of systems; problem solving; problem solving and critical thinking; problem solving course; problem solving courses; problem solving in programming; problem solving practice; problem solving presentations; problem solving skills; problem solving techniques; process modeling in system analysis and design; product development courses; product management bootcamps; product management certificate; product management course; product management courses; product management online course; product management program; product management qualification; product management simulation; product management training; product management training course; product manager certificate; product school teachable; professional lms; professionalonline2 mit edu; profile; program; program coordinator courses; program management; program management certification; programing course; programs; progressive training development and projects; project config; project finance certification; project leadership course; project management; project management and business analysis courses; project management cert; project management certificate; project management certification; project management certification courses free; project management certification online mit; project management certification pmp; project management course drive google com; project management course in ethiopia; project management courses; project management courses by google; project management courses for freshers; project management courses in nigeria; project management courses online; project management courses with certificates; project management free course by google; project management free course with certificate; project management free online courses with certificates; project management leading organizations to success; project management learnership; project management learnership nqf level 5; project management maturity model; project management methodologies; project management online certificate; project management online course; project management online courses; project management online courses free; project management professional certification; project management professional online course; project management professional pmp; project management professional pmp certification free; project management short course; project management short courses; project management simulation; project management skills certification; project management study; project management techniques; project management training course; project manager certificate; project manager certification; project manager course; project plan; project planning courses; project procurement management; project success program; rapid design; rapid design online course; rapid prototyping; rapid prototyping online course; rapid prototyping services; retail management course; retail management short courses; revit course; revops certification; road transport management course; rotational product manager programs; sap s 4hana training; saylor org certificate; scaler academy; scrum; scrum master certification; scrum master certification exam; scrum master certification free; scrum master course; scrum master online course; scrum org certification; self paced courses; send online lms; senge systems thinking course; seta learning practitioner engineering programme; short courses business management; short it courses online; short management courses; short project management courses; simpl learn; simple learn skill up; simple learning skillup; simplify complex problems; simplify complex processes; simplilearn; simplilearn certificate; simplilearn com; simplilearn skill up; simplilearn skillup; simplilearn skillup certificate; simply learn; sites to learn it; skill certificate online; skill sprint e learning platform; skills; skills build; skills for a project manager; skillup by simplilearn; small business management course; smartpm training; soft skill certificate; soft skill certificate pakistan; soft skill training certificate pakistan; soft skills; soft skills for engineers; soft skills for technical professionals; soft skills training; software architect course; software architecture; software architecture certificate programs; software architecture patterns by mark richards pdf; software courses online; software development certificate; software development courses for beginners; software engineer course online; software engineering course online; software engineering short course; software online courses; software short courses; sololearn; solve complex problems; stanford leadership courses; stanford online courses; stanford online management courses; stanford problem solving; stanford product management course; stanford university online courses; start learning with edx; stella system dynamics; stem courses; store keeper course; store manager courses; stores and stock control courses; strategic innovation management; strategic learnership; strategic management skills; strategic management skills for technical professionals; strategic management training; strategic management training for technical professionals; strategic planning for engineers; strategic planning for technical professionals; strategic planning skills; strategic planning training; strategic skills training; strategic thinking; strategic thinking in complex problem solving; strategic thinking workshop; strategy and innovation; structured problem solving; study of systems; supervisor certificate course; supply chain fundamentals mit; supply chain logistics certificate; supply chain logistics online course; supply chain management mit edx; supply chain management short courses online; sysml; sysml tools; syspro training courses; system analysis and design; system analysis and design course; system archetypes; system architecture certification; system architecture program; system design; system design and architecture; system design and management mit; system design beginner; system design books; system design bootcamp; system design certification; system design certification course; system design course; system design course mit; system design courses; system design for managers; system design interview guide for software architecture udemy; system design interview pdf; system design masterclass; system design mit; system design program; system design thinking course; system development; system dynamics and response; system dynamics applications; system dynamics certificate; system dynamics course online; system dynamics mit; system dynamics modeling; system dynamics modeling examples; system dynamics online course; system dynamics review; system dynamics society; system dynamics tools; system dynamics training; system emergence; system engineer bootcamp; system engineer courses; system engineering course; system engineering course online; system engineering online course; system modeling course; system performance; system theory course; system think; system thinking; system thinking and analysis course description; system thinking book; system thinking certificate; system thinking course; system thinking course free; system thinking course outline; system thinking course singapore; system thinking coursera; system thinking courses; system thinking definition; system thinking design; system thinking examples; system thinking in technical environments; system thinking mit; system thinking mit course; system thinking online course; system thinking simulation; system work training; systematic thinking; systems architecture course; systems course; systems design course; systems design courses; systems design engineering; systems dynamic method; systems dynamics; systems dynamics society; systems engineer courses; systems engineering course mit; systems engineering courses online; systems engineering masters; systems engineering online courses; systems engineering process steps; systems engineering training courses; systems science masters; systems theory course; systems thinking; systems thinking and system dynamics; systems thinking application; systems thinking approach; systems thinking book; systems thinking certification; systems thinking certification program; systems thinking class; systems thinking college course; systems thinking competency course; systems thinking competency course mit; systems thinking course coursera; systems thinking course design best practices for professionals; systems thinking course design for professionals examples; systems thinking course design for professionals examples vietnam; systems thinking course design for professionals vietnam; systems thinking course free; systems thinking course harvard; systems thinking course hero; systems thinking course ice breaker; systems thinking course london; systems thinking course mit; systems thinking course onlin; systems thinking course online; systems thinking course outline; systems thinking course singapore; systems thinking course starr; systems thinking course syllabus; systems thinking course uk; systems thinking coursera; systems thinking courses australia; systems thinking courses online; systems thinking courses south africa; systems thinking courses uk; systems thinking education; systems thinking for engineers; systems thinking for managers; systems thinking for project managers; systems thinking for social change; systems thinking free course; systems thinking free online course; systems thinking in business; systems thinking in healthcare; systems thinking in healthcare course; systems thinking in practice; systems thinking in practice course; systems thinking leadership; systems thinking mit xpro; systems thinking mooc; systems thinking network; systems thinking online certificate; systems thinking online course; systems thinking pdf; systems thinking phd; systems thinking playbook pdf; systems thinking practitioner; systems thinking process improvement; systems thinking professional certificate; systems thinking professional certificate mit; systems thinking program mit xpro; systems thinking research; systems thinking short course; systems thinking standards institute; systems thinking stanford; systems thinking systems practice; systems thinking training; systems thinking training course; systems thinking training courses; systems thinking workshop; team building certificate; team building for engineers; team building for technical professionals; team building skills; team building training; team leader training; tech courses online; tech lead responsibilities; tech short courses; tech skills to learn; technical architecture courses; technical innovation; technical innovation certificate; technical innovation online course; technical innovation training; technical leadership; technical leadership certificate; technical leadership course; technical leadership development; technical leadership online program; technical leadership skills; technical leadership skills list; technical problem solving; technical product management; technical product manager training; technical program management; technical program management courses; technical project management; technical project management courses; technical project manager training; technology leadership program; technology workshops near me; the iceberg model of systems thinking; the mind luster; the odin project; the systems thinker; the v model systems engineering; think in systems; thinking in systems; thinking in systems a primer; thinking in systems course; thinking in systems donella meadows; thinking in systems pdf; thinking in systems summary; thinking skills; thinking skills questions; togaf course; top leadership development programs; top leadership training courses; top lms platforms 2024; top management training courses; training; training for critical thinking; training leadership program; training mbusoms co za; training program management; training think tank energy systems course; tvet colleges offering project management; types of leadership training; types of organizational strategy; udacity courses with certificate; udemy; udemy coursera; udemy courses; udemy edx; udemy online courses; university of kwazulu natal; university of technology pretoria; vanguard systems thinking course; waters center for systems thinking; web designing free course with certificate; website system design; what course transfer to wgu systems thinking; what course transfer to wgu systems thinking reddit; what courses count as systems thinking or systems engineering; what is agile methodology; what is agile project management; what is organizational strategy; what is radical innovation; what is system engineering; what is systems thinking; what is the concept of emergence; whats systems thinking; workshop; wpi system dynamics; www coursera org; www learnwithdexa com; www mindluster com; www ocw mit edu courses; www pmi org; www sdp edu za; www the programmers university com; xpro mit,44,learn system thinking; mit systems thinking; mit xpro systems thinking; project management training; system architecture course; system engineering; system thinking training; systems thinking certificate; systems thinking course; systems thinking courses; systems thinking mit; what is system thinking
ks_0024,,learn system thinking; mit systems thinking; system architecture course; system engineering; system models; systems thinking certificate; systems thinking courses; systems thinking mit; what is system thinking,mit systems thinking; mit systems thinking course; mit xpro systems thinking; system architecture course; system engineering; systems thinking course; systems thinking mit; what is system thinking,learn system thinking; mit systems thinking; mit systems thinking course; mit xpro systems thinking; system architecture course; system engineering; system models; systems thinking certificate; systems thinking course; systems thinking courses; systems thinking mit; what is system thinking,,,360 learning; 3d prototyping; 4 week certificate programs online; absorb lms; academy asana com; academy asana com workflow specialist; academy for systems change; aconex course online; acumen systems thinking course; advanced modeling; agicorp academy; agile courses; agile methodologies; agile project; agile project management; agile project management course; ai in systems engineering; ai project management course; ai project management courses; ai software engineer course; ai system design; ai systems performance engineering; alison course certificate; alison courses; altium pcb design course; alx academy courses; alx courses; alxafrica courses; an introduction to general systems thinking; analytical thinking and innovation skills; analytical thinking problem solving; applied systems thinking courses; apply mit edu; architect complex processes; ardiland institute of technology; asana; automation course; automation masters online; barry richmond systems thinking; basecamp; become a product manager by cole mercer; becoming an entrepreneur mit; best business certification programs; best certifications for it directors; best course in business analytics; best course on critical thinking; best course on system design; best courses for project management; best critical thinking courses; best free online project management courses with certificates; best leadership development program; best leadership training programs; best online certificate programs for project management; best online coding courses with certificates; best product management certification; best project management certification; best project management courses; best software architect certification; best system design book; best system design course; best systems thinking courses; best tech online courses; books; books for system design; books on systems thinking; brand management courses; business administration certifications; business administration level 2 course; business administration nqf 3; business analyst course; business classes online with certificates; business courses online with certificates; business dynamics; business leadership course; business leadership skills; business leadership training; business management course; business management courses; business management courses cape town; business management in service training; business management online short courses; business management short courses; business management training; business school e learning learnership smart lms; business strategy skills; business strategy training; business systems analyst courses; business systems course; business systems courses; business systems design; call center management course; can i get shrm credit for systems thinking course; can i learn it online; capm certification; career essentials certificate by microsoft and linkedin; carnegie mellon software architecture certification; certificate; certificate course on business management; certificate courses; certificate courses online; certificate for project; certificate in project management; certificate in systems engineering; certificate in systems thinking; certificate programs online; certificates for engineering students; certification; certification in agentic systems and design; certification mit; certification program in agentic systems and design; certified associate in project management capm; chicago booth leadership program; cisco courses online; class; class central; class central certificate; class central certificates; cleveland state university systems thinking course; clickup; cm certified manager; cm punjab it certification program 2025; cmu software architecture; codedamn courses; coding certificate course; coding classes online; coding course; coding courses; coding courses online; coding online courses; coding short courses online; company secretary course; complex adaptive systems training; complex problem solving; complex problem solving course; complex systems course online; complex systems mit; comptia a; computer course; computer course certificate free download; computer courses; computer courses online; computer hardware engineer courses; computer online classes; computer online courses; computer science certificate programs; computer software course; computer systems engineering vs computer science; computer technology course; construction courses unisa; construction foreman courses; construction management certificate; construction management course; construction management courses; construction management diploma online; construction manager certification; construction short courses online; continuous improvement certification online; control engineering online course; cornell systems thinking; corporate leadership training; corporate strategy for engineers; corporate strategy for technical professionals; corporate strategy skills; corporate strategy training; cost engineer certification; cost management courses; cours de gestion de projet en ligne gratuit; course; course on systems thinking; course system thinking quiz 1; course systems thinking; coursera and edx; coursera certificate; coursera edx; coursera project management; coursera system design; coursera systems engineering; courses of marketing management; courses on program management; courses on project management; courses on systems thinking; courses with certificates; create design system; create project plan; critical thinking and problem solving; critical thinking and problem solving course; critical thinking bot; critical thinking certification; critical thinking class; critical thinking com; critical thinking course; critical thinking course free; critical thinking mit; critical thinking online course; critical thinking practice; critical thinking short course; critical thinking skills; cs50; cs50 by harvard; cs50 edx; curso de dinamica de sistemas; curso scrum; dale carnegie leadership training; decision making courses online; degree; demand planning certification; demonstrating problem solving skills; design thinking certification; design thinking certification stanford; design thinking course; design thinking ibm; design thinking systems course nyc; designing data intensive applications; designing distributed systems; devops course; digiskill; digiskills; digiskills courses; digiskills registration; digital leadership program; digital management course online; digital project manager certification; digitaldefynd; digitalskill lms; dit course; does economics count as a systems thinking course; donella h meadows thinking in systems; drop servicing course; dynamic models; dynamic work design; e learning lms; e learning lms learnership; e learning lms learnership 2024; e learning lms learnership 2025; e learning lms learnership 2025 online application; e learning lms learnership application; e learning lms register; e learning lms registration; e lms; ecornell engineering leadership; edureka lms; edx; edx certificate; edx course; edx coursera; edx courses; edx cs50 introduction to computer science; edx cs50x; edx edu; edx get smarter; edx harvard courses; edx harvard mit; edx learning platform; edx mit; edx mit certificate; edx mit supply chain fundamentals; edx mitx; edx mooc org; edx online courses; edx org; edx supply chain; edx supply chain fundamentals; edx systems engineering; edx systems thinking; edx website; effective leadership; effective leadership program; effective leadership skills; effective team leadership for engineers; elearning lms; elearning lms learnership; elearning lms learnership 2025; elearning lms learnership 2025 online application; elearning lms learnership application; elearning lms learnerships; elearning lms registration; elearning platform courses; embedded programming course; embedded systems engineer certification; emotional intelligence training for engineers; empowering rural women through it training; engineering bursaries; engineering courses; engineering courses online; engineering leader; engineering leadership; engineering leadership certificate; engineering leadership course online; engineering leadership development; engineering leadership development program; engineering leadership program; engineering leadership skills; engineering leadership workshop; engineering management mit; engineering manager course; engineering manager skills; engineering manager training; engineering problem solving; engineering short courses; engineering systems thinking; enterprise application architecture; enterprise architecture certification; erp system certification; erp system learning; essential skills certificate for engineers; essential skills certificate for technical professionals; essential skills for engineers; essential skills for technical professionals; essential skills online course; essential skills training; ethio coders et certification; ethio coders et certification online; ethiocoders et courses; executive coaching certification; executive coaching course for engineers; executive coaching training; executive leadership development; executive leadership skills; executive leadership training; executive leadership training for engineers; executive leadership training for technical professionals; exercising leadership foundational principles harvard; fire; formation en gestion de projet; foundation of system thinking; foundations of project management by google; frank miano msb tutorial; free; free online business management courses with certificate of completion; free online certificate courses in business administration; free online course on project management; free online courses on systems thinking; free online management courses with certificates; free online project management course with certificate; free online project management courses; free online project management courses with certificates; free project management courses; free project management courses with certificates; free software engineering courses with certificate; free systems thinking course; free ux design course with certificate; freecodecamp courses; freecodecamp courses with certificate; freecodecamp full stack certification; front line leadership training; fully funded masters in project management; fundamental leadership and engineering competencies; futures thinking certification; futureskill elearning platform; geeksforgeeks courses; global it certifications; google career certificate program; google certificate courses; google certificate project management; google certification courses; google cybersecurity professional certificate; google cybersecurity professional certificate via coursera; google it support professional certificate; google it support professional certificate coursera; google management certificate; google management project certificate; google product management course; google project management certificate; google project management certificate coursera; google project management certification; google project management certification free; google project management course; google project management coursera; google project management professional certificate; google project management professional certificate reddit; graphic design systems thinking course; great learning academy; grokking system design; grow google certificate; grow google certificates cybersecurity; grow with google; grow with google courses; handbook of model based systems engineering; hansen leadership program; harvard edx; harvard leadership training; harvard mit online courses; harvard online courses; harvardx; high certificate in business management; how can i become a web designer; how can i get pmp certification; how to apply for massachusetts institute of technology; how to apply pmo; how to be a software developer; how to be an effective engineering manager; how to be good at problem solving; how to become a better strategist; how to become a it specialist; how to become a strategic thinker; how to become a systems engineer without a degree; how to become a tech expert; how to become a tech lead; how to create a system; how to create system; how to design a scalable system; how to develop my critical thinking skills; how to develop problem solving skills; how to develop problem solving skills in the workplace; how to do csm certification; how to do framework; how to gain problem solving skills; how to get into product management; how to improve critical thinking; how to improve logical thinking skills; how to improve problem solving skills; how to improve your logic building skills in programming; how to increase critical thinking; how to learn it at home; how to learn problem solving skills; how to learn system design; how to learn systems thinking; how to learn tech skills; how to learn to think strategically; how to solve algorithm problems; how to study for engineering classes; how to study it online; how to think in systems; how to think logically; how to train problem solving skills; howard cs50; hp certification courses; hris systems training; https learning upskillist com vodacom2; https ocw mit edu; https skills nutech edu pk; https www coursera org learn foundations of project management; https www edx org; https www edx org school harvardx; https www edx org school mitx; https www harvard edu online courses; https www tcsion com courses career edge; https www theforage com simulations cbre project management x2vz; hubspot academy revenue operations certification; hubspot crm courses; human centered systems thinking; i want to learn it; i want to learn programming; ibf funded courses systems thinking cpd hours; ibm business analyst professional certificate; ibm courses; ibm online courses; ibm skill build; ibm skillsbuild certificate; iceberg model of systems thinking; iceberg model systems thinking; ict online courses; ieee certificate; iit online courses; importance of organizational strategy; improve critical thinking; improve problem solving skills; industrial engineering online; information architecture certification; information architecture courses; information architecture degree; information technology online courses; information technology short courses online; infosys springboard courses; infrastructure architect course; innovation certificate online; innovation course; innovation management course; innovation strategy; innovation training courses; institute of project management certification; intellipaat; international business management institute ibmi; intro to deep learning mit; intro to project management google; introduction to project management alison; introduction to systems engineering; introduction to systems thinking; introduction to systems thinking course; isaca certified in risk and information systems control crisc; isee systems thinking course; it academy courses; it classes; it course; it courses; it courses in karachi; it courses online; it courses online south africa; it leadership development program; it leadership training; it online courses; it online courses in south africa; it project management methodologies; it short courses; it short courses online; it specialist school; it specialist training; it studies online; it training courses; key elements of organizational strategy; knowledge hub; knowledge learning platform; large scale project management; leadership and management; leadership and management courses; leadership and management courses harvard; leadership and management in engineering; leadership and management skills; leadership certificate; leadership classes; leadership course cornell; leadership course online; leadership courses; leadership courses harvard; leadership courses near me; leadership courses online; leadership development; leadership development courses; leadership development program; leadership development program jobs; leadership development training; leadership for engineering professionals; leadership for technical professionals; leadership for technical profssionals; leadership for technology professionals; leadership in engineering management; leadership management; leadership professional development; leadership seminars; leadership skills; leadership skills for engineers; leadership skills for technical professionals; leadership skills training; leadership training; leadership training certification; leadership training class; leadership training course; leadership training programs; leadership training topics; leading complex projects; leading effective teams; leading organizational change; lean methodologies; learn about systems; learn enterprise architecture; learn mit edu; learn problem solving; learn problem solving programming; learn product management; learn project management; learn rapid prototyping; learn skills; learn software architecture; learn software engineering; learn system architecture; learn system design; learn systems thinking; learn technical innovation; learn the latest tech skills; learner management systems; learning it online; learning management system; learning management system digiskills; learning project management; learning software engineering for beginners; learning system design; learning tcsionhub; learning to solve problems; learnvern; learnvern courses; linkedin learning systems thinking course; lms; lms digital skills; lms digital skills pk; lms le; lms learnership; lms learnership 2025; lms learnership application; lms learning management system; lms learning program; lms training application; lms training learning program 2026; lms training learning programme 2026; lms training program; logic courses; logical reasoning critical thinking mcqs; logical thinking training; logistics and supply chain management courses; logistics certificate; logistics certification; logistics course; logistics management; logistics management training; logistics online course; logistics simulation; logistics training; logistics training course; machine learning course for product managers; management; management skills; management skills online; management skills training; management training; management training for engineers; management training for technical professionals; management training topics; managerial leadership training; managing engineers; marketing management course; massachusetts institute of technology apply; master data structures and algorithms; masters; masters in construction management; masters in systems thinking; mbse mit; mckinsey project management; meta ios developer professional certificate; micro master supply chain management; micromaster mit supply chain; micromasters; micromasters in supply chain management mit; micromasters supply chain mit edx; microsoft certificate courses; microsoft certification courses; microsoft certified systems engineer; microsoft courses; microsoft courses with certificate; microsoft edx; microsoft fabric certification; mind laster com; mind luster; mind luster certificate; mind luster certificate value; mind luster co; mind luster com; mind luster come; mind luster con; mind luster course; mind luster courses; mindluster; mindluster com; mindluster come; mindluster courses; mindset training; mindtap; mindworx academy; mit application; mit beaver works; mit beaver works summer institute; mit business analytics program; mit bwsi beaver works summer institute; mit certificate courses; mit coding certificate; mit coding course; mit courses; mit cs courses; mit cto program; mit deep learning course; mit edx; mit edx courses; mit engineering certificate programs; mit full stack developer course; mit fundamentals of finance; mit idss; mit intro to deep learning; mit introduction to computational thinking and data science; mit introduction to technology engineering and science; mit launch; mit launchx summer program; mit leadership program; mit micromasters supply chain; mit mites; mit mites summer program; mit ocw system dynamics self study; mit ocw website; mit online courses with certificate; mit online degree; mit open course; mit open software; mit open ware course; mit opencourseware; mit opencourseware ai; mit opencourseware certificate; mit opencourseware com; mit opencourseware computer science; mit opencourseware lectures; mit opencourseware neuroscience; mit opencourseware ocw website; mit opencourseware physics; mit opencourseware system dynamics; mit opencourseware systems engineering; mit opencourseware systems thinking; mit opencourseware website; mit power electronics; mit pro; mit project management; mit project management certificate; mit project management course; mit project management simulation; mit research science institute rsi; mit sdm; mit sloan leadership; mit sloan online; mit sloan online courses; mit sloan school of management online courses; mit sloan system dynamics; mit summer engineering program; mit summer opportunities; mit summer program; mit summer programs; mit supply chain course; mit supply chain executive education; mit supply chain micromaster; mit supply chain micromasters; mit supply chain micromasters edx; mit system architecture; mit system dynamics; mit system dynamics group; mit system thinking; mit system thinking course; mit systems; mit systems dynamics; mit think; mit think scholars program; mit university courses; mit website; mit website login; mit xpro courses; mit xpro professional certificate in coding; mit xpro project management; mit xpro system thinking; mit xpro systems thinking course; mites minority introduction to engineering and science; mites summer program; mitopencourseware; mitopencourseware com; mitx edx; mitx micromasters credential in supply chain management; mitx micromasters in supply chain management; mitx micromasters supply chain; mitx micromasters supply chain management; mitx on edx; mitx online courses; mitx systems thinking; mobile system design book; modeling complex systems; monitoring and evaluation course; mooc gestion de projet; moocs courses; moodle learn; moodle learning management system lms; moodle training courses; moringa school; most popular leadership courses; mostec summer program; my business e learning platform; mygreatlearning; nanodegree; nanodegree program; network models; nita courses; northlink college; nptel; nptel courses; nptel online courses; ocw; ocw courses; ocw mit edu courses; ocw mit edu courses 6 s087 foundation; ocw mit edu index htm; ocw mit linear algebra; odin project; odin project certificate; office management course; omidyar systems thinking course; online ai courses with certificate; online business management courses; online business management courses south africa; online business strategy course; online certificate; online certificate courses; online class with certificate; online classes for it jobs; online classes it course; online coding classes; online coding classes with certificate; online college it courses; online computer class; online computer classes; online computer courses; online computer courses certificate; online computer courses with certificates; online computer science courses; online computer studies; online computer training; online computer training school; online course agile project management; online course for business management; online course in it; online course in project planning and management; online course management system; online course systems thinking; online course with certificate; online courses for it; online courses for plc programming; online courses for project management; online courses in kenya with certificates; online courses in mit; online courses on project management; online courses with certificate; online courses with certificates in kenya; online design thinking courses; online diploma courses in kenya; online erp course; online it courses in pakistan; online it courses with certificate; online it learning; online leadership certificate; online leadership course; online leadership program; online learnership lms; online learnerships for 2025 with stipend; online learning software; online logistics course; online management certificate programs; online management course; online management courses; online management information system; online masters in educational leadership; online masters in leadership; online mechanical engineering courses; online product management course; online project management certification; online project management course; online project management courses with certificates; online retail management courses; online short courses with certificate; online software training courses; online stanford courses; online system thinking course; online team building course; online team building program; online tech courses with certificates; online tech skills; online training courses with certificates; online training project management; online workshop with certificate; open course ware; open learning library mit; open learning mit; open moocs; open university systems thinking; open university systems thinking course; open university systems thinking free course; opencourseware; opencourseware mit; opencourseware ocw; operation management certificate; operations management certificate; organizational design course; organizational leadership; organizational leadership degree; organizational strategies; organizational strategy; organizational strategy certificate; organizational strategy examples; organizational strategy for engineers; organizational strategy for researchers; organizational strategy for scientists; organizational strategy for technical professionals; organizational strategy skills; organizational strategy structure and process; organizational strategy training; organizational strategy training for technical professionals; oxford strategic leadership programme; paksoft skill certificate; pega system architect; phd systems thinking; platform engineering course; pm4ngos exam; pmi certification; pmm course; pmo training; pmp; pmp certification; pmp certification cost; pmp certification in ethiopia; pmp certification requirements; pmp certifications; pmp exam fee in pakistan; pmp islamabad; pmp online course; pmp or prince2; pmp registration online; pmp training; powerpoint; ppt; primavera p6 course; prince 2 certificate; prince2 foundation certification; principles of system thinking; principles of systems; problem solving; problem solving and critical thinking; problem solving course; problem solving courses; problem solving in programming; problem solving practice; problem solving presentations; problem solving skills; problem solving techniques; process modeling in system analysis and design; product development courses; product management bootcamps; product management certificate; product management course; product management courses; product management online course; product management program; product management qualification; product management simulation; product management training; product management training course; product manager certificate; product school teachable; professional lms; professionalonline2 mit edu; profile; program; program coordinator courses; program management; program management certification; programing course; programs; progressive training development and projects; project config; project finance certification; project leadership course; project management; project management and business analysis courses; project management cert; project management certificate; project management certification; project management certification courses free; project management certification online mit; project management certification pmp; project management course drive google com; project management course in ethiopia; project management courses; project management courses by google; project management courses for freshers; project management courses in nigeria; project management courses online; project management courses with certificates; project management free course by google; project management free course with certificate; project management free online courses with certificates; project management leading organizations to success; project management learnership; project management learnership nqf level 5; project management maturity model; project management methodologies; project management online certificate; project management online course; project management online courses; project management online courses free; project management professional certification; project management professional online course; project management professional pmp; project management professional pmp certification free; project management short course; project management short courses; project management simulation; project management skills certification; project management study; project management techniques; project management training course; project manager certificate; project manager certification; project manager course; project plan; project planning courses; project procurement management; project success program; rapid design; rapid design online course; rapid prototyping; rapid prototyping online course; rapid prototyping services; retail management course; retail management short courses; revit course; revops certification; road transport management course; rotational product manager programs; sap s 4hana training; saylor org certificate; scaler academy; scrum; scrum master certification; scrum master certification exam; scrum master certification free; scrum master course; scrum master online course; scrum org certification; self paced courses; send online lms; senge systems thinking course; seta learning practitioner engineering programme; short courses business management; short it courses online; short management courses; short project management courses; simpl learn; simple learn skill up; simple learning skillup; simplify complex problems; simplify complex processes; simplilearn; simplilearn certificate; simplilearn com; simplilearn skill up; simplilearn skillup; simplilearn skillup certificate; simply learn; sites to learn it; skill certificate online; skill sprint e learning platform; skills; skills build; skills for a project manager; skillup by simplilearn; small business management course; smartpm training; soft skill certificate; soft skill certificate pakistan; soft skill training certificate pakistan; soft skills; soft skills for engineers; soft skills for technical professionals; soft skills training; software architect course; software architecture; software architecture certificate programs; software architecture patterns by mark richards pdf; software courses online; software development certificate; software development courses for beginners; software engineer course online; software engineering course online; software engineering short course; software online courses; software short courses; sololearn; solve complex problems; stanford leadership courses; stanford online courses; stanford online management courses; stanford problem solving; stanford product management course; stanford university online courses; start learning with edx; stella system dynamics; stem courses; store keeper course; store manager courses; stores and stock control courses; strategic innovation management; strategic learnership; strategic management skills; strategic management skills for technical professionals; strategic management training; strategic management training for technical professionals; strategic planning for engineers; strategic planning for technical professionals; strategic planning skills; strategic planning training; strategic skills training; strategic thinking; strategic thinking in complex problem solving; strategic thinking workshop; strategy and innovation; structured problem solving; study of systems; supervisor certificate course; supply chain fundamentals mit; supply chain logistics certificate; supply chain logistics online course; supply chain management mit edx; supply chain management short courses online; sysml; sysml tools; syspro training courses; system analysis and design; system analysis and design course; system archetypes; system architecture certification; system architecture program; system design; system design and architecture; system design and management mit; system design beginner; system design books; system design bootcamp; system design certification; system design certification course; system design course; system design course mit; system design courses; system design for managers; system design interview guide for software architecture udemy; system design interview pdf; system design masterclass; system design mit; system design program; system design thinking course; system development; system dynamics and response; system dynamics applications; system dynamics certificate; system dynamics course online; system dynamics mit; system dynamics modeling; system dynamics modeling examples; system dynamics online course; system dynamics review; system dynamics society; system dynamics tools; system dynamics training; system emergence; system engineer bootcamp; system engineer courses; system engineering course; system engineering course online; system engineering online course; system modeling course; system performance; system theory course; system think; system thinking; system thinking and analysis course description; system thinking book; system thinking certificate; system thinking course; system thinking course free; system thinking course outline; system thinking course singapore; system thinking coursera; system thinking courses; system thinking definition; system thinking design; system thinking examples; system thinking in technical environments; system thinking mit; system thinking mit course; system thinking online course; system thinking simulation; system work training; systematic thinking; systems architecture course; systems course; systems design course; systems design courses; systems design engineering; systems dynamic method; systems dynamics; systems dynamics society; systems engineer courses; systems engineering course mit; systems engineering courses online; systems engineering masters; systems engineering online courses; systems engineering process steps; systems engineering training courses; systems science masters; systems theory course; systems thinking; systems thinking and system dynamics; systems thinking application; systems thinking approach; systems thinking book; systems thinking certification; systems thinking certification program; systems thinking class; systems thinking college course; systems thinking competency course; systems thinking competency course mit; systems thinking course coursera; systems thinking course design best practices for professionals; systems thinking course design for professionals examples; systems thinking course design for professionals examples vietnam; systems thinking course design for professionals vietnam; systems thinking course free; systems thinking course harvard; systems thinking course hero; systems thinking course ice breaker; systems thinking course london; systems thinking course mit; systems thinking course onlin; systems thinking course online; systems thinking course outline; systems thinking course singapore; systems thinking course starr; systems thinking course syllabus; systems thinking course uk; systems thinking coursera; systems thinking courses australia; systems thinking courses online; systems thinking courses south africa; systems thinking courses uk; systems thinking education; systems thinking for engineers; systems thinking for managers; systems thinking for project managers; systems thinking for social change; systems thinking free course; systems thinking free online course; systems thinking in business; systems thinking in healthcare; systems thinking in healthcare course; systems thinking in practice; systems thinking in practice course; systems thinking leadership; systems thinking mit xpro; systems thinking mooc; systems thinking network; systems thinking online certificate; systems thinking online course; systems thinking pdf; systems thinking phd; systems thinking playbook pdf; systems thinking practitioner; systems thinking process improvement; systems thinking professional certificate; systems thinking professional certificate mit; systems thinking program mit xpro; systems thinking research; systems thinking short course; systems thinking standards institute; systems thinking stanford; systems thinking systems practice; systems thinking training; systems thinking training course; systems thinking training courses; systems thinking workshop; team building certificate; team building for engineers; team building for technical professionals; team building skills; team building training; team leader training; tech courses online; tech lead responsibilities; tech short courses; tech skills to learn; technical architecture courses; technical innovation; technical innovation certificate; technical innovation online course; technical innovation training; technical leadership; technical leadership certificate; technical leadership course; technical leadership development; technical leadership online program; technical leadership skills; technical leadership skills list; technical problem solving; technical product management; technical product manager training; technical program management; technical program management courses; technical project management; technical project management courses; technical project manager training; technology leadership program; technology workshops near me; the iceberg model of systems thinking; the mind luster; the odin project; the systems thinker; the v model systems engineering; think in systems; thinking in systems; thinking in systems a primer; thinking in systems course; thinking in systems donella meadows; thinking in systems pdf; thinking in systems summary; thinking skills; thinking skills questions; togaf course; top leadership development programs; top leadership training courses; top lms platforms 2024; top management training courses; training; training for critical thinking; training leadership program; training mbusoms co za; training program management; training think tank energy systems course; tvet colleges offering project management; types of leadership training; types of organizational strategy; udacity courses with certificate; udemy; udemy coursera; udemy courses; udemy edx; udemy online courses; university of kwazulu natal; university of technology pretoria; vanguard systems thinking course; waters center for systems thinking; web designing free course with certificate; website system design; what course transfer to wgu systems thinking; what course transfer to wgu systems thinking reddit; what courses count as systems thinking or systems engineering; what is agile methodology; what is agile project management; what is organizational strategy; what is radical innovation; what is system engineering; what is systems thinking; what is the concept of emergence; whats systems thinking; workshop; wpi system dynamics; www coursera org; www learnwithdexa com; www mindluster com; www ocw mit edu courses; www pmi org; www sdp edu za; www the programmers university com; xpro mit,360 learning; 3d prototyping; 4 week certificate programs online; absorb lms; academy asana com; academy asana com workflow specialist; academy for systems change; aconex course online; acumen systems thinking course; advanced modeling; agicorp academy; agile courses; agile methodologies; agile project; agile project management; agile project management course; ai in systems engineering; ai project management course; ai project management courses; ai software engineer course; ai system design; ai systems performance engineering; alison course certificate; alison courses; altium pcb design course; alx academy courses; alx courses; alxafrica courses; an introduction to general systems thinking; analytical thinking and innovation skills; analytical thinking problem solving; applied systems thinking courses; apply mit edu; architect complex processes; ardiland institute of technology; asana; automation course; automation masters online; barry richmond systems thinking; basecamp; become a product manager by cole mercer; becoming an entrepreneur mit; best business certification programs; best certifications for it directors; best course in business analytics; best course on critical thinking; best course on system design; best courses for project management; best critical thinking courses; best free online project management courses with certificates; best leadership development program; best leadership training programs; best online certificate programs for project management; best online coding courses with certificates; best product management certification; best project management certification; best project management courses; best software architect certification; best system design book; best system design course; best systems thinking courses; best tech online courses; books; books for system design; books on systems thinking; brand management courses; business administration certifications; business administration level 2 course; business administration nqf 3; business analyst course; business classes online with certificates; business courses online with certificates; business dynamics; business leadership course; business leadership skills; business leadership training; business management course; business management courses; business management courses cape town; business management in service training; business management online short courses; business management short courses; business management training; business school e learning learnership smart lms; business strategy skills; business strategy training; business systems analyst courses; business systems course; business systems courses; business systems design; call center management course; can i get shrm credit for systems thinking course; can i learn it online; capm certification; career essentials certificate by microsoft and linkedin; carnegie mellon software architecture certification; certificate; certificate course on business management; certificate courses; certificate courses online; certificate for project; certificate in project management; certificate in systems engineering; certificate in systems thinking; certificate programs online; certificates for engineering students; certification; certification in agentic systems and design; certification mit; certification program in agentic systems and design; certified associate in project management capm; chicago booth leadership program; cisco courses online; class; class central; class central certificate; class central certificates; cleveland state university systems thinking course; clickup; cm certified manager; cm punjab it certification program 2025; cmu software architecture; codedamn courses; coding certificate course; coding classes online; coding course; coding courses; coding courses online; coding online courses; coding short courses online; company secretary course; complex adaptive systems training; complex problem solving; complex problem solving course; complex systems course online; complex systems mit; comptia a; computer course; computer course certificate free download; computer courses; computer courses online; computer hardware engineer courses; computer online classes; computer online courses; computer science certificate programs; computer software course; computer systems engineering vs computer science; computer technology course; construction courses unisa; construction foreman courses; construction management certificate; construction management course; construction management courses; construction management diploma online; construction manager certification; construction short courses online; continuous improvement certification online; control engineering online course; cornell systems thinking; corporate leadership training; corporate strategy for engineers; corporate strategy for technical professionals; corporate strategy skills; corporate strategy training; cost engineer certification; cost management courses; cours de gestion de projet en ligne gratuit; course; course on systems thinking; course system thinking quiz 1; course systems thinking; coursera and edx; coursera certificate; coursera edx; coursera project management; coursera system design; coursera systems engineering; courses of marketing management; courses on program management; courses on project management; courses on systems thinking; courses with certificates; create design system; create project plan; critical thinking and problem solving; critical thinking and problem solving course; critical thinking bot; critical thinking certification; critical thinking class; critical thinking com; critical thinking course; critical thinking course free; critical thinking mit; critical thinking online course; critical thinking practice; critical thinking short course; critical thinking skills; cs50; cs50 by harvard; cs50 edx; curso de dinamica de sistemas; curso scrum; dale carnegie leadership training; decision making courses online; degree; demand planning certification; demonstrating problem solving skills; design thinking certification; design thinking certification stanford; design thinking course; design thinking ibm; design thinking systems course nyc; designing data intensive applications; designing distributed systems; devops course; digiskill; digiskills; digiskills courses; digiskills registration; digital leadership program; digital management course online; digital project manager certification; digitaldefynd; digitalskill lms; dit course; does economics count as a systems thinking course; donella h meadows thinking in systems; drop servicing course; dynamic models; dynamic work design; e learning lms; e learning lms learnership; e learning lms learnership 2024; e learning lms learnership 2025; e learning lms learnership 2025 online application; e learning lms learnership application; e learning lms register; e learning lms registration; e lms; ecornell engineering leadership; edureka lms; edx; edx certificate; edx course; edx coursera; edx courses; edx cs50 introduction to computer science; edx cs50x; edx edu; edx get smarter; edx harvard courses; edx harvard mit; edx learning platform; edx mit; edx mit certificate; edx mit supply chain fundamentals; edx mitx; edx mooc org; edx online courses; edx org; edx supply chain; edx supply chain fundamentals; edx systems engineering; edx systems thinking; edx website; effective leadership; effective leadership program; effective leadership skills; effective team leadership for engineers; elearning lms; elearning lms learnership; elearning lms learnership 2025; elearning lms learnership 2025 online application; elearning lms learnership application; elearning lms learnerships; elearning lms registration; elearning platform courses; embedded programming course; embedded systems engineer certification; emotional intelligence training for engineers; empowering rural women through it training; engineering bursaries; engineering courses; engineering courses online; engineering leader; engineering leadership; engineering leadership certificate; engineering leadership course online; engineering leadership development; engineering leadership development program; engineering leadership program; engineering leadership skills; engineering leadership workshop; engineering management mit; engineering manager course; engineering manager skills; engineering manager training; engineering problem solving; engineering short courses; engineering systems thinking; enterprise application architecture; enterprise architecture certification; erp system certification; erp system learning; essential skills certificate for engineers; essential skills certificate for technical professionals; essential skills for engineers; essential skills for technical professionals; essential skills online course; essential skills training; ethio coders et certification; ethio coders et certification online; ethiocoders et courses; executive coaching certification; executive coaching course for engineers; executive coaching training; executive leadership development; executive leadership skills; executive leadership training; executive leadership training for engineers; executive leadership training for technical professionals; exercising leadership foundational principles harvard; fire; formation en gestion de projet; foundation of system thinking; foundations of project management by google; frank miano msb tutorial; free; free online business management courses with certificate of completion; free online certificate courses in business administration; free online course on project management; free online courses on systems thinking; free online management courses with certificates; free online project management course with certificate; free online project management courses; free online project management courses with certificates; free project management courses; free project management courses with certificates; free software engineering courses with certificate; free systems thinking course; free ux design course with certificate; freecodecamp courses; freecodecamp courses with certificate; freecodecamp full stack certification; front line leadership training; fully funded masters in project management; fundamental leadership and engineering competencies; futures thinking certification; futureskill elearning platform; geeksforgeeks courses; global it certifications; google career certificate program; google certificate courses; google certificate project management; google certification courses; google cybersecurity professional certificate; google cybersecurity professional certificate via coursera; google it support professional certificate; google it support professional certificate coursera; google management certificate; google management project certificate; google product management course; google project management certificate; google project management certificate coursera; google project management certification; google project management certification free; google project management course; google project management coursera; google project management professional certificate; google project management professional certificate reddit; graphic design systems thinking course; great learning academy; grokking system design; grow google certificate; grow google certificates cybersecurity; grow with google; grow with google courses; handbook of model based systems engineering; hansen leadership program; harvard edx; harvard leadership training; harvard mit online courses; harvard online courses; harvardx; high certificate in business management; how can i become a web designer; how can i get pmp certification; how to apply for massachusetts institute of technology; how to apply pmo; how to be a software developer; how to be an effective engineering manager; how to be good at problem solving; how to become a better strategist; how to become a it specialist; how to become a strategic thinker; how to become a systems engineer without a degree; how to become a tech expert; how to become a tech lead; how to create a system; how to create system; how to design a scalable system; how to develop my critical thinking skills; how to develop problem solving skills; how to develop problem solving skills in the workplace; how to do csm certification; how to do framework; how to gain problem solving skills; how to get into product management; how to improve critical thinking; how to improve logical thinking skills; how to improve problem solving skills; how to improve your logic building skills in programming; how to increase critical thinking; how to learn it at home; how to learn problem solving skills; how to learn system design; how to learn systems thinking; how to learn tech skills; how to learn to think strategically; how to solve algorithm problems; how to study for engineering classes; how to study it online; how to think in systems; how to think logically; how to train problem solving skills; howard cs50; hp certification courses; hris systems training; https learning upskillist com vodacom2; https ocw mit edu; https skills nutech edu pk; https www coursera org learn foundations of project management; https www edx org; https www edx org school harvardx; https www edx org school mitx; https www harvard edu online courses; https www tcsion com courses career edge; https www theforage com simulations cbre project management x2vz; hubspot academy revenue operations certification; hubspot crm courses; human centered systems thinking; i want to learn it; i want to learn programming; ibf funded courses systems thinking cpd hours; ibm business analyst professional certificate; ibm courses; ibm online courses; ibm skill build; ibm skillsbuild certificate; iceberg model of systems thinking; iceberg model systems thinking; ict online courses; ieee certificate; iit online courses; importance of organizational strategy; improve critical thinking; improve problem solving skills; industrial engineering online; information architecture certification; information architecture courses; information architecture degree; information technology online courses; information technology short courses online; infosys springboard courses; infrastructure architect course; innovation certificate online; innovation course; innovation management course; innovation strategy; innovation training courses; institute of project management certification; intellipaat; international business management institute ibmi; intro to deep learning mit; intro to project management google; introduction to project management alison; introduction to systems engineering; introduction to systems thinking; introduction to systems thinking course; isaca certified in risk and information systems control crisc; isee systems thinking course; it academy courses; it classes; it course; it courses; it courses in karachi; it courses online; it courses online south africa; it leadership development program; it leadership training; it online courses; it online courses in south africa; it project management methodologies; it short courses; it short courses online; it specialist school; it specialist training; it studies online; it training courses; key elements of organizational strategy; knowledge hub; knowledge learning platform; large scale project management; leadership and management; leadership and management courses; leadership and management courses harvard; leadership and management in engineering; leadership and management skills; leadership certificate; leadership classes; leadership course cornell; leadership course online; leadership courses; leadership courses harvard; leadership courses near me; leadership courses online; leadership development; leadership development courses; leadership development program; leadership development program jobs; leadership development training; leadership for engineering professionals; leadership for technical professionals; leadership for technical profssionals; leadership for technology professionals; leadership in engineering management; leadership management; leadership professional development; leadership seminars; leadership skills; leadership skills for engineers; leadership skills for technical professionals; leadership skills training; leadership training; leadership training certification; leadership training class; leadership training course; leadership training programs; leadership training topics; leading complex projects; leading effective teams; leading organizational change; lean methodologies; learn about systems; learn enterprise architecture; learn mit edu; learn problem solving; learn problem solving programming; learn product management; learn project management; learn rapid prototyping; learn skills; learn software architecture; learn software engineering; learn system architecture; learn system design; learn systems thinking; learn technical innovation; learn the latest tech skills; learner management systems; learning it online; learning management system; learning management system digiskills; learning project management; learning software engineering for beginners; learning system design; learning tcsionhub; learning to solve problems; learnvern; learnvern courses; linkedin learning systems thinking course; lms; lms digital skills; lms digital skills pk; lms le; lms learnership; lms learnership 2025; lms learnership application; lms learning management system; lms learning program; lms training application; lms training learning program 2026; lms training learning programme 2026; lms training program; logic courses; logical reasoning critical thinking mcqs; logical thinking training; logistics and supply chain management courses; logistics certificate; logistics certification; logistics course; logistics management; logistics management training; logistics online course; logistics simulation; logistics training; logistics training course; machine learning course for product managers; management; management skills; management skills online; management skills training; management training; management training for engineers; management training for technical professionals; management training topics; managerial leadership training; managing engineers; marketing management course; massachusetts institute of technology apply; master data structures and algorithms; masters; masters in construction management; masters in systems thinking; mbse mit; mckinsey project management; meta ios developer professional certificate; micro master supply chain management; micromaster mit supply chain; micromasters; micromasters in supply chain management mit; micromasters supply chain mit edx; microsoft certificate courses; microsoft certification courses; microsoft certified systems engineer; microsoft courses; microsoft courses with certificate; microsoft edx; microsoft fabric certification; mind laster com; mind luster; mind luster certificate; mind luster certificate value; mind luster co; mind luster com; mind luster come; mind luster con; mind luster course; mind luster courses; mindluster; mindluster com; mindluster come; mindluster courses; mindset training; mindtap; mindworx academy; mit application; mit beaver works; mit beaver works summer institute; mit business analytics program; mit bwsi beaver works summer institute; mit certificate courses; mit coding certificate; mit coding course; mit courses; mit cs courses; mit cto program; mit deep learning course; mit edx; mit edx courses; mit engineering certificate programs; mit full stack developer course; mit fundamentals of finance; mit idss; mit intro to deep learning; mit introduction to computational thinking and data science; mit introduction to technology engineering and science; mit launch; mit launchx summer program; mit leadership program; mit micromasters supply chain; mit mites; mit mites summer program; mit ocw system dynamics self study; mit ocw website; mit online courses with certificate; mit online degree; mit open course; mit open software; mit open ware course; mit opencourseware; mit opencourseware ai; mit opencourseware certificate; mit opencourseware com; mit opencourseware computer science; mit opencourseware lectures; mit opencourseware neuroscience; mit opencourseware ocw website; mit opencourseware physics; mit opencourseware system dynamics; mit opencourseware systems engineering; mit opencourseware systems thinking; mit opencourseware website; mit power electronics; mit pro; mit project management; mit project management certificate; mit project management course; mit project management simulation; mit research science institute rsi; mit sdm; mit sloan leadership; mit sloan online; mit sloan online courses; mit sloan school of management online courses; mit sloan system dynamics; mit summer engineering program; mit summer opportunities; mit summer program; mit summer programs; mit supply chain course; mit supply chain executive education; mit supply chain micromaster; mit supply chain micromasters; mit supply chain micromasters edx; mit system architecture; mit system dynamics; mit system dynamics group; mit system thinking; mit system thinking course; mit systems; mit systems dynamics; mit think; mit think scholars program; mit university courses; mit website; mit website login; mit xpro courses; mit xpro professional certificate in coding; mit xpro project management; mit xpro system thinking; mit xpro systems thinking course; mites minority introduction to engineering and science; mites summer program; mitopencourseware; mitopencourseware com; mitx edx; mitx micromasters credential in supply chain management; mitx micromasters in supply chain management; mitx micromasters supply chain; mitx micromasters supply chain management; mitx on edx; mitx online courses; mitx systems thinking; mobile system design book; modeling complex systems; monitoring and evaluation course; mooc gestion de projet; moocs courses; moodle learn; moodle learning management system lms; moodle training courses; moringa school; most popular leadership courses; mostec summer program; my business e learning platform; mygreatlearning; nanodegree; nanodegree program; network models; nita courses; northlink college; nptel; nptel courses; nptel online courses; ocw; ocw courses; ocw mit edu courses; ocw mit edu courses 6 s087 foundation; ocw mit edu index htm; ocw mit linear algebra; odin project; odin project certificate; office management course; omidyar systems thinking course; online ai courses with certificate; online business management courses; online business management courses south africa; online business strategy course; online certificate; online certificate courses; online class with certificate; online classes for it jobs; online classes it course; online coding classes; online coding classes with certificate; online college it courses; online computer class; online computer classes; online computer courses; online computer courses certificate; online computer courses with certificates; online computer science courses; online computer studies; online computer training; online computer training school; online course agile project management; online course for business management; online course in it; online course in project planning and management; online course management system; online course systems thinking; online course with certificate; online courses for it; online courses for plc programming; online courses for project management; online courses in kenya with certificates; online courses in mit; online courses on project management; online courses with certificate; online courses with certificates in kenya; online design thinking courses; online diploma courses in kenya; online erp course; online it courses in pakistan; online it courses with certificate; online it learning; online leadership certificate; online leadership course; online leadership program; online learnership lms; online learnerships for 2025 with stipend; online learning software; online logistics course; online management certificate programs; online management course; online management courses; online management information system; online masters in educational leadership; online masters in leadership; online mechanical engineering courses; online product management course; online project management certification; online project management course; online project management courses with certificates; online retail management courses; online short courses with certificate; online software training courses; online stanford courses; online system thinking course; online team building course; online team building program; online tech courses with certificates; online tech skills; online training courses with certificates; online training project management; online workshop with certificate; open course ware; open learning library mit; open learning mit; open moocs; open university systems thinking; open university systems thinking course; open university systems thinking free course; opencourseware; opencourseware mit; opencourseware ocw; operation management certificate; operations management certificate; organizational design course; organizational leadership; organizational leadership degree; organizational strategies; organizational strategy; organizational strategy certificate; organizational strategy examples; organizational strategy for engineers; organizational strategy for researchers; organizational strategy for scientists; organizational strategy for technical professionals; organizational strategy skills; organizational strategy structure and process; organizational strategy training; organizational strategy training for technical professionals; oxford strategic leadership programme; paksoft skill certificate; pega system architect; phd systems thinking; platform engineering course; pm4ngos exam; pmi certification; pmm course; pmo training; pmp; pmp certification; pmp certification cost; pmp certification in ethiopia; pmp certification requirements; pmp certifications; pmp exam fee in pakistan; pmp islamabad; pmp online course; pmp or prince2; pmp registration online; pmp training; powerpoint; ppt; primavera p6 course; prince 2 certificate; prince2 foundation certification; principles of system thinking; principles of systems; problem solving; problem solving and critical thinking; problem solving course; problem solving courses; problem solving in programming; problem solving practice; problem solving presentations; problem solving skills; problem solving techniques; process modeling in system analysis and design; product development courses; product management bootcamps; product management certificate; product management course; product management courses; product management online course; product management program; product management qualification; product management simulation; product management training; product management training course; product manager certificate; product school teachable; professional lms; professionalonline2 mit edu; profile; program; program coordinator courses; program management; program management certification; programing course; programs; progressive training development and projects; project config; project finance certification; project leadership course; project management; project management and business analysis courses; project management cert; project management certificate; project management certification; project management certification courses free; project management certification online mit; project management certification pmp; project management course drive google com; project management course in ethiopia; project management courses; project management courses by google; project management courses for freshers; project management courses in nigeria; project management courses online; project management courses with certificates; project management free course by google; project management free course with certificate; project management free online courses with certificates; project management leading organizations to success; project management learnership; project management learnership nqf level 5; project management maturity model; project management methodologies; project management online certificate; project management online course; project management online courses; project management online courses free; project management professional certification; project management professional online course; project management professional pmp; project management professional pmp certification free; project management short course; project management short courses; project management simulation; project management skills certification; project management study; project management techniques; project management training course; project manager certificate; project manager certification; project manager course; project plan; project planning courses; project procurement management; project success program; rapid design; rapid design online course; rapid prototyping; rapid prototyping online course; rapid prototyping services; retail management course; retail management short courses; revit course; revops certification; road transport management course; rotational product manager programs; sap s 4hana training; saylor org certificate; scaler academy; scrum; scrum master certification; scrum master certification exam; scrum master certification free; scrum master course; scrum master online course; scrum org certification; self paced courses; send online lms; senge systems thinking course; seta learning practitioner engineering programme; short courses business management; short it courses online; short management courses; short project management courses; simpl learn; simple learn skill up; simple learning skillup; simplify complex problems; simplify complex processes; simplilearn; simplilearn certificate; simplilearn com; simplilearn skill up; simplilearn skillup; simplilearn skillup certificate; simply learn; sites to learn it; skill certificate online; skill sprint e learning platform; skills; skills build; skills for a project manager; skillup by simplilearn; small business management course; smartpm training; soft skill certificate; soft skill certificate pakistan; soft skill training certificate pakistan; soft skills; soft skills for engineers; soft skills for technical professionals; soft skills training; software architect course; software architecture; software architecture certificate programs; software architecture patterns by mark richards pdf; software courses online; software development certificate; software development courses for beginners; software engineer course online; software engineering course online; software engineering short course; software online courses; software short courses; sololearn; solve complex problems; stanford leadership courses; stanford online courses; stanford online management courses; stanford problem solving; stanford product management course; stanford university online courses; start learning with edx; stella system dynamics; stem courses; store keeper course; store manager courses; stores and stock control courses; strategic innovation management; strategic learnership; strategic management skills; strategic management skills for technical professionals; strategic management training; strategic management training for technical professionals; strategic planning for engineers; strategic planning for technical professionals; strategic planning skills; strategic planning training; strategic skills training; strategic thinking; strategic thinking in complex problem solving; strategic thinking workshop; strategy and innovation; structured problem solving; study of systems; supervisor certificate course; supply chain fundamentals mit; supply chain logistics certificate; supply chain logistics online course; supply chain management mit edx; supply chain management short courses online; sysml; sysml tools; syspro training courses; system analysis and design; system analysis and design course; system archetypes; system architecture certification; system architecture program; system design; system design and architecture; system design and management mit; system design beginner; system design books; system design bootcamp; system design certification; system design certification course; system design course; system design course mit; system design courses; system design for managers; system design interview guide for software architecture udemy; system design interview pdf; system design masterclass; system design mit; system design program; system design thinking course; system development; system dynamics and response; system dynamics applications; system dynamics certificate; system dynamics course online; system dynamics mit; system dynamics modeling; system dynamics modeling examples; system dynamics online course; system dynamics review; system dynamics society; system dynamics tools; system dynamics training; system emergence; system engineer bootcamp; system engineer courses; system engineering course; system engineering course online; system engineering online course; system modeling course; system performance; system theory course; system think; system thinking; system thinking and analysis course description; system thinking book; system thinking certificate; system thinking course; system thinking course free; system thinking course outline; system thinking course singapore; system thinking coursera; system thinking courses; system thinking definition; system thinking design; system thinking examples; system thinking in technical environments; system thinking mit; system thinking mit course; system thinking online course; system thinking simulation; system work training; systematic thinking; systems architecture course; systems course; systems design course; systems design courses; systems design engineering; systems dynamic method; systems dynamics; systems dynamics society; systems engineer courses; systems engineering course mit; systems engineering courses online; systems engineering masters; systems engineering online courses; systems engineering process steps; systems engineering training courses; systems science masters; systems theory course; systems thinking; systems thinking and system dynamics; systems thinking application; systems thinking approach; systems thinking book; systems thinking certification; systems thinking certification program; systems thinking class; systems thinking college course; systems thinking competency course; systems thinking competency course mit; systems thinking course coursera; systems thinking course design best practices for professionals; systems thinking course design for professionals examples; systems thinking course design for professionals examples vietnam; systems thinking course design for professionals vietnam; systems thinking course free; systems thinking course harvard; systems thinking course hero; systems thinking course ice breaker; systems thinking course london; systems thinking course mit; systems thinking course onlin; systems thinking course online; systems thinking course outline; systems thinking course singapore; systems thinking course starr; systems thinking course syllabus; systems thinking course uk; systems thinking coursera; systems thinking courses australia; systems thinking courses online; systems thinking courses south africa; systems thinking courses uk; systems thinking education; systems thinking for engineers; systems thinking for managers; systems thinking for project managers; systems thinking for social change; systems thinking free course; systems thinking free online course; systems thinking in business; systems thinking in healthcare; systems thinking in healthcare course; systems thinking in practice; systems thinking in practice course; systems thinking leadership; systems thinking mit xpro; systems thinking mooc; systems thinking network; systems thinking online certificate; systems thinking online course; systems thinking pdf; systems thinking phd; systems thinking playbook pdf; systems thinking practitioner; systems thinking process improvement; systems thinking professional certificate; systems thinking professional certificate mit; systems thinking program mit xpro; systems thinking research; systems thinking short course; systems thinking standards institute; systems thinking stanford; systems thinking systems practice; systems thinking training; systems thinking training course; systems thinking training courses; systems thinking workshop; team building certificate; team building for engineers; team building for technical professionals; team building skills; team building training; team leader training; tech courses online; tech lead responsibilities; tech short courses; tech skills to learn; technical architecture courses; technical innovation; technical innovation certificate; technical innovation online course; technical innovation training; technical leadership; technical leadership certificate; technical leadership course; technical leadership development; technical leadership online program; technical leadership skills; technical leadership skills list; technical problem solving; technical product management; technical product manager training; technical program management; technical program management courses; technical project management; technical project management courses; technical project manager training; technology leadership program; technology workshops near me; the iceberg model of systems thinking; the mind luster; the odin project; the systems thinker; the v model systems engineering; think in systems; thinking in systems; thinking in systems a primer; thinking in systems course; thinking in systems donella meadows; thinking in systems pdf; thinking in systems summary; thinking skills; thinking skills questions; togaf course; top leadership development programs; top leadership training courses; top lms platforms 2024; top management training courses; training; training for critical thinking; training leadership program; training mbusoms co za; training program management; training think tank energy systems course; tvet colleges offering project management; types of leadership training; types of organizational strategy; udacity courses with certificate; udemy; udemy coursera; udemy courses; udemy edx; udemy online courses; university of kwazulu natal; university of technology pretoria; vanguard systems thinking course; waters center for systems thinking; web designing free course with certificate; website system design; what course transfer to wgu systems thinking; what course transfer to wgu systems thinking reddit; what courses count as systems thinking or systems engineering; what is agile methodology; what is agile project management; what is organizational strategy; what is radical innovation; what is system engineering; what is systems thinking; what is the concept of emergence; whats systems thinking; workshop; wpi system dynamics; www coursera org; www learnwithdexa com; www mindluster com; www ocw mit edu courses; www pmi org; www sdp edu za; www the programmers university com; xpro mit,45,learn system thinking; mit systems thinking; mit systems thinking course; mit xpro systems thinking; system architecture course; system engineering; system models; systems thinking certificate; systems thinking course; systems thinking courses; systems thinking mit; what is system thinking
ks_0025,,learn system thinking; mit systems thinking; product management certification; project management course; project management training; system architecture course; system dynamics; system engineering; system models; system thinking certification; systems thinking certificate; systems thinking courses; systems thinking mit; what is system thinking,learn system thinking; mit system dynamics course; mit systems thinking; mit systems thinking course; mit xpro systems thinking; system architecture course; system dynamics; system dynamics course; system engineering; system thinking training; systems thinking certificate; systems thinking course,learn system thinking; mit system dynamics course; mit systems thinking; mit systems thinking course; mit xpro systems thinking; product management certification; project management course; project management training; system architecture course; system dynamics; system dynamics course; system engineering; system models; system thinking certification; system thinking training; systems thinking certificate; systems thinking course; systems thinking courses; systems thinking mit; what is system thinking,,,360 learning; 3d prototyping; 4 week certificate programs online; absorb lms; academy asana com; academy asana com workflow specialist; academy for systems change; aconex course online; acumen systems thinking course; advanced modeling; agicorp academy; agile courses; agile methodologies; agile project; agile project management; agile project management course; ai certification courses; ai in systems engineering; ai project management course; ai project management courses; ai software engineer course; ai system design; ai systems performance engineering; alison course certificate; alison courses; altium pcb design course; alx academy courses; alx courses; alxafrica courses; an introduction to general systems thinking; analytical thinking and innovation skills; analytical thinking problem solving; applied systems thinking courses; apply mit edu; architect complex processes; ardiland institute of technology; asana; automation course; automation masters online; barry richmond systems thinking; basecamp; become a product manager by cole mercer; becoming an entrepreneur mit; best business certification programs; best certifications for it directors; best course in business analytics; best course on critical thinking; best course on system design; best courses for project management; best critical thinking courses; best free online project management courses with certificates; best leadership development program; best leadership training programs; best online certificate programs for project management; best online coding courses with certificates; best product management certification; best project management certification; best project management courses; best software architect certification; best system design book; best system design course; best systems thinking courses; best tech online courses; books; books for system design; books on systems thinking; brand management courses; business administration certifications; business administration level 2 course; business administration nqf 3; business analyst course; business classes online with certificates; business courses online with certificates; business dynamics; business leadership course; business leadership skills; business leadership training; business management course; business management courses; business management courses cape town; business management in service training; business management online short courses; business management short courses; business management training; business school e learning learnership smart lms; business strategy skills; business strategy training; business systems analyst courses; business systems course; business systems courses; business systems design; call center management course; can i get shrm credit for systems thinking course; can i learn it online; capm certification; career essentials certificate by microsoft and linkedin; carnegie mellon software architecture certification; certificate; certificate course on business management; certificate courses; certificate courses online; certificate for project; certificate in project management; certificate in systems engineering; certificate in systems thinking; certificate programs online; certificates for engineering students; certification; certification in agentic systems and design; certification mit; certification program in agentic systems and design; certified associate in project management capm; chicago booth leadership program; cisco courses online; class; class central; class central certificate; class central certificates; cleveland state university systems thinking course; clickup; cm certified manager; cm punjab it certification program 2025; cmu software architecture; codedamn courses; coding certificate course; coding classes online; coding course; coding courses; coding courses online; coding online courses; coding short courses online; company secretary course; complex adaptive systems training; complex problem solving; complex problem solving course; complex systems course online; complex systems mit; comptia a; computer course; computer course certificate free download; computer courses; computer courses online; computer hardware engineer courses; computer online classes; computer online courses; computer science certificate programs; computer software course; computer systems engineering vs computer science; computer technology course; construction courses unisa; construction foreman courses; construction management certificate; construction management course; construction management courses; construction management diploma online; construction manager certification; construction short courses online; continuous improvement certification online; control engineering online course; cornell systems thinking; corporate leadership training; corporate strategy for engineers; corporate strategy for technical professionals; corporate strategy skills; corporate strategy training; cost engineer certification; cost management courses; cours de gestion de projet en ligne gratuit; course; course on systems thinking; course system thinking quiz 1; course systems thinking; coursera and edx; coursera certificate; coursera edx; coursera project management; coursera system design; coursera systems engineering; courses of marketing management; courses on program management; courses on project management; courses on systems thinking; courses with certificates; create design system; create project plan; critical thinking and problem solving; critical thinking and problem solving course; critical thinking bot; critical thinking certification; critical thinking class; critical thinking com; critical thinking course; critical thinking course free; critical thinking mit; critical thinking online course; critical thinking practice; critical thinking short course; critical thinking skills; cs50; cs50 by harvard; cs50 edx; curso de dinamica de sistemas; curso scrum; dale carnegie leadership training; decision making courses online; degree; demand planning certification; demonstrating problem solving skills; design thinking certification; design thinking certification stanford; design thinking course; design thinking ibm; design thinking systems course nyc; designing data intensive applications; designing distributed systems; devops course; digiskill; digiskills; digiskills courses; digiskills registration; digital leadership program; digital management course online; digital project manager certification; digitaldefynd; digitalskill lms; dit course; does economics count as a systems thinking course; donella h meadows thinking in systems; drop servicing course; dynamic models; dynamic work design; e learning lms; e learning lms learnership; e learning lms learnership 2024; e learning lms learnership 2025; e learning lms learnership 2025 online application; e learning lms learnership application; e learning lms register; e learning lms registration; e lms; ecornell engineering leadership; edureka lms; edx; edx certificate; edx course; edx coursera; edx courses; edx cs50 introduction to computer science; edx cs50x; edx edu; edx get smarter; edx harvard courses; edx harvard mit; edx learning platform; edx mit; edx mit certificate; edx mit supply chain fundamentals; edx mitx; edx mooc org; edx online courses; edx org; edx supply chain; edx supply chain fundamentals; edx systems engineering; edx systems thinking; edx website; effective leadership; effective leadership program; effective leadership skills; effective team leadership for engineers; elearning lms; elearning lms learnership; elearning lms learnership 2025; elearning lms learnership 2025 online application; elearning lms learnership application; elearning lms learnerships; elearning lms registration; elearning platform courses; embedded programming course; embedded systems engineer certification; emotional intelligence training for engineers; empowering rural women through it training; engineering bursaries; engineering courses; engineering courses online; engineering leader; engineering leadership; engineering leadership certificate; engineering leadership course online; engineering leadership development; engineering leadership development program; engineering leadership program; engineering leadership skills; engineering leadership workshop; engineering management mit; engineering manager course; engineering manager skills; engineering manager training; engineering problem solving; engineering short courses; engineering systems thinking; enterprise application architecture; enterprise architecture certification; erp system certification; erp system learning; essential skills certificate for engineers; essential skills certificate for technical professionals; essential skills for engineers; essential skills for technical professionals; essential skills online course; essential skills training; ethio coders et certification; ethio coders et certification online; ethiocoders et courses; executive coaching certification; executive coaching course for engineers; executive coaching training; executive leadership development; executive leadership skills; executive leadership training; executive leadership training for engineers; executive leadership training for technical professionals; exercising leadership foundational principles harvard; fire; formation en gestion de projet; foundation of system thinking; foundations of project management by google; frank miano msb tutorial; free; free online business management courses with certificate of completion; free online certificate courses in business administration; free online course on project management; free online courses on systems thinking; free online management courses with certificates; free online project management course with certificate; free online project management courses; free online project management courses with certificates; free project management courses; free project management courses with certificates; free software engineering courses with certificate; free systems thinking course; free ux design course with certificate; freecodecamp courses; freecodecamp courses with certificate; freecodecamp full stack certification; front line leadership training; fully funded masters in project management; fundamental leadership and engineering competencies; futures thinking certification; futureskill elearning platform; geeksforgeeks courses; global it certifications; google career certificate program; google certificate courses; google certificate project management; google certification courses; google cybersecurity professional certificate; google cybersecurity professional certificate via coursera; google it support professional certificate; google it support professional certificate coursera; google management certificate; google management project certificate; google product management course; google project management certificate; google project management certificate coursera; google project management certification; google project management certification free; google project management course; google project management coursera; google project management professional certificate; google project management professional certificate reddit; graphic design systems thinking course; great learning academy; grokking system design; grow google certificate; grow google certificates cybersecurity; grow with google; grow with google courses; handbook of model based systems engineering; hansen leadership program; harvard edx; harvard leadership training; harvard mit online courses; harvard online courses; harvardx; high certificate in business management; how can i become a web designer; how can i get pmp certification; how to apply for massachusetts institute of technology; how to apply pmo; how to be a software developer; how to be an effective engineering manager; how to be good at problem solving; how to become a better strategist; how to become a it specialist; how to become a strategic thinker; how to become a systems engineer without a degree; how to become a tech expert; how to become a tech lead; how to create a system; how to create system; how to design a scalable system; how to develop my critical thinking skills; how to develop problem solving skills; how to develop problem solving skills in the workplace; how to do csm certification; how to do framework; how to gain problem solving skills; how to get into product management; how to improve critical thinking; how to improve logical thinking skills; how to improve problem solving skills; how to improve your logic building skills in programming; how to increase critical thinking; how to learn it at home; how to learn problem solving skills; how to learn system design; how to learn systems thinking; how to learn tech skills; how to learn to think strategically; how to solve algorithm problems; how to study for engineering classes; how to study it online; how to think in systems; how to think logically; how to train problem solving skills; howard cs50; hp certification courses; hris systems training; https learning upskillist com vodacom2; https ocw mit edu; https skills nutech edu pk; https www coursera org learn foundations of project management; https www edx org; https www edx org school harvardx; https www edx org school mitx; https www harvard edu online courses; https www tcsion com courses career edge; https www theforage com simulations cbre project management x2vz; hubspot academy revenue operations certification; hubspot crm courses; human centered systems thinking; i want to learn it; i want to learn programming; ibf funded courses systems thinking cpd hours; ibm business analyst professional certificate; ibm courses; ibm online courses; ibm skill build; ibm skillsbuild certificate; iceberg model of systems thinking; iceberg model systems thinking; ict online courses; ieee certificate; iit online courses; importance of organizational strategy; improve critical thinking; improve problem solving skills; industrial engineering online; information architecture certification; information architecture courses; information architecture degree; information technology online courses; information technology short courses online; infosys springboard courses; infrastructure architect course; innovation certificate online; innovation course; innovation management course; innovation strategy; innovation training courses; institute of project management certification; intellipaat; international business management institute ibmi; intro to deep learning mit; intro to project management google; introduction to project management alison; introduction to systems engineering; introduction to systems thinking; introduction to systems thinking course; isaca certified in risk and information systems control crisc; isee systems thinking course; it academy courses; it classes; it course; it courses; it courses in karachi; it courses online; it courses online south africa; it leadership development program; it leadership training; it online courses; it online courses in south africa; it project management methodologies; it short courses; it short courses online; it specialist school; it specialist training; it studies online; it training courses; key elements of organizational strategy; knowledge hub; knowledge learning platform; large scale project management; leadership and management; leadership and management courses; leadership and management courses harvard; leadership and management in engineering; leadership and management skills; leadership certificate; leadership classes; leadership course cornell; leadership course online; leadership courses; leadership courses harvard; leadership courses near me; leadership courses online; leadership development; leadership development courses; leadership development program; leadership development program jobs; leadership development training; leadership for engineering professionals; leadership for technical professionals; leadership for technical profssionals; leadership for technology professionals; leadership in engineering management; leadership management; leadership professional development; leadership seminars; leadership skills; leadership skills for engineers; leadership skills for technical professionals; leadership skills training; leadership training; leadership training certification; leadership training class; leadership training course; leadership training programs; leadership training topics; leading complex projects; leading effective teams; leading organizational change; lean methodologies; learn about systems; learn enterprise architecture; learn mit edu; learn problem solving; learn problem solving programming; learn product management; learn project management; learn rapid prototyping; learn skills; learn software architecture; learn software engineering; learn system architecture; learn system design; learn systems thinking; learn technical innovation; learn the latest tech skills; learner management systems; learning it online; learning management system; learning management system digiskills; learning project management; learning software engineering for beginners; learning system design; learning tcsionhub; learning to solve problems; learnvern; learnvern courses; linkedin learning systems thinking course; lms; lms digital skills; lms digital skills pk; lms le; lms learnership; lms learnership 2025; lms learnership application; lms learning management system; lms learning program; lms training application; lms training learning program 2026; lms training learning programme 2026; lms training program; logic courses; logical reasoning critical thinking mcqs; logical thinking training; logistics and supply chain management courses; logistics certificate; logistics certification; logistics course; logistics management; logistics management training; logistics online course; logistics simulation; logistics training; logistics training course; machine learning course for product managers; management; management skills; management skills online; management skills training; management training; management training for engineers; management training for technical professionals; management training topics; managerial leadership training; managing engineers; marketing management course; massachusetts institute of technology apply; master data structures and algorithms; masters; masters in construction management; masters in systems thinking; mbse mit; mckinsey project management; meta ios developer professional certificate; micro master supply chain management; micromaster mit supply chain; micromasters; micromasters in supply chain management mit; micromasters supply chain mit edx; microsoft certificate courses; microsoft certification courses; microsoft certified systems engineer; microsoft courses; microsoft courses with certificate; microsoft edx; microsoft fabric certification; mind laster com; mind luster; mind luster certificate; mind luster certificate value; mind luster co; mind luster com; mind luster come; mind luster con; mind luster course; mind luster courses; mindluster; mindluster com; mindluster come; mindluster courses; mindset training; mindtap; mindworx academy; mit application; mit beaver works; mit beaver works summer institute; mit business analytics program; mit bwsi beaver works summer institute; mit certificate courses; mit coding certificate; mit coding course; mit courses; mit cs courses; mit cto program; mit deep learning course; mit edx; mit edx courses; mit engineering certificate programs; mit full stack developer course; mit fundamentals of finance; mit idss; mit intro to deep learning; mit introduction to computational thinking and data science; mit introduction to technology engineering and science; mit launch; mit launchx summer program; mit leadership program; mit micromasters supply chain; mit mites; mit mites summer program; mit ocw system dynamics self study; mit ocw website; mit online courses with certificate; mit online degree; mit open course; mit open software; mit open ware course; mit opencourseware; mit opencourseware ai; mit opencourseware certificate; mit opencourseware com; mit opencourseware computer science; mit opencourseware lectures; mit opencourseware neuroscience; mit opencourseware ocw website; mit opencourseware physics; mit opencourseware system dynamics; mit opencourseware systems engineering; mit opencourseware systems thinking; mit opencourseware website; mit power electronics; mit pro; mit project management; mit project management certificate; mit project management course; mit project management simulation; mit research science institute rsi; mit sdm; mit sloan leadership; mit sloan online; mit sloan online courses; mit sloan school of management online courses; mit sloan system dynamics; mit summer engineering program; mit summer opportunities; mit summer program; mit summer programs; mit supply chain course; mit supply chain executive education; mit supply chain micromaster; mit supply chain micromasters; mit supply chain micromasters edx; mit system architecture; mit system dynamics; mit system dynamics group; mit system thinking; mit system thinking course; mit systems; mit systems dynamics; mit think; mit think scholars program; mit university courses; mit website; mit website login; mit xpro courses; mit xpro professional certificate in coding; mit xpro project management; mit xpro system thinking; mit xpro systems thinking course; mites minority introduction to engineering and science; mites summer program; mitopencourseware; mitopencourseware com; mitx edx; mitx micromasters credential in supply chain management; mitx micromasters in supply chain management; mitx micromasters supply chain; mitx micromasters supply chain management; mitx on edx; mitx online courses; mitx systems thinking; mobile system design book; modeling complex systems; monitoring and evaluation course; mooc gestion de projet; moocs courses; moodle learn; moodle learning management system lms; moodle training courses; moringa school; most popular leadership courses; mostec summer program; my business e learning platform; mygreatlearning; nanodegree; nanodegree program; network models; nita courses; northlink college; nptel; nptel courses; nptel online courses; ocw; ocw courses; ocw mit edu courses; ocw mit edu courses 6 s087 foundation; ocw mit edu index htm; ocw mit linear algebra; odin project; odin project certificate; office management course; omidyar systems thinking course; online ai courses with certificate; online business management courses; online business management courses south africa; online business strategy course; online certificate; online certificate courses; online class with certificate; online classes for it jobs; online classes it course; online coding classes; online coding classes with certificate; online college it courses; online computer class; online computer classes; online computer courses; online computer courses certificate; online computer courses with certificates; online computer science courses; online computer studies; online computer training; online computer training school; online course agile project management; online course for business management; online course in it; online course in project planning and management; online course management system; online course systems thinking; online course with certificate; online courses for it; online courses for plc programming; online courses for project management; online courses in kenya with certificates; online courses in mit; online courses on project management; online courses with certificate; online courses with certificates in kenya; online design thinking courses; online diploma courses in kenya; online erp course; online it courses in pakistan; online it courses with certificate; online it learning; online leadership certificate; online leadership course; online leadership program; online learnership lms; online learnerships for 2025 with stipend; online learning software; online logistics course; online management certificate programs; online management course; online management courses; online management information system; online masters in educational leadership; online masters in leadership; online mechanical engineering courses; online product management course; online project management certification; online project management course; online project management courses with certificates; online retail management courses; online short courses with certificate; online software training courses; online stanford courses; online system thinking course; online team building course; online team building program; online tech courses with certificates; online tech skills; online training courses with certificates; online training project management; online workshop with certificate; open course ware; open learning library mit; open learning mit; open moocs; open university systems thinking; open university systems thinking course; open university systems thinking free course; opencourseware; opencourseware mit; opencourseware ocw; operation management certificate; operations management certificate; organizational design course; organizational leadership; organizational leadership degree; organizational strategies; organizational strategy; organizational strategy certificate; organizational strategy examples; organizational strategy for engineers; organizational strategy for researchers; organizational strategy for scientists; organizational strategy for technical professionals; organizational strategy skills; organizational strategy structure and process; organizational strategy training; organizational strategy training for technical professionals; oxford strategic leadership programme; paksoft skill certificate; pega system architect; phd systems thinking; platform engineering course; pm4ngos exam; pmi certification; pmm course; pmo training; pmp; pmp certification; pmp certification cost; pmp certification in ethiopia; pmp certification requirements; pmp certifications; pmp exam fee in pakistan; pmp islamabad; pmp online course; pmp or prince2; pmp registration online; pmp training; powerpoint; ppt; primavera p6 course; prince 2 certificate; prince2 foundation certification; principles of system thinking; principles of systems; problem solving; problem solving and critical thinking; problem solving course; problem solving courses; problem solving in programming; problem solving practice; problem solving presentations; problem solving skills; problem solving techniques; process modeling in system analysis and design; product development courses; product management bootcamps; product management certificate; product management course; product management courses; product management online course; product management program; product management qualification; product management simulation; product management training; product management training course; product manager certificate; product school teachable; professional lms; professionalonline2 mit edu; profile; program; program coordinator courses; program management; program management certification; programing course; programs; progressive training development and projects; project config; project finance certification; project leadership course; project management; project management and business analysis courses; project management cert; project management certificate; project management certification; project management certification courses free; project management certification online mit; project management certification pmp; project management course drive google com; project management course in ethiopia; project management courses; project management courses by google; project management courses for freshers; project management courses in nigeria; project management courses online; project management courses with certificates; project management free course by google; project management free course with certificate; project management free online courses with certificates; project management leading organizations to success; project management learnership; project management learnership nqf level 5; project management maturity model; project management methodologies; project management online certificate; project management online course; project management online courses; project management online courses free; project management professional certification; project management professional online course; project management professional pmp; project management professional pmp certification free; project management short course; project management short courses; project management simulation; project management skills certification; project management study; project management techniques; project management training course; project manager certificate; project manager certification; project manager course; project plan; project planning courses; project procurement management; project success program; rapid design; rapid design online course; rapid prototyping; rapid prototyping online course; rapid prototyping services; retail management course; retail management short courses; revit course; revops certification; road transport management course; rotational product manager programs; sap s 4hana training; saylor org certificate; scaler academy; scrum; scrum master certification; scrum master certification exam; scrum master certification free; scrum master course; scrum master online course; scrum org certification; self paced courses; send online lms; senge systems thinking course; seta learning practitioner engineering programme; short courses business management; short it courses online; short management courses; short project management courses; simpl learn; simple learn skill up; simple learning skillup; simplify complex problems; simplify complex processes; simplilearn; simplilearn certificate; simplilearn com; simplilearn skill up; simplilearn skillup; simplilearn skillup certificate; simply learn; sites to learn it; skill certificate online; skill sprint e learning platform; skills; skills build; skills for a project manager; skillup by simplilearn; small business management course; smartpm training; soft skill certificate; soft skill certificate pakistan; soft skill training certificate pakistan; soft skills; soft skills for engineers; soft skills for technical professionals; soft skills training; software architect course; software architecture; software architecture certificate programs; software architecture patterns by mark richards pdf; software courses online; software development certificate; software development courses for beginners; software engineer course online; software engineering course online; software engineering short course; software online courses; software short courses; sololearn; solve complex problems; stanford leadership courses; stanford online courses; stanford online management courses; stanford problem solving; stanford product management course; stanford university online courses; start learning with edx; stella system dynamics; stem courses; store keeper course; store manager courses; stores and stock control courses; strategic innovation management; strategic learnership; strategic management skills; strategic management skills for technical professionals; strategic management training; strategic management training for technical professionals; strategic planning for engineers; strategic planning for technical professionals; strategic planning skills; strategic planning training; strategic skills training; strategic thinking; strategic thinking in complex problem solving; strategic thinking workshop; strategy and innovation; structured problem solving; study of systems; supervisor certificate course; supply chain fundamentals mit; supply chain logistics certificate; supply chain logistics online course; supply chain management mit edx; supply chain management short courses online; sysml; sysml tools; syspro training courses; system analysis and design; system analysis and design course; system archetypes; system architecture certification; system architecture program; system design; system design and architecture; system design and management mit; system design beginner; system design books; system design bootcamp; system design certification; system design certification course; system design course; system design course mit; system design courses; system design for managers; system design interview guide for software architecture udemy; system design interview pdf; system design masterclass; system design mit; system design program; system design thinking course; system development; system dynamics and response; system dynamics applications; system dynamics certificate; system dynamics course online; system dynamics mit; system dynamics modeling; system dynamics modeling examples; system dynamics online course; system dynamics review; system dynamics society; system dynamics tools; system dynamics training; system emergence; system engineer bootcamp; system engineer courses; system engineering course; system engineering course online; system engineering online course; system modeling course; system performance; system theory course; system think; system thinking; system thinking and analysis course description; system thinking book; system thinking certificate; system thinking course; system thinking course free; system thinking course outline; system thinking course singapore; system thinking coursera; system thinking courses; system thinking definition; system thinking design; system thinking examples; system thinking in technical environments; system thinking mit; system thinking mit course; system thinking online course; system thinking simulation; system work training; systematic thinking; systems architecture course; systems course; systems design course; systems design courses; systems design engineering; systems dynamic method; systems dynamics; systems dynamics society; systems engineer courses; systems engineering course mit; systems engineering courses online; systems engineering masters; systems engineering online courses; systems engineering process steps; systems engineering training courses; systems science masters; systems theory course; systems thinking; systems thinking and system dynamics; systems thinking application; systems thinking approach; systems thinking book; systems thinking certification; systems thinking certification program; systems thinking class; systems thinking college course; systems thinking competency course; systems thinking competency course mit; systems thinking course coursera; systems thinking course design best practices for professionals; systems thinking course design for professionals examples; systems thinking course design for professionals examples vietnam; systems thinking course design for professionals vietnam; systems thinking course free; systems thinking course harvard; systems thinking course hero; systems thinking course ice breaker; systems thinking course london; systems thinking course mit; systems thinking course onlin; systems thinking course online; systems thinking course outline; systems thinking course singapore; systems thinking course starr; systems thinking course syllabus; systems thinking course uk; systems thinking coursera; systems thinking courses australia; systems thinking courses online; systems thinking courses south africa; systems thinking courses uk; systems thinking education; systems thinking for engineers; systems thinking for managers; systems thinking for project managers; systems thinking for social change; systems thinking free course; systems thinking free online course; systems thinking in business; systems thinking in healthcare; systems thinking in healthcare course; systems thinking in practice; systems thinking in practice course; systems thinking leadership; systems thinking mit xpro; systems thinking mooc; systems thinking network; systems thinking online certificate; systems thinking online course; systems thinking pdf; systems thinking phd; systems thinking playbook pdf; systems thinking practitioner; systems thinking process improvement; systems thinking professional certificate; systems thinking professional certificate mit; systems thinking program mit xpro; systems thinking research; systems thinking short course; systems thinking standards institute; systems thinking stanford; systems thinking systems practice; systems thinking training; systems thinking training course; systems thinking training courses; systems thinking workshop; team building certificate; team building for engineers; team building for technical professionals; team building skills; team building training; team leader training; tech courses online; tech lead responsibilities; tech short courses; tech skills to learn; technical architecture courses; technical innovation; technical innovation certificate; technical innovation online course; technical innovation training; technical leadership; technical leadership certificate; technical leadership course; technical leadership development; technical leadership online program; technical leadership skills; technical leadership skills list; technical problem solving; technical product management; technical product manager training; technical program management; technical program management courses; technical project management; technical project management courses; technical project manager training; technology leadership program; technology workshops near me; the iceberg model of systems thinking; the mind luster; the odin project; the systems thinker; the v model systems engineering; think in systems; thinking in systems; thinking in systems a primer; thinking in systems course; thinking in systems donella meadows; thinking in systems pdf; thinking in systems summary; thinking skills; thinking skills questions; togaf course; top leadership development programs; top leadership training courses; top lms platforms 2024; top management training courses; training; training for critical thinking; training leadership program; training mbusoms co za; training program management; training think tank energy systems course; tvet colleges offering project management; types of leadership training; types of organizational strategy; udacity courses with certificate; udemy; udemy coursera; udemy courses; udemy edx; udemy online courses; university of kwazulu natal; university of technology pretoria; vanguard systems thinking course; waters center for systems thinking; web designing free course with certificate; website system design; what course transfer to wgu systems thinking; what course transfer to wgu systems thinking reddit; what courses count as systems thinking or systems engineering; what is agile methodology; what is agile project management; what is organizational strategy; what is radical innovation; what is system engineering; what is systems thinking; what is the concept of emergence; whats systems thinking; workshop; wpi system dynamics; www coursera org; www learnwithdexa com; www mindluster com; www ocw mit edu courses; www pmi org; www sdp edu za; www the programmers university com; xpro mit,360 learning; 3d prototyping; 4 week certificate programs online; absorb lms; academy asana com; academy asana com workflow specialist; academy for systems change; aconex course online; acumen systems thinking course; advanced modeling; agicorp academy; agile courses; agile methodologies; agile project; agile project management; agile project management course; ai certification courses; ai in systems engineering; ai project management course; ai project management courses; ai software engineer course; ai system design; ai systems performance engineering; alison course certificate; alison courses; altium pcb design course; alx academy courses; alx courses; alxafrica courses; an introduction to general systems thinking; analytical thinking and innovation skills; analytical thinking problem solving; applied systems thinking courses; apply mit edu; architect complex processes; ardiland institute of technology; asana; automation course; automation masters online; barry richmond systems thinking; basecamp; become a product manager by cole mercer; becoming an entrepreneur mit; best business certification programs; best certifications for it directors; best course in business analytics; best course on critical thinking; best course on system design; best courses for project management; best critical thinking courses; best free online project management courses with certificates; best leadership development program; best leadership training programs; best online certificate programs for project management; best online coding courses with certificates; best product management certification; best project management certification; best project management courses; best software architect certification; best system design book; best system design course; best systems thinking courses; best tech online courses; books; books for system design; books on systems thinking; brand management courses; business administration certifications; business administration level 2 course; business administration nqf 3; business analyst course; business classes online with certificates; business courses online with certificates; business dynamics; business leadership course; business leadership skills; business leadership training; business management course; business management courses; business management courses cape town; business management in service training; business management online short courses; business management short courses; business management training; business school e learning learnership smart lms; business strategy skills; business strategy training; business systems analyst courses; business systems course; business systems courses; business systems design; call center management course; can i get shrm credit for systems thinking course; can i learn it online; capm certification; career essentials certificate by microsoft and linkedin; carnegie mellon software architecture certification; certificate; certificate course on business management; certificate courses; certificate courses online; certificate for project; certificate in project management; certificate in systems engineering; certificate in systems thinking; certificate programs online; certificates for engineering students; certification; certification in agentic systems and design; certification mit; certification program in agentic systems and design; certified associate in project management capm; chicago booth leadership program; cisco courses online; class; class central; class central certificate; class central certificates; cleveland state university systems thinking course; clickup; cm certified manager; cm punjab it certification program 2025; cmu software architecture; codedamn courses; coding certificate course; coding classes online; coding course; coding courses; coding courses online; coding online courses; coding short courses online; company secretary course; complex adaptive systems training; complex problem solving; complex problem solving course; complex systems course online; complex systems mit; comptia a; computer course; computer course certificate free download; computer courses; computer courses online; computer hardware engineer courses; computer online classes; computer online courses; computer science certificate programs; computer software course; computer systems engineering vs computer science; computer technology course; construction courses unisa; construction foreman courses; construction management certificate; construction management course; construction management courses; construction management diploma online; construction manager certification; construction short courses online; continuous improvement certification online; control engineering online course; cornell systems thinking; corporate leadership training; corporate strategy for engineers; corporate strategy for technical professionals; corporate strategy skills; corporate strategy training; cost engineer certification; cost management courses; cours de gestion de projet en ligne gratuit; course; course on systems thinking; course system thinking quiz 1; course systems thinking; coursera and edx; coursera certificate; coursera edx; coursera project management; coursera system design; coursera systems engineering; courses of marketing management; courses on program management; courses on project management; courses on systems thinking; courses with certificates; create design system; create project plan; critical thinking and problem solving; critical thinking and problem solving course; critical thinking bot; critical thinking certification; critical thinking class; critical thinking com; critical thinking course; critical thinking course free; critical thinking mit; critical thinking online course; critical thinking practice; critical thinking short course; critical thinking skills; cs50; cs50 by harvard; cs50 edx; curso de dinamica de sistemas; curso scrum; dale carnegie leadership training; decision making courses online; degree; demand planning certification; demonstrating problem solving skills; design thinking certification; design thinking certification stanford; design thinking course; design thinking ibm; design thinking systems course nyc; designing data intensive applications; designing distributed systems; devops course; digiskill; digiskills; digiskills courses; digiskills registration; digital leadership program; digital management course online; digital project manager certification; digitaldefynd; digitalskill lms; dit course; does economics count as a systems thinking course; donella h meadows thinking in systems; drop servicing course; dynamic models; dynamic work design; e learning lms; e learning lms learnership; e learning lms learnership 2024; e learning lms learnership 2025; e learning lms learnership 2025 online application; e learning lms learnership application; e learning lms register; e learning lms registration; e lms; ecornell engineering leadership; edureka lms; edx; edx certificate; edx course; edx coursera; edx courses; edx cs50 introduction to computer science; edx cs50x; edx edu; edx get smarter; edx harvard courses; edx harvard mit; edx learning platform; edx mit; edx mit certificate; edx mit supply chain fundamentals; edx mitx; edx mooc org; edx online courses; edx org; edx supply chain; edx supply chain fundamentals; edx systems engineering; edx systems thinking; edx website; effective leadership; effective leadership program; effective leadership skills; effective team leadership for engineers; elearning lms; elearning lms learnership; elearning lms learnership 2025; elearning lms learnership 2025 online application; elearning lms learnership application; elearning lms learnerships; elearning lms registration; elearning platform courses; embedded programming course; embedded systems engineer certification; emotional intelligence training for engineers; empowering rural women through it training; engineering bursaries; engineering courses; engineering courses online; engineering leader; engineering leadership; engineering leadership certificate; engineering leadership course online; engineering leadership development; engineering leadership development program; engineering leadership program; engineering leadership skills; engineering leadership workshop; engineering management mit; engineering manager course; engineering manager skills; engineering manager training; engineering problem solving; engineering short courses; engineering systems thinking; enterprise application architecture; enterprise architecture certification; erp system certification; erp system learning; essential skills certificate for engineers; essential skills certificate for technical professionals; essential skills for engineers; essential skills for technical professionals; essential skills online course; essential skills training; ethio coders et certification; ethio coders et certification online; ethiocoders et courses; executive coaching certification; executive coaching course for engineers; executive coaching training; executive leadership development; executive leadership skills; executive leadership training; executive leadership training for engineers; executive leadership training for technical professionals; exercising leadership foundational principles harvard; fire; formation en gestion de projet; foundation of system thinking; foundations of project management by google; frank miano msb tutorial; free; free online business management courses with certificate of completion; free online certificate courses in business administration; free online course on project management; free online courses on systems thinking; free online management courses with certificates; free online project management course with certificate; free online project management courses; free online project management courses with certificates; free project management courses; free project management courses with certificates; free software engineering courses with certificate; free systems thinking course; free ux design course with certificate; freecodecamp courses; freecodecamp courses with certificate; freecodecamp full stack certification; front line leadership training; fully funded masters in project management; fundamental leadership and engineering competencies; futures thinking certification; futureskill elearning platform; geeksforgeeks courses; global it certifications; google career certificate program; google certificate courses; google certificate project management; google certification courses; google cybersecurity professional certificate; google cybersecurity professional certificate via coursera; google it support professional certificate; google it support professional certificate coursera; google management certificate; google management project certificate; google product management course; google project management certificate; google project management certificate coursera; google project management certification; google project management certification free; google project management course; google project management coursera; google project management professional certificate; google project management professional certificate reddit; graphic design systems thinking course; great learning academy; grokking system design; grow google certificate; grow google certificates cybersecurity; grow with google; grow with google courses; handbook of model based systems engineering; hansen leadership program; harvard edx; harvard leadership training; harvard mit online courses; harvard online courses; harvardx; high certificate in business management; how can i become a web designer; how can i get pmp certification; how to apply for massachusetts institute of technology; how to apply pmo; how to be a software developer; how to be an effective engineering manager; how to be good at problem solving; how to become a better strategist; how to become a it specialist; how to become a strategic thinker; how to become a systems engineer without a degree; how to become a tech expert; how to become a tech lead; how to create a system; how to create system; how to design a scalable system; how to develop my critical thinking skills; how to develop problem solving skills; how to develop problem solving skills in the workplace; how to do csm certification; how to do framework; how to gain problem solving skills; how to get into product management; how to improve critical thinking; how to improve logical thinking skills; how to improve problem solving skills; how to improve your logic building skills in programming; how to increase critical thinking; how to learn it at home; how to learn problem solving skills; how to learn system design; how to learn systems thinking; how to learn tech skills; how to learn to think strategically; how to solve algorithm problems; how to study for engineering classes; how to study it online; how to think in systems; how to think logically; how to train problem solving skills; howard cs50; hp certification courses; hris systems training; https learning upskillist com vodacom2; https ocw mit edu; https skills nutech edu pk; https www coursera org learn foundations of project management; https www edx org; https www edx org school harvardx; https www edx org school mitx; https www harvard edu online courses; https www tcsion com courses career edge; https www theforage com simulations cbre project management x2vz; hubspot academy revenue operations certification; hubspot crm courses; human centered systems thinking; i want to learn it; i want to learn programming; ibf funded courses systems thinking cpd hours; ibm business analyst professional certificate; ibm courses; ibm online courses; ibm skill build; ibm skillsbuild certificate; iceberg model of systems thinking; iceberg model systems thinking; ict online courses; ieee certificate; iit online courses; importance of organizational strategy; improve critical thinking; improve problem solving skills; industrial engineering online; information architecture certification; information architecture courses; information architecture degree; information technology online courses; information technology short courses online; infosys springboard courses; infrastructure architect course; innovation certificate online; innovation course; innovation management course; innovation strategy; innovation training courses; institute of project management certification; intellipaat; international business management institute ibmi; intro to deep learning mit; intro to project management google; introduction to project management alison; introduction to systems engineering; introduction to systems thinking; introduction to systems thinking course; isaca certified in risk and information systems control crisc; isee systems thinking course; it academy courses; it classes; it course; it courses; it courses in karachi; it courses online; it courses online south africa; it leadership development program; it leadership training; it online courses; it online courses in south africa; it project management methodologies; it short courses; it short courses online; it specialist school; it specialist training; it studies online; it training courses; key elements of organizational strategy; knowledge hub; knowledge learning platform; large scale project management; leadership and management; leadership and management courses; leadership and management courses harvard; leadership and management in engineering; leadership and management skills; leadership certificate; leadership classes; leadership course cornell; leadership course online; leadership courses; leadership courses harvard; leadership courses near me; leadership courses online; leadership development; leadership development courses; leadership development program; leadership development program jobs; leadership development training; leadership for engineering professionals; leadership for technical professionals; leadership for technical profssionals; leadership for technology professionals; leadership in engineering management; leadership management; leadership professional development; leadership seminars; leadership skills; leadership skills for engineers; leadership skills for technical professionals; leadership skills training; leadership training; leadership training certification; leadership training class; leadership training course; leadership training programs; leadership training topics; leading complex projects; leading effective teams; leading organizational change; lean methodologies; learn about systems; learn enterprise architecture; learn mit edu; learn problem solving; learn problem solving programming; learn product management; learn project management; learn rapid prototyping; learn skills; learn software architecture; learn software engineering; learn system architecture; learn system design; learn systems thinking; learn technical innovation; learn the latest tech skills; learner management systems; learning it online; learning management system; learning management system digiskills; learning project management; learning software engineering for beginners; learning system design; learning tcsionhub; learning to solve problems; learnvern; learnvern courses; linkedin learning systems thinking course; lms; lms digital skills; lms digital skills pk; lms le; lms learnership; lms learnership 2025; lms learnership application; lms learning management system; lms learning program; lms training application; lms training learning program 2026; lms training learning programme 2026; lms training program; logic courses; logical reasoning critical thinking mcqs; logical thinking training; logistics and supply chain management courses; logistics certificate; logistics certification; logistics course; logistics management; logistics management training; logistics online course; logistics simulation; logistics training; logistics training course; machine learning course for product managers; management; management skills; management skills online; management skills training; management training; management training for engineers; management training for technical professionals; management training topics; managerial leadership training; managing engineers; marketing management course; massachusetts institute of technology apply; master data structures and algorithms; masters; masters in construction management; masters in systems thinking; mbse mit; mckinsey project management; meta ios developer professional certificate; micro master supply chain management; micromaster mit supply chain; micromasters; micromasters in supply chain management mit; micromasters supply chain mit edx; microsoft certificate courses; microsoft certification courses; microsoft certified systems engineer; microsoft courses; microsoft courses with certificate; microsoft edx; microsoft fabric certification; mind laster com; mind luster; mind luster certificate; mind luster certificate value; mind luster co; mind luster com; mind luster come; mind luster con; mind luster course; mind luster courses; mindluster; mindluster com; mindluster come; mindluster courses; mindset training; mindtap; mindworx academy; mit application; mit beaver works; mit beaver works summer institute; mit business analytics program; mit bwsi beaver works summer institute; mit certificate courses; mit coding certificate; mit coding course; mit courses; mit cs courses; mit cto program; mit deep learning course; mit edx; mit edx courses; mit engineering certificate programs; mit full stack developer course; mit fundamentals of finance; mit idss; mit intro to deep learning; mit introduction to computational thinking and data science; mit introduction to technology engineering and science; mit launch; mit launchx summer program; mit leadership program; mit micromasters supply chain; mit mites; mit mites summer program; mit ocw system dynamics self study; mit ocw website; mit online courses with certificate; mit online degree; mit open course; mit open software; mit open ware course; mit opencourseware; mit opencourseware ai; mit opencourseware certificate; mit opencourseware com; mit opencourseware computer science; mit opencourseware lectures; mit opencourseware neuroscience; mit opencourseware ocw website; mit opencourseware physics; mit opencourseware system dynamics; mit opencourseware systems engineering; mit opencourseware systems thinking; mit opencourseware website; mit power electronics; mit pro; mit project management; mit project management certificate; mit project management course; mit project management simulation; mit research science institute rsi; mit sdm; mit sloan leadership; mit sloan online; mit sloan online courses; mit sloan school of management online courses; mit sloan system dynamics; mit summer engineering program; mit summer opportunities; mit summer program; mit summer programs; mit supply chain course; mit supply chain executive education; mit supply chain micromaster; mit supply chain micromasters; mit supply chain micromasters edx; mit system architecture; mit system dynamics; mit system dynamics group; mit system thinking; mit system thinking course; mit systems; mit systems dynamics; mit think; mit think scholars program; mit university courses; mit website; mit website login; mit xpro courses; mit xpro professional certificate in coding; mit xpro project management; mit xpro system thinking; mit xpro systems thinking course; mites minority introduction to engineering and science; mites summer program; mitopencourseware; mitopencourseware com; mitx edx; mitx micromasters credential in supply chain management; mitx micromasters in supply chain management; mitx micromasters supply chain; mitx micromasters supply chain management; mitx on edx; mitx online courses; mitx systems thinking; mobile system design book; modeling complex systems; monitoring and evaluation course; mooc gestion de projet; moocs courses; moodle learn; moodle learning management system lms; moodle training courses; moringa school; most popular leadership courses; mostec summer program; my business e learning platform; mygreatlearning; nanodegree; nanodegree program; network models; nita courses; northlink college; nptel; nptel courses; nptel online courses; ocw; ocw courses; ocw mit edu courses; ocw mit edu courses 6 s087 foundation; ocw mit edu index htm; ocw mit linear algebra; odin project; odin project certificate; office management course; omidyar systems thinking course; online ai courses with certificate; online business management courses; online business management courses south africa; online business strategy course; online certificate; online certificate courses; online class with certificate; online classes for it jobs; online classes it course; online coding classes; online coding classes with certificate; online college it courses; online computer class; online computer classes; online computer courses; online computer courses certificate; online computer courses with certificates; online computer science courses; online computer studies; online computer training; online computer training school; online course agile project management; online course for business management; online course in it; online course in project planning and management; online course management system; online course systems thinking; online course with certificate; online courses for it; online courses for plc programming; online courses for project management; online courses in kenya with certificates; online courses in mit; online courses on project management; online courses with certificate; online courses with certificates in kenya; online design thinking courses; online diploma courses in kenya; online erp course; online it courses in pakistan; online it courses with certificate; online it learning; online leadership certificate; online leadership course; online leadership program; online learnership lms; online learnerships for 2025 with stipend; online learning software; online logistics course; online management certificate programs; online management course; online management courses; online management information system; online masters in educational leadership; online masters in leadership; online mechanical engineering courses; online product management course; online project management certification; online project management course; online project management courses with certificates; online retail management courses; online short courses with certificate; online software training courses; online stanford courses; online system thinking course; online team building course; online team building program; online tech courses with certificates; online tech skills; online training courses with certificates; online training project management; online workshop with certificate; open course ware; open learning library mit; open learning mit; open moocs; open university systems thinking; open university systems thinking course; open university systems thinking free course; opencourseware; opencourseware mit; opencourseware ocw; operation management certificate; operations management certificate; organizational design course; organizational leadership; organizational leadership degree; organizational strategies; organizational strategy; organizational strategy certificate; organizational strategy examples; organizational strategy for engineers; organizational strategy for researchers; organizational strategy for scientists; organizational strategy for technical professionals; organizational strategy skills; organizational strategy structure and process; organizational strategy training; organizational strategy training for technical professionals; oxford strategic leadership programme; paksoft skill certificate; pega system architect; phd systems thinking; platform engineering course; pm4ngos exam; pmi certification; pmm course; pmo training; pmp; pmp certification; pmp certification cost; pmp certification in ethiopia; pmp certification requirements; pmp certifications; pmp exam fee in pakistan; pmp islamabad; pmp online course; pmp or prince2; pmp registration online; pmp training; powerpoint; ppt; primavera p6 course; prince 2 certificate; prince2 foundation certification; principles of system thinking; principles of systems; problem solving; problem solving and critical thinking; problem solving course; problem solving courses; problem solving in programming; problem solving practice; problem solving presentations; problem solving skills; problem solving techniques; process modeling in system analysis and design; product development courses; product management bootcamps; product management certificate; product management course; product management courses; product management online course; product management program; product management qualification; product management simulation; product management training; product management training course; product manager certificate; product school teachable; professional lms; professionalonline2 mit edu; profile; program; program coordinator courses; program management; program management certification; programing course; programs; progressive training development and projects; project config; project finance certification; project leadership course; project management; project management and business analysis courses; project management cert; project management certificate; project management certification; project management certification courses free; project management certification online mit; project management certification pmp; project management course drive google com; project management course in ethiopia; project management courses; project management courses by google; project management courses for freshers; project management courses in nigeria; project management courses online; project management courses with certificates; project management free course by google; project management free course with certificate; project management free online courses with certificates; project management leading organizations to success; project management learnership; project management learnership nqf level 5; project management maturity model; project management methodologies; project management online certificate; project management online course; project management online courses; project management online courses free; project management professional certification; project management professional online course; project management professional pmp; project management professional pmp certification free; project management short course; project management short courses; project management simulation; project management skills certification; project management study; project management techniques; project management training course; project manager certificate; project manager certification; project manager course; project plan; project planning courses; project procurement management; project success program; rapid design; rapid design online course; rapid prototyping; rapid prototyping online course; rapid prototyping services; retail management course; retail management short courses; revit course; revops certification; road transport management course; rotational product manager programs; sap s 4hana training; saylor org certificate; scaler academy; scrum; scrum master certification; scrum master certification exam; scrum master certification free; scrum master course; scrum master online course; scrum org certification; self paced courses; send online lms; senge systems thinking course; seta learning practitioner engineering programme; short courses business management; short it courses online; short management courses; short project management courses; simpl learn; simple learn skill up; simple learning skillup; simplify complex problems; simplify complex processes; simplilearn; simplilearn certificate; simplilearn com; simplilearn skill up; simplilearn skillup; simplilearn skillup certificate; simply learn; sites to learn it; skill certificate online; skill sprint e learning platform; skills; skills build; skills for a project manager; skillup by simplilearn; small business management course; smartpm training; soft skill certificate; soft skill certificate pakistan; soft skill training certificate pakistan; soft skills; soft skills for engineers; soft skills for technical professionals; soft skills training; software architect course; software architecture; software architecture certificate programs; software architecture patterns by mark richards pdf; software courses online; software development certificate; software development courses for beginners; software engineer course online; software engineering course online; software engineering short course; software online courses; software short courses; sololearn; solve complex problems; stanford leadership courses; stanford online courses; stanford online management courses; stanford problem solving; stanford product management course; stanford university online courses; start learning with edx; stella system dynamics; stem courses; store keeper course; store manager courses; stores and stock control courses; strategic innovation management; strategic learnership; strategic management skills; strategic management skills for technical professionals; strategic management training; strategic management training for technical professionals; strategic planning for engineers; strategic planning for technical professionals; strategic planning skills; strategic planning training; strategic skills training; strategic thinking; strategic thinking in complex problem solving; strategic thinking workshop; strategy and innovation; structured problem solving; study of systems; supervisor certificate course; supply chain fundamentals mit; supply chain logistics certificate; supply chain logistics online course; supply chain management mit edx; supply chain management short courses online; sysml; sysml tools; syspro training courses; system analysis and design; system analysis and design course; system archetypes; system architecture certification; system architecture program; system design; system design and architecture; system design and management mit; system design beginner; system design books; system design bootcamp; system design certification; system design certification course; system design course; system design course mit; system design courses; system design for managers; system design interview guide for software architecture udemy; system design interview pdf; system design masterclass; system design mit; system design program; system design thinking course; system development; system dynamics and response; system dynamics applications; system dynamics certificate; system dynamics course online; system dynamics mit; system dynamics modeling; system dynamics modeling examples; system dynamics online course; system dynamics review; system dynamics society; system dynamics tools; system dynamics training; system emergence; system engineer bootcamp; system engineer courses; system engineering course; system engineering course online; system engineering online course; system modeling course; system performance; system theory course; system think; system thinking; system thinking and analysis course description; system thinking book; system thinking certificate; system thinking course; system thinking course free; system thinking course outline; system thinking course singapore; system thinking coursera; system thinking courses; system thinking definition; system thinking design; system thinking examples; system thinking in technical environments; system thinking mit; system thinking mit course; system thinking online course; system thinking simulation; system work training; systematic thinking; systems architecture course; systems course; systems design course; systems design courses; systems design engineering; systems dynamic method; systems dynamics; systems dynamics society; systems engineer courses; systems engineering course mit; systems engineering courses online; systems engineering masters; systems engineering online courses; systems engineering process steps; systems engineering training courses; systems science masters; systems theory course; systems thinking; systems thinking and system dynamics; systems thinking application; systems thinking approach; systems thinking book; systems thinking certification; systems thinking certification program; systems thinking class; systems thinking college course; systems thinking competency course; systems thinking competency course mit; systems thinking course coursera; systems thinking course design best practices for professionals; systems thinking course design for professionals examples; systems thinking course design for professionals examples vietnam; systems thinking course design for professionals vietnam; systems thinking course free; systems thinking course harvard; systems thinking course hero; systems thinking course ice breaker; systems thinking course london; systems thinking course mit; systems thinking course onlin; systems thinking course online; systems thinking course outline; systems thinking course singapore; systems thinking course starr; systems thinking course syllabus; systems thinking course uk; systems thinking coursera; systems thinking courses australia; systems thinking courses online; systems thinking courses south africa; systems thinking courses uk; systems thinking education; systems thinking for engineers; systems thinking for managers; systems thinking for project managers; systems thinking for social change; systems thinking free course; systems thinking free online course; systems thinking in business; systems thinking in healthcare; systems thinking in healthcare course; systems thinking in practice; systems thinking in practice course; systems thinking leadership; systems thinking mit xpro; systems thinking mooc; systems thinking network; systems thinking online certificate; systems thinking online course; systems thinking pdf; systems thinking phd; systems thinking playbook pdf; systems thinking practitioner; systems thinking process improvement; systems thinking professional certificate; systems thinking professional certificate mit; systems thinking program mit xpro; systems thinking research; systems thinking short course; systems thinking standards institute; systems thinking stanford; systems thinking systems practice; systems thinking training; systems thinking training course; systems thinking training courses; systems thinking workshop; team building certificate; team building for engineers; team building for technical professionals; team building skills; team building training; team leader training; tech courses online; tech lead responsibilities; tech short courses; tech skills to learn; technical architecture courses; technical innovation; technical innovation certificate; technical innovation online course; technical innovation training; technical leadership; technical leadership certificate; technical leadership course; technical leadership development; technical leadership online program; technical leadership skills; technical leadership skills list; technical problem solving; technical product management; technical product manager training; technical program management; technical program management courses; technical project management; technical project management courses; technical project manager training; technology leadership program; technology workshops near me; the iceberg model of systems thinking; the mind luster; the odin project; the systems thinker; the v model systems engineering; think in systems; thinking in systems; thinking in systems a primer; thinking in systems course; thinking in systems donella meadows; thinking in systems pdf; thinking in systems summary; thinking skills; thinking skills questions; togaf course; top leadership development programs; top leadership training courses; top lms platforms 2024; top management training courses; training; training for critical thinking; training leadership program; training mbusoms co za; training program management; training think tank energy systems course; tvet colleges offering project management; types of leadership training; types of organizational strategy; udacity courses with certificate; udemy; udemy coursera; udemy courses; udemy edx; udemy online courses; university of kwazulu natal; university of technology pretoria; vanguard systems thinking course; waters center for systems thinking; web designing free course with certificate; website system design; what course transfer to wgu systems thinking; what course transfer to wgu systems thinking reddit; what courses count as systems thinking or systems engineering; what is agile methodology; what is agile project management; what is organizational strategy; what is radical innovation; what is system engineering; what is systems thinking; what is the concept of emergence; whats systems thinking; workshop; wpi system dynamics; www coursera org; www learnwithdexa com; www mindluster com; www ocw mit edu courses; www pmi org; www sdp edu za; www the programmers university com; xpro mit,46; 47,learn system thinking; mit system dynamics course; mit systems thinking; mit systems thinking course; mit xpro systems thinking; product management certification; project management course; project management training; system architecture course; system dynamics; system dynamics course; system engineering; system models; system thinking certification; system thinking training; systems thinking certificate; systems thinking course; systems thinking courses; systems thinking mit; what is system thinking
synthetic_A_Broad_allowlist_n10_1,best critical thinking courses; best systems thinking courses; business systems course; introduction to systems thinking; project management cert; system design certification; system dynamics course; systems thinking certificate; systems thinking course; what is system thinking,,,,,,,,,best critical thinking courses; best systems thinking courses; business systems course; introduction to systems thinking; project management cert; system design certification; system dynamics course; systems thinking certificate; systems thinking course; what is system thinking
synthetic_A_Broad_top_conv_n10_2,mit systems thinking; system design certification; system dynamics; system dynamics course; system thinking certification; system thinking training; systems thinking certificate; systems thinking course; systems thinking mit; what is system thinking,,,,,,,,,mit systems thinking; system design certification; system dynamics; system dynamics course; system thinking certification; system thinking training; systems thinking certificate; systems thinking course; systems thinking mit; what is system thinking
synthetic_A_Broad_allowlist_n20_3,best critical thinking courses; best systems thinking courses; business systems course; introduction to systems thinking; learn system thinking; mit systems thinking; mit xpro systems thinking; project management cert; project management program; project management training; system design certification; system dynamics; system dynamics course; system engineering; system thinking certification; system thinking training; systems thinking certificate; systems thinking course; systems thinking mit; what is system thinking,,,,,,,,,best critical thinking courses; best systems thinking courses; business systems course; introduction to systems thinking; learn system thinking; mit systems thinking; mit xpro systems thinking; project management cert; project management program; project management training; system design certification; system dynamics; system dynamics course; system engineering; system thinking certification; system thinking training; systems thinking certificate; systems thinking course; systems thinking mit; what is system thinking
synthetic_A_Broad_top_conv_n20_4,learn system thinking; mit systems thinking; mit xpro systems thinking; online system thinking course; product management certification; project management program; project management training; system design certification; system dynamics; system dynamics course; system engineering; system engineering online course; system models; system thinking certification; system thinking training; systems thinking certificate; systems thinking course; systems thinking courses; systems thinking mit; what is system thinking,,,,,,,,,learn system thinking; mit systems thinking; mit xpro systems thinking; online system thinking course; product management certification; project management program; project management training; system design certification; system dynamics; system dynamics course; system engineering; system engineering online course; system models; system thinking certification; system thinking training; systems thinking certificate; systems thinking course; systems thinking courses; systems thinking mit; what is system thinking
synthetic_A_Broad_allowlist_n40_5,best critical thinking courses; best systems thinking courses; business systems course; business systems courses; dynamic models; introduction to systems thinking; learn product management; learn system thinking; mit system dynamics course; mit system dynamics group; mit systems thinking; mit systems thinking course; mit xpro systems thinking; online system thinking course; product management certification; product management course; project management cert; project management certificate; project management course; project management program; project management training; software architecture course; system architecture course; system design; system design certification; system dynamics; system dynamics course; system engineering; system engineering online course; system models; system thinking certification; system thinking course; system thinking training; systems thinking certificate; systems thinking certification; systems thinking course; systems thinking courses; systems thinking mit; what is system engineering; what is system thinking,,,,,,,,,best critical thinking courses; best systems thinking courses; business systems course; business systems courses; dynamic models; introduction to systems thinking; learn product management; learn system thinking; mit system dynamics course; mit system dynamics group; mit systems thinking; mit systems thinking course; mit xpro systems thinking; online system thinking course; product management certification; product management course; project management cert; project management certificate; project management course; project management program; project management training; software architecture course; system architecture course; system design; system design certification; system dynamics; system dynamics course; system engineering; system engineering online course; system models; system thinking certification; system thinking course; system thinking training; systems thinking certificate; systems thinking certification; systems thinking course; systems thinking courses; systems thinking mit; what is system engineering; what is system thinking
synthetic_A_Broad_top_conv_n40_6,best critical thinking courses; best systems thinking courses; business systems course; business systems courses; dynamic models; how to learn to think strategically; learn product management; learn system thinking; mit system dynamics course; mit system dynamics group; mit systems thinking; mit systems thinking course; mit xpro systems thinking; online system thinking course; product management certification; product management course; project management cert; project management certificate; project management course; project management program; project management training; software architecture course; system architecture course; system design; system design certification; system dynamics; system dynamics course; system engineering; system engineering online course; system models; system thinking certification; system thinking course; system thinking training; systems thinking certificate; systems thinking certification; systems thinking course; systems thinking courses; systems thinking mit; what is system engineering; what is system thinking,,,,,,,,,best critical thinking courses; best systems thinking courses; business systems course; business systems courses; dynamic models; how to learn to think strategically; learn product management; learn system thinking; mit system dynamics course; mit system dynamics group; mit systems thinking; mit systems thinking course; mit xpro systems thinking; online system thinking course; product management certification; product management course; project management cert; project management certificate; project management course; project management program; project management training; software architecture course; system architecture course; system design; system design certification; system dynamics; system dynamics course; system engineering; system engineering online course; system models; system thinking certification; system thinking course; system thinking training; systems thinking certificate; systems thinking certification; systems thinking course; systems thinking courses; systems thinking mit; what is system engineering; what is system thinking
synthetic_B_Broad_allowlist_n10_7,best critical thinking courses; business systems course; introduction to systems thinking; project management cert; system design certification; system dynamics course; system thinking training; systems thinking certificate; systems thinking course; what is system thinking,,,,,,,,,best critical thinking courses; business systems course; introduction to systems thinking; project management cert; system design certification; system dynamics course; system thinking training; systems thinking certificate; systems thinking course; what is system thinking
synthetic_B_Broad_top_conv_n10_8,best critical thinking courses; business systems course; project management cert; system design certification; system dynamics; system thinking certification; system thinking training; systems thinking certificate; systems thinking course; what is system thinking,,,,,,,,,best critical thinking courses; business systems course; project management cert; system design certification; system dynamics; system thinking certification; system thinking training; systems thinking certificate; systems thinking course; what is system thinking
synthetic_B_Broad_allowlist_n20_9,best critical thinking courses; business systems course; introduction to systems thinking; learn system thinking; mit systems thinking; mit xpro systems thinking; project management cert; project management program; project management training; system design certification; system dynamics; system dynamics course; system engineering; system models; system thinking certification; system thinking training; systems thinking certificate; systems thinking course; systems thinking mit; what is system thinking,,,,,,,,,best critical thinking courses; business systems course; introduction to systems thinking; learn system thinking; mit systems thinking; mit xpro systems thinking; project management cert; project management program; project management training; system design certification; system dynamics; system dynamics course; system engineering; system models; system thinking certification; system thinking training; systems thinking certificate; systems thinking course; systems thinking mit; what is system thinking
synthetic_B_Broad_top_conv_n20_10,best critical thinking courses; business systems course; learn system thinking; mit systems thinking; mit xpro systems thinking; project management cert; project management program; project management training; system design certification; system dynamics; system dynamics course; system engineering; system engineering online course; system models; system thinking certification; system thinking training; systems thinking certificate; systems thinking course; systems thinking mit; what is system thinking,,,,,,,,,best critical thinking courses; business systems course; learn system thinking; mit systems thinking; mit xpro systems thinking; project management cert; project management program; project management training; system design certification; system dynamics; system dynamics course; system engineering; system engineering online course; system models; system thinking certification; system thinking training; systems thinking certificate; systems thinking course; systems thinking mit; what is system thinking
synthetic_B_Broad_allowlist_n40_11,best critical thinking courses; best systems thinking courses; business systems course; business systems courses; dynamic models; introduction to systems thinking; learn product management; learn system thinking; mit system dynamics course; mit system dynamics group; mit systems thinking; mit systems thinking course; mit xpro systems thinking; online system thinking course; product management certification; product management course; project management cert; project management certificate; project management course; project management program; project management training; software architecture course; system architecture course; system design; system design certification; system dynamics; system dynamics course; system engineering; system engineering online course; system models; system thinking certification; system thinking course; system thinking training; systems thinking certificate; systems thinking certification; systems thinking course; systems thinking courses; systems thinking mit; what is system engineering; what is system thinking,,,,,,,,,best critical thinking courses; best systems thinking courses; business systems course; business systems courses; dynamic models; introduction to systems thinking; learn product management; learn system thinking; mit system dynamics course; mit system dynamics group; mit systems thinking; mit systems thinking course; mit xpro systems thinking; online system thinking course; product management certification; product management course; project management cert; project management certificate; project management course; project management program; project management training; software architecture course; system architecture course; system design; system design certification; system dynamics; system dynamics course; system engineering; system engineering online course; system models; system thinking certification; system thinking course; system thinking training; systems thinking certificate; systems thinking certification; systems thinking course; systems thinking courses; systems thinking mit; what is system engineering; what is system thinking
synthetic_B_Broad_top_conv_n40_12,best critical thinking courses; best systems thinking courses; business systems course; business systems courses; dynamic models; how to learn to think strategically; learn product management; learn system thinking; mit system dynamics course; mit system dynamics group; mit systems thinking; mit systems thinking course; mit xpro systems thinking; online system thinking course; product management certification; product management course; project management cert; project management certificate; project management course; project management program; project management training; software architecture course; system architecture course; system design; system design certification; system dynamics; system dynamics course; system engineering; system engineering online course; system models; system thinking certification; system thinking course; system thinking training; systems thinking certificate; systems thinking certification; systems thinking course; systems thinking courses; systems thinking mit; what is system engineering; what is system thinking,,,,,,,,,best critical thinking courses; best systems thinking courses; business systems course; business systems courses; dynamic models; how to learn to think strategically; learn product management; learn system thinking; mit system dynamics course; mit system dynamics group; mit systems thinking; mit systems thinking course; mit xpro systems thinking; online system thinking course; product management certification; product management course; project management cert; project management certificate; project management course; project management program; project management training; software architecture course; system architecture course; system design; system design certification; system dynamics; system dynamics course; system engineering; system engineering online course; system models; system thinking certification; system thinking course; system thinking training; systems thinking certificate; systems thinking certification; systems thinking course; systems thinking courses; systems thinking mit; what is system engineering; what is system thinking
synthetic_A_Phrase; Exact_allowlist_n10_13,,mit systems thinking; project management program; project management training; system dynamics; system engineering; system thinking certification; system thinking training; systems thinking course; systems thinking mit; what is system thinking,mit systems thinking; mit xpro systems thinking; project management program; project management training; system dynamics; system engineering; system thinking training; systems thinking course; systems thinking mit; what is system thinking,,,,,,,mit systems thinking; mit xpro systems thinking; project management program; project management training; system dynamics; system engineering; system thinking certification; system thinking training; systems thinking course; systems thinking mit; what is system thinking
synthetic_A_Phrase; Exact_top_conv_n10_14,,business systems courses; learn system architecture; project management cert; system architecture course; system engineering online course; systems thinking certificate; systems thinking courses; systems thinking mit; technical project management; what is system thinking,mit system dynamics course; mit systems thinking; mit systems thinking course; mit xpro systems thinking; project management cert; system design certification; system dynamics course; system thinking course; systems thinking course; systems thinking mit,,,,,,,business systems courses; learn system architecture; mit system dynamics course; mit systems thinking; mit systems thinking course; mit xpro systems thinking; project management cert; system architecture course; system design certification; system dynamics course; system engineering online course; system thinking course; systems thinking certificate; systems thinking course; systems thinking courses; systems thinking mit; technical project management; what is system thinking
synthetic_A_Phrase; Exact_semantic_n10_15,,introduction to systems thinking; learn system thinking; mit systems thinking; system thinking training; systems thinking course; systems thinking courses; systems thinking in business; systems thinking mit; thinking in systems a primer; what is system thinking,introduction to systems thinking; learn system thinking; mit xpro systems thinking; system thinking course; system thinking training; systems thinking course; systems thinking courses; systems thinking in business; systems thinking mit; what is system thinking,,,,,,,introduction to systems thinking; learn system thinking; mit systems thinking; mit xpro systems thinking; system thinking course; system thinking training; systems thinking course; systems thinking courses; systems thinking in business; systems thinking mit; thinking in systems a primer; what is system thinking
synthetic_A_Phrase; Exact_dispersion_n10_16,,business systems courses; how to learn to think strategically; mit system dynamics group; pmp training; product management certification; project management cert; software architecture course; solve complex problems; system design; system dynamics,best critical thinking courses; how to learn to think strategically; learn system architecture; mit system dynamics group; project management cert; project management program; solve complex problems; system design; system design certification; system dynamics,,,,,,,best critical thinking courses; business systems courses; how to learn to think strategically; learn system architecture; mit system dynamics group; pmp training; product management certification; project management cert; project management program; software architecture course; solve complex problems; system design; system design certification; system dynamics
synthetic_A_Phrase; Exact_composite_n10_17,,how to learn to think strategically; introduction to systems thinking; mit system dynamics group; solve complex problems; system design; system dynamics; system models; systems thinking in business; thinking in systems a primer; what is system thinking,how to learn to think strategically; introduction to systems thinking; mit xpro systems thinking; solve complex problems; system design; system dynamics; system engineering; systems thinking in business; thinking in systems a primer; what is system thinking,,,,,,,how to learn to think strategically; introduction to systems thinking; mit system dynamics group; mit xpro systems thinking; solve complex problems; system design; system dynamics; system engineering; system models; systems thinking in business; thinking in systems a primer; what is system thinking
synthetic_A_Phrase; Exact_allowlist_n20_18,,business systems courses; learn system thinking; mit systems thinking; product management certification; project management program; project management training; system architecture course; system design; system dynamics; system dynamics course; system engineering; system engineering online course; system models; system thinking certification; system thinking training; systems thinking certificate; systems thinking course; systems thinking courses; systems thinking mit; what is system thinking,best critical thinking courses; learn system thinking; mit system dynamics course; mit system dynamics group; mit systems thinking; mit xpro systems thinking; project management program; project management training; system architecture course; system design; system dynamics; system dynamics course; system engineering; system engineering online course; system thinking training; systems thinking certificate; systems thinking course; systems thinking courses; systems thinking mit; what is system thinking,,,,,,,best critical thinking courses; business systems courses; learn system thinking; mit system dynamics course; mit system dynamics group; mit systems thinking; mit xpro systems thinking; product management certification; project management program; project management training; system architecture course; system design; system dynamics; system dynamics course; system engineering; system engineering online course; system models; system thinking certification; system thinking training; systems thinking certificate; systems thinking course; systems thinking courses; systems thinking mit; what is system thinking
synthetic_A_Phrase; Exact_top_conv_n20_19,,business systems courses; how to learn to think strategically; learn system architecture; mit systems thinking; project management cert; project management online course; solve complex problems; system architecture course; system design; system dynamics; system dynamics course; system engineering online course; systems thinking certificate; systems thinking certification; systems thinking course; systems thinking courses; systems thinking in business; systems thinking mit; technical project management; what is system thinking,mit system dynamics course; mit system dynamics group; mit systems thinking; mit systems thinking course; mit xpro systems thinking; project management cert; project management training; software architecture course; system design certification; system dynamics; system dynamics course; system engineering; system engineering online course; system thinking certification; system thinking course; system thinking training; systems thinking course; systems thinking mit; thinking in systems a primer; what is system thinking,,,,,,,business systems courses; how to learn to think strategically; learn system architecture; mit system dynamics course; mit system dynamics group; mit systems thinking; mit systems thinking course; mit xpro systems thinking; project management cert; project management online course; project management training; software architecture course; solve complex problems; system architecture course; system design; system design certification; system dynamics; system dynamics course; system engineering; system engineering online course; system thinking certification; system thinking course; system thinking training; systems thinking certificate; systems thinking certification; systems thinking course; systems thinking courses; systems thinking in business; systems thinking mit; technical project management; thinking in systems a primer; what is system thinking
synthetic_A_Phrase; Exact_semantic_n20_20,,business systems courses; introduction to systems thinking; learn system thinking; mit systems thinking; mit systems thinking course online; system design; system dynamics; system dynamics course; system engineering; system models; system thinking certification; system thinking training; systems thinking certificate; systems thinking certification; systems thinking course; systems thinking courses; systems thinking in business; systems thinking mit; thinking in systems a primer; what is system thinking,best systems thinking courses; introduction to systems thinking; learn system thinking; mit systems thinking; mit systems thinking course; mit systems thinking course online; mit xpro systems thinking; system design; system dynamics course; system engineering; system thinking course; system thinking training; systems thinking certificate; systems thinking certification; systems thinking course; systems thinking courses; systems thinking in business; systems thinking mit; thinking in systems a primer; what is system thinking,,,,,,,best systems thinking courses; business systems courses; introduction to systems thinking; learn system thinking; mit systems thinking; mit systems thinking course; mit systems thinking course online; mit xpro systems thinking; system design; system dynamics; system dynamics course; system engineering; system models; system thinking certification; system thinking course; system thinking training; systems thinking certificate; systems thinking certification; systems thinking course; systems thinking courses; systems thinking in business; systems thinking mit; thinking in systems a primer; what is system thinking
synthetic_A_Phrase; Exact_dispersion_n20_21,,business systems courses; how to learn to think strategically; learn product management; learn system architecture; mit system dynamics group; pmp training; product management certification; project management cert; project management online course; project management training; software architecture course; solve complex problems; system design; system design certification; system dynamics; system models; technical problem solving; technical project management; thinking in systems a primer; what is system thinking,best critical thinking courses; how to learn to think strategically; learn system architecture; mit system dynamics course; mit system dynamics group; mit xpro systems thinking; project management cert; project management online course; project management program; project management training; software architecture course; solve complex problems; system design; system design certification; system dynamics; system engineering; system engineering online course; systems thinking in business; thinking in systems a primer; what is system thinking,,,,,,,best critical thinking courses; business systems courses; how to learn to think strategically; learn product management; learn system architecture; mit system dynamics course; mit system dynamics group; mit xpro systems thinking; pmp training; product management certification; project management cert; project management online course; project management program; project management training; software architecture course; solve complex problems; system design; system design certification; system dynamics; system engineering; system engineering online course; system models; systems thinking in business; technical problem solving; technical project management; thinking in systems a primer; what is system thinking
synthetic_A_Phrase; Exact_composite_n20_22,,how to learn to think strategically; introduction to systems thinking; learn product management; learn system architecture; learn system thinking; mit system dynamics group; mit systems thinking; pmp training; product management certification; solve complex problems; system design; system dynamics; system engineering; system models; system thinking training; systems thinking certificate; systems thinking in business; technical problem solving; thinking in systems a primer; what is system thinking,best critical thinking courses; how to learn to think strategically; introduction to systems thinking; learn system architecture; learn system thinking; mit system dynamics group; mit systems thinking; mit xpro systems thinking; project management cert; project management program; project management training; solve complex problems; system design; system design certification; system dynamics; system engineering; system thinking training; systems thinking in business; thinking in systems a primer; what is system thinking,,,,,,,best critical thinking courses; how to learn to think strategically; introduction to systems thinking; learn product management; learn system architecture; learn system thinking; mit system dynamics group; mit systems thinking; mit xpro systems thinking; pmp training; product management certification; project management cert; project management program; project management training; solve complex problems; system design; system design certification; system dynamics; system engineering; system models; system thinking training; systems thinking certificate; systems thinking in business; technical problem solving; thinking in systems a primer; what is system thinking
synthetic_A_Phrase; Exact_allowlist_n40_23,,business systems courses; how to learn to think strategically; introduction to systems thinking; learn product management; learn system architecture; learn system thinking; mit system dynamics group; mit systems thinking; mit systems thinking course online; mit xpro systems thinking; online system thinking course; pmp training; product management certification; project management cert; project management course; project management online course; project management program; project management training; software architecture course; solve complex problems; system architecture course; system design; system design certification; system dynamics; system dynamics course; system engineering; system engineering online course; system models; system thinking certification; system thinking training; systems thinking certificate; systems thinking certification; systems thinking course; systems thinking courses; systems thinking in business; systems thinking mit; technical problem solving; technical project management; thinking in systems a primer; what is system thinking,best critical thinking courses; best systems thinking courses; business systems course; how to learn to think strategically; introduction to systems thinking; learn system architecture; learn system thinking; mit system dynamics course; mit system dynamics group; mit systems thinking; mit systems thinking course; mit systems thinking course online; mit xpro systems thinking; online system thinking course; product management certification; project management cert; project management online course; project management program; project management training; software architecture course; solve complex problems; system architecture course; system design; system design certification; system dynamics; system dynamics course; system engineering; system engineering online course; system models; system thinking certification; system thinking course; system thinking training; systems thinking certificate; systems thinking certification; systems thinking course; systems thinking courses; systems thinking in business; systems thinking mit; thinking in systems a primer; what is system thinking,,,,,,,best critical thinking courses; best systems thinking courses; business systems course; business systems courses; how to learn to think strategically; introduction to systems thinking; learn product management; learn system architecture; learn system thinking; mit system dynamics course; mit system dynamics group; mit systems thinking; mit systems thinking course; mit systems thinking course online; mit xpro systems thinking; online system thinking course; pmp training; product management certification; project management cert; project management course; project management online course; project management program; project management training; software architecture course; solve complex problems; system architecture course; system design; system design certification; system dynamics; system dynamics course; system engineering; system engineering online course; system models; system thinking certification; system thinking course; system thinking training; systems thinking certificate; systems thinking certification; systems thinking course; systems thinking courses; systems thinking in business; systems thinking mit; technical problem solving; technical project management; thinking in systems a primer; what is system thinking
synthetic_A_Phrase; Exact_top_conv_n40_24,,best critical thinking courses; business systems courses; dynamic models; how to learn to think strategically; learn product management; learn system architecture; learn system thinking; mit system dynamics course; mit system dynamics group; mit systems thinking; mit systems thinking course; mit xpro systems thinking; online system thinking course; product management certification; product management course; project management cert; project management certificate; project management course; project management online course; project management program; project management training; solve complex problems; system architecture course; system design; system dynamics; system dynamics course; system engineering; system engineering online course; system models; system thinking certification; system thinking training; systems thinking certificate; systems thinking certification; systems thinking course; systems thinking courses; systems thinking in business; systems thinking mit; technical project management; what is system engineering; what is system thinking,best critical thinking courses; best systems thinking courses; business systems course; business systems courses; dynamic models; learn product management; learn system thinking; mit system dynamics course; mit system dynamics group; mit systems thinking; mit systems thinking course; mit xpro systems thinking; online system thinking course; product management certification; product management course; project management cert; project management certificate; project management course; project management program; project management training; software architecture course; system architecture course; system design; system design certification; system dynamics; system dynamics course; system engineering; system engineering online course; system models; system thinking certification; system thinking course; system thinking training; systems thinking certificate; systems thinking certification; systems thinking course; systems thinking courses; systems thinking mit; thinking in systems a primer; what is system engineering; what is system thinking,,,,,,,best critical thinking courses; best systems thinking courses; business systems course; business systems courses; dynamic models; how to learn to think strategically; learn product management; learn system architecture; learn system thinking; mit system dynamics course; mit system dynamics group; mit systems thinking; mit systems thinking course; mit xpro systems thinking; online system thinking course; product management certification; product management course; project management cert; project management certificate; project management course; project management online course; project management program; project management training; software architecture course; solve complex problems; system architecture course; system design; system design certification; system dynamics; system dynamics course; system engineering; system engineering online course; system models; system thinking certification; system thinking course; system thinking training; systems thinking certificate; systems thinking certification; systems thinking course; systems thinking courses; systems thinking in business; systems thinking mit; technical project management; thinking in systems a primer; what is system engineering; what is system thinking
synthetic_B_Phrase; Exact_allowlist_n10_25,,mit systems thinking; mit xpro systems thinking; project management program; project management training; system dynamics; system engineering; system thinking training; systems thinking course; systems thinking mit; what is system thinking,mit systems thinking; mit xpro systems thinking; project management program; project management training; system dynamics; system thinking certification; system thinking training; systems thinking course; systems thinking mit; what is system thinking,,,,,,,mit systems thinking; mit xpro systems thinking; project management program; project management training; system dynamics; system engineering; system thinking certification; system thinking training; systems thinking course; systems thinking mit; what is system thinking
synthetic_B_Phrase; Exact_top_conv_n10_26,,learn system architecture; project management cert; project management training; system design; system design certification; system engineering online course; systems thinking certification; systems thinking courses; thinking in systems a primer; what is system thinking,mit systems thinking; mit systems thinking course; mit systems thinking course online; mit xpro systems thinking; project management cert; system design certification; system dynamics course; system thinking course; systems thinking mit; what is system thinking,,,,,,,learn system architecture; mit systems thinking; mit systems thinking course; mit systems thinking course online; mit xpro systems thinking; project management cert; project management training; system design; system design certification; system dynamics course; system engineering online course; system thinking course; systems thinking certification; systems thinking courses; systems thinking mit; thinking in systems a primer; what is system thinking
synthetic_B_Phrase; Exact_semantic_n10_27,,introduction to systems thinking; learn system thinking; mit xpro systems thinking; system thinking training; systems thinking course; systems thinking courses; systems thinking in business; systems thinking mit; thinking in systems a primer; what is system thinking,introduction to systems thinking; learn system thinking; mit xpro systems thinking; system thinking course; system thinking training; systems thinking course; systems thinking in business; systems thinking mit; thinking in systems a primer; what is system thinking,,,,,,,introduction to systems thinking; learn system thinking; mit xpro systems thinking; system thinking course; system thinking training; systems thinking course; systems thinking courses; systems thinking in business; systems thinking mit; thinking in systems a primer; what is system thinking
synthetic_B_Phrase; Exact_dispersion_n10_28,,business systems courses; how to learn to think strategically; mit system dynamics group; pmp training; product management certification; project management cert; software architecture course; solve complex problems; system design; system dynamics,best critical thinking courses; how to learn to think strategically; learn product management; mit system dynamics group; pmp training; project management cert; solve complex problems; system design; system design certification; system dynamics,,,,,,,best critical thinking courses; business systems courses; how to learn to think strategically; learn product management; mit system dynamics group; pmp training; product management certification; project management cert; software architecture course; solve complex problems; system design; system design certification; system dynamics
synthetic_B_Phrase; Exact_composite_n10_29,,how to learn to think strategically; introduction to systems thinking; mit system dynamics group; mit xpro systems thinking; solve complex problems; system design; system dynamics; systems thinking in business; technical problem solving; what is system thinking,how to learn to think strategically; introduction to systems thinking; mit system dynamics group; mit xpro systems thinking; solve complex problems; system design; system dynamics; systems thinking in business; thinking in systems a primer; what is system thinking,,,,,,,how to learn to think strategically; introduction to systems thinking; mit system dynamics group; mit xpro systems thinking; solve complex problems; system design; system dynamics; systems thinking in business; technical problem solving; thinking in systems a primer; what is system thinking
synthetic_B_Phrase; Exact_allowlist_n20_30,,business systems courses; learn product management; learn system thinking; mit systems thinking; mit xpro systems thinking; product management certification; project management program; project management training; system architecture course; system design; system dynamics; system dynamics course; system engineering; system engineering online course; system thinking training; systems thinking certificate; systems thinking course; systems thinking courses; systems thinking mit; what is system thinking,best critical thinking courses; learn product management; learn system thinking; mit system dynamics course; mit system dynamics group; mit systems thinking; mit xpro systems thinking; project management program; project management training; system architecture course; system design; system dynamics; system dynamics course; system engineering online course; system thinking certification; system thinking training; systems thinking certificate; systems thinking course; systems thinking mit; what is system thinking,,,,,,,best critical thinking courses; business systems courses; learn product management; learn system thinking; mit system dynamics course; mit system dynamics group; mit systems thinking; mit xpro systems thinking; product management certification; project management program; project management training; system architecture course; system design; system dynamics; system dynamics course; system engineering; system engineering online course; system thinking certification; system thinking training; systems thinking certificate; systems thinking course; systems thinking courses; systems thinking mit; what is system thinking
synthetic_B_Phrase; Exact_top_conv_n20_31,,business systems courses; learn product management; learn system architecture; pmp training; product management certification; project management cert; project management online course; project management training; software architecture course; system architecture course; system design; system design certification; system engineering online course; systems thinking certificate; systems thinking certification; systems thinking courses; systems thinking in business; systems thinking mit; thinking in systems a primer; what is system thinking,best critical thinking courses; mit system dynamics course; mit systems thinking; mit systems thinking course; mit systems thinking course online; mit xpro systems thinking; project management cert; project management online course; project management program; project management training; system design; system design certification; system dynamics course; system engineering online course; system thinking course; systems thinking certificate; systems thinking course; systems thinking mit; thinking in systems a primer; what is system thinking,,,,,,,best critical thinking courses; business systems courses; learn product management; learn system architecture; mit system dynamics course; mit systems thinking; mit systems thinking course; mit systems thinking course online; mit xpro systems thinking; pmp training; product management certification; project management cert; project management online course; project management program; project management training; software architecture course; system architecture course; system design; system design certification; system dynamics course; system engineering online course; system thinking course; systems thinking certificate; systems thinking certification; systems thinking course; systems thinking courses; systems thinking in business; systems thinking mit; thinking in systems a primer; what is system thinking
synthetic_B_Phrase; Exact_semantic_n20_32,,business systems courses; introduction to systems thinking; learn system architecture; learn system thinking; mit systems thinking; mit xpro systems thinking; system architecture course; system design; system dynamics; system dynamics course; system engineering; system thinking training; systems thinking certificate; systems thinking certification; systems thinking course; systems thinking courses; systems thinking in business; systems thinking mit; thinking in systems a primer; what is system thinking,best systems thinking courses; introduction to systems thinking; learn system architecture; learn system thinking; mit systems thinking; mit systems thinking course; mit systems thinking course online; mit xpro systems thinking; system design; system dynamics; system dynamics course; system thinking certification; system thinking course; system thinking training; systems thinking certificate; systems thinking course; systems thinking in business; systems thinking mit; thinking in systems a primer; what is system thinking,,,,,,,best systems thinking courses; business systems courses; introduction to systems thinking; learn system architecture; learn system thinking; mit systems thinking; mit systems thinking course; mit systems thinking course online; mit xpro systems thinking; system architecture course; system design; system dynamics; system dynamics course; system engineering; system thinking certification; system thinking course; system thinking training; systems thinking certificate; systems thinking certification; systems thinking course; systems thinking courses; systems thinking in business; systems thinking mit; thinking in systems a primer; what is system thinking
synthetic_B_Phrase; Exact_dispersion_n20_33,,business systems courses; how to learn to think strategically; learn product management; learn system architecture; mit system dynamics group; mit xpro systems thinking; pmp training; product management certification; project management cert; project management online course; project management training; software architecture course; solve complex problems; system design; system design certification; system dynamics; technical problem solving; technical project management; thinking in systems a primer; what is system thinking,best critical thinking courses; how to learn to think strategically; learn product management; learn system architecture; mit system dynamics course; mit system dynamics group; mit xpro systems thinking; pmp training; project management cert; project management online course; project management program; project management training; software architecture course; solve complex problems; system design; system design certification; system dynamics; system engineering online course; thinking in systems a primer; what is system thinking,,,,,,,best critical thinking courses; business systems courses; how to learn to think strategically; learn product management; learn system architecture; mit system dynamics course; mit system dynamics group; mit xpro systems thinking; pmp training; product management certification; project management cert; project management online course; project management program; project management training; software architecture course; solve complex problems; system design; system design certification; system dynamics; system engineering online course; technical problem solving; technical project management; thinking in systems a primer; what is system thinking
synthetic_B_Phrase; Exact_composite_n20_34,,how to learn to think strategically; introduction to systems thinking; learn product management; learn system architecture; learn system thinking; mit system dynamics group; mit systems thinking; mit xpro systems thinking; pmp training; product management certification; solve complex problems; system design; system design certification; system dynamics; system engineering; system thinking training; systems thinking in business; technical problem solving; thinking in systems a primer; what is system thinking,best critical thinking courses; how to learn to think strategically; introduction to systems thinking; learn product management; learn system architecture; learn system thinking; mit system dynamics group; mit systems thinking; mit xpro systems thinking; pmp training; project management cert; project management program; solve complex problems; system design; system design certification; system dynamics; system dynamics course; systems thinking in business; thinking in systems a primer; what is system thinking,,,,,,,best critical thinking courses; how to learn to think strategically; introduction to systems thinking; learn product management; learn system architecture; learn system thinking; mit system dynamics group; mit systems thinking; mit xpro systems thinking; pmp training; product management certification; project management cert; project management program; solve complex problems; system design; system design certification; system dynamics; system dynamics course; system engineering; system thinking training; systems thinking in business; technical problem solving; thinking in systems a primer; what is system thinking
synthetic_B_Phrase; Exact_allowlist_n40_35,,business systems courses; how to learn to think strategically; introduction to systems thinking; learn product management; learn system architecture; learn system thinking; mit system dynamics group; mit systems thinking; mit xpro systems thinking; online system thinking course; pmp training; product management certification; product management course; project management cert; project management online course; project management program; project management training; software architecture course; solve complex problems; system architecture course; system design; system design certification; system dynamics; system dynamics course; system engineering; system engineering online course; system models; system thinking certification; system thinking training; systems thinking certificate; systems thinking certification; systems thinking course; systems thinking courses; systems thinking in business; systems thinking mit; technical problem solving; technical project management; thinking in systems a primer; what is system engineering; what is system thinking,best critical thinking courses; best systems thinking courses; how to learn to think strategically; introduction to systems thinking; learn product management; learn system architecture; learn system thinking; mit system dynamics course; mit system dynamics group; mit systems thinking; mit systems thinking course; mit systems thinking course online; mit xpro systems thinking; online system thinking course; pmp training; product management certification; project management cert; project management online course; project management program; project management training; software architecture course; solve complex problems; system architecture course; system design; system design certification; system dynamics; system dynamics course; system engineering; system engineering online course; system models; system thinking certification; system thinking course; system thinking training; systems thinking certificate; systems thinking course; systems thinking courses; systems thinking in business; systems thinking mit; thinking in systems a primer; what is system thinking,,,,,,,best critical thinking courses; best systems thinking courses; business systems courses; how to learn to think strategically; introduction to systems thinking; learn product management; learn system architecture; learn system thinking; mit system dynamics course; mit system dynamics group; mit systems thinking; mit systems thinking course; mit systems thinking course online; mit xpro systems thinking; online system thinking course; pmp training; product management certification; product management course; project management cert; project management online course; project management program; project management training; software architecture course; solve complex problems; system architecture course; system design; system design certification; system dynamics; system dynamics course; system engineering; system engineering online course; system models; system thinking certification; system thinking course; system thinking training; systems thinking certificate; systems thinking certification; systems thinking course; systems thinking courses; systems thinking in business; systems thinking mit; technical problem solving; technical project management; thinking in systems a primer; what is system engineering; what is system thinking
synthetic_B_Phrase; Exact_top_conv_n40_36,,best critical thinking courses; business systems courses; dynamic models; how to learn to think strategically; learn product management; learn system architecture; learn system thinking; mit system dynamics course; mit system dynamics group; mit systems thinking; mit xpro systems thinking; online system thinking course; pmp training; product management certification; product management course; project management cert; project management online course; project management program; project management training; software architecture course; system architecture course; system design; system design certification; system dynamics; system dynamics course; system engineering; system engineering online course; system models; system thinking certification; system thinking training; systems thinking certificate; systems thinking certification; systems thinking course; systems thinking courses; systems thinking in business; systems thinking mit; technical project management; thinking in systems a primer; what is system engineering; what is system thinking,best critical thinking courses; business systems courses; dynamic models; learn product management; learn system thinking; mit system dynamics course; mit system dynamics group; mit systems thinking; mit systems thinking course; mit systems thinking course online; mit xpro systems thinking; online system thinking course; product management certification; product management course; project management cert; project management certificate; project management course; project management online course; project management program; project management training; software architecture course; system architecture course; system design; system design certification; system dynamics; system dynamics course; system engineering; system engineering online course; system models; system thinking certification; system thinking course; system thinking training; systems thinking certificate; systems thinking certification; systems thinking course; systems thinking courses; systems thinking mit; thinking in systems a primer; what is system engineering; what is system thinking,,,,,,,best critical thinking courses; business systems courses; dynamic models; how to learn to think strategically; learn product management; learn system architecture; learn system thinking; mit system dynamics course; mit system dynamics group; mit systems thinking; mit systems thinking course; mit systems thinking course online; mit xpro systems thinking; online system thinking course; pmp training; product management certification; product management course; project management cert; project management certificate; project management course; project management online course; project management program; project management training; software architecture course; system architecture course; system design; system design certification; system dynamics; system dynamics course; system engineering; system engineering online course; system models; system thinking certification; system thinking course; system thinking training; systems thinking certificate; systems thinking certification; systems thinking course; systems thinking courses; systems thinking in business; systems thinking mit; technical project management; thinking in systems a primer; what is system engineering; what is system thinking
synthetic_USA_Broad_allowlist_n10_37,best critical thinking courses; best systems thinking courses; business systems course; introduction to systems thinking; project management cert; system design certification; system dynamics course; systems thinking certificate; systems thinking course; what is system thinking,,,,,,,,,best critical thinking courses; best systems thinking courses; business systems course; introduction to systems thinking; project management cert; system design certification; system dynamics course; systems thinking certificate; systems thinking course; what is system thinking
synthetic_USA_Broad_top_conv_n10_38,best critical thinking courses; best systems thinking courses; business systems course; project management cert; system design certification; system dynamics course; system thinking training; systems thinking certificate; systems thinking course; what is system thinking,,,,,,,,,best critical thinking courses; best systems thinking courses; business systems course; project management cert; system design certification; system dynamics course; system thinking training; systems thinking certificate; systems thinking course; what is system thinking
synthetic_USA_Broad_allowlist_n20_39,best critical thinking courses; best systems thinking courses; business systems course; introduction to systems thinking; learn system thinking; mit systems thinking; mit xpro systems thinking; project management cert; project management program; project management training; system design certification; system dynamics; system dynamics course; system engineering; system thinking certification; system thinking training; systems thinking certificate; systems thinking course; systems thinking mit; what is system thinking,,,,,,,,,best critical thinking courses; best systems thinking courses; business systems course; introduction to systems thinking; learn system thinking; mit systems thinking; mit xpro systems thinking; project management cert; project management program; project management training; system design certification; system dynamics; system dynamics course; system engineering; system thinking certification; system thinking training; systems thinking certificate; systems thinking course; systems thinking mit; what is system thinking
synthetic_USA_Broad_top_conv_n20_40,best critical thinking courses; best systems thinking courses; business systems course; learn system thinking; mit systems thinking; mit xpro systems thinking; project management cert; project management program; project management training; system design certification; system dynamics; system dynamics course; system engineering; system models; system thinking certification; system thinking training; systems thinking certificate; systems thinking course; systems thinking mit; what is system thinking,,,,,,,,,best critical thinking courses; best systems thinking courses; business systems course; learn system thinking; mit systems thinking; mit xpro systems thinking; project management cert; project management program; project management training; system design certification; system dynamics; system dynamics course; system engineering; system models; system thinking certification; system thinking training; systems thinking certificate; systems thinking course; systems thinking mit; what is system thinking
synthetic_USA_Broad_allowlist_n40_41,best critical thinking courses; best systems thinking courses; business systems course; business systems courses; dynamic models; introduction to systems thinking; learn product management; learn system thinking; mit system dynamics course; mit system dynamics group; mit systems thinking; mit systems thinking course; mit xpro systems thinking; online system thinking course; product management certification; product management course; project management cert; project management certificate; project management course; project management program; project management training; software architecture course; system architecture course; system design; system design certification; system dynamics; system dynamics course; system engineering; system engineering online course; system models; system thinking certification; system thinking course; system thinking training; systems thinking certificate; systems thinking certification; systems thinking course; systems thinking courses; systems thinking mit; what is system engineering; what is system thinking,,,,,,,,,best critical thinking courses; best systems thinking courses; business systems course; business systems courses; dynamic models; introduction to systems thinking; learn product management; learn system thinking; mit system dynamics course; mit system dynamics group; mit systems thinking; mit systems thinking course; mit xpro systems thinking; online system thinking course; product management certification; product management course; project management cert; project management certificate; project management course; project management program; project management training; software architecture course; system architecture course; system design; system design certification; system dynamics; system dynamics course; system engineering; system engineering online course; system models; system thinking certification; system thinking course; system thinking training; systems thinking certificate; systems thinking certification; systems thinking course; systems thinking courses; systems thinking mit; what is system engineering; what is system thinking
synthetic_USA_Broad_top_conv_n40_42,best critical thinking courses; best systems thinking courses; business systems course; business systems courses; dynamic models; how to learn to think strategically; learn product management; learn system thinking; mit system dynamics course; mit system dynamics group; mit systems thinking; mit systems thinking course; mit xpro systems thinking; online system thinking course; product management certification; product management course; project management cert; project management certificate; project management course; project management program; project management training; software architecture course; system architecture course; system design; system design certification; system dynamics; system dynamics course; system engineering; system engineering online course; system models; system thinking certification; system thinking course; system thinking training; systems thinking certificate; systems thinking certification; systems thinking course; systems thinking courses; systems thinking mit; what is system engineering; what is system thinking,,,,,,,,,best critical thinking courses; best systems thinking courses; business systems course; business systems courses; dynamic models; how to learn to think strategically; learn product management; learn system thinking; mit system dynamics course; mit system dynamics group; mit systems thinking; mit systems thinking course; mit xpro systems thinking; online system thinking course; product management certification; product management course; project management cert; project management certificate; project management course; project management program; project management training; software architecture course; system architecture course; system design; system design certification; system dynamics; system dynamics course; system engineering; system engineering online course; system models; system thinking certification; system thinking course; system thinking training; systems thinking certificate; systems thinking certification; systems thinking course; systems thinking courses; systems thinking mit; what is system engineering; what is system thinking
synthetic_USA_Phrase; Exact_allowlist_n10_43,,learn system thinking; mit systems thinking; project management program; project management training; system dynamics; system engineering; system thinking certification; system thinking training; systems thinking mit; what is system thinking,mit systems thinking; mit xpro systems thinking; project management program; system dynamics; system engineering; system thinking certification; system thinking training; systems thinking course; systems thinking mit; what is system thinking,,,,,,,learn system thinking; mit systems thinking; mit xpro systems thinking; project management program; project management training; system dynamics; system engineering; system thinking certification; system thinking training; systems thinking course; systems thinking mit; what is system thinking
synthetic_USA_Phrase; Exact_top_conv_n10_44,,business systems courses; learn system architecture; learn system thinking; system design; system dynamics course; system engineering online course; system thinking training; systems thinking certificate; systems thinking courses; systems thinking mit,mit system dynamics course; mit systems thinking; mit systems thinking course; mit systems thinking course online; mit xpro systems thinking; system engineering online course; system thinking course; system thinking training; systems thinking course; systems thinking mit,,,,,,,business systems courses; learn system architecture; learn system thinking; mit system dynamics course; mit systems thinking; mit systems thinking course; mit systems thinking course online; mit xpro systems thinking; system design; system dynamics course; system engineering online course; system thinking course; system thinking training; systems thinking certificate; systems thinking course; systems thinking courses; systems thinking mit
synthetic_USA_Phrase; Exact_semantic_n10_45,,introduction to systems thinking; learn system thinking; mit systems thinking; system thinking training; systems thinking certification; systems thinking courses; systems thinking in business; systems thinking mit; thinking in systems a primer; what is system thinking,introduction to systems thinking; learn system thinking; mit xpro systems thinking; system thinking course; system thinking training; systems thinking course; systems thinking in business; systems thinking mit; thinking in systems a primer; what is system thinking,,,,,,,introduction to systems thinking; learn system thinking; mit systems thinking; mit xpro systems thinking; system thinking course; system thinking training; systems thinking certification; systems thinking course; systems thinking courses; systems thinking in business; systems thinking mit; thinking in systems a primer; what is system thinking
synthetic_USA_Phrase; Exact_dispersion_n10_46,,best critical thinking courses; how to learn to think strategically; mit system dynamics group; pmp training; product management certification; project management cert; solve complex problems; system design; system dynamics; system models,best critical thinking courses; how to learn to think strategically; learn product management; mit system dynamics group; pmp training; project management cert; solve complex problems; system design; system design certification; system dynamics,,,,,,,best critical thinking courses; how to learn to think strategically; learn product management; mit system dynamics group; pmp training; product management certification; project management cert; solve complex problems; system design; system design certification; system dynamics; system models
synthetic_USA_Phrase; Exact_composite_n10_47,,best critical thinking courses; how to learn to think strategically; introduction to systems thinking; mit system dynamics group; solve complex problems; system design; system dynamics; system models; thinking in systems a primer; what is system thinking,how to learn to think strategically; introduction to systems thinking; mit system dynamics group; mit xpro systems thinking; solve complex problems; system design; system dynamics; systems thinking in business; thinking in systems a primer; what is system thinking,,,,,,,best critical thinking courses; how to learn to think strategically; introduction to systems thinking; mit system dynamics group; mit xpro systems thinking; solve complex problems; system design; system dynamics; system models; systems thinking in business; thinking in systems a primer; what is system thinking
synthetic_USA_Phrase; Exact_allowlist_n20_48,,best critical thinking courses; business systems courses; learn system thinking; mit systems thinking; product management certification; project management program; project management training; system architecture course; system design; system dynamics; system dynamics course; system engineering; system engineering online course; system models; system thinking certification; system thinking training; systems thinking certificate; systems thinking courses; systems thinking mit; what is system thinking,best critical thinking courses; business systems courses; learn product management; learn system thinking; mit systems thinking; mit xpro systems thinking; project management program; project management training; system architecture course; system design; system dynamics; system dynamics course; system engineering; system engineering online course; system thinking certification; system thinking training; systems thinking certificate; systems thinking course; systems thinking mit; what is system thinking,,,,,,,best critical thinking courses; business systems courses; learn product management; learn system thinking; mit systems thinking; mit xpro systems thinking; product management certification; project management program; project management training; system architecture course; system design; system dynamics; system dynamics course; system engineering; system engineering online course; system models; system thinking certification; system thinking training; systems thinking certificate; systems thinking course; systems thinking courses; systems thinking mit; what is system thinking
synthetic_USA_Phrase; Exact_top_conv_n20_49,,business systems courses; learn product management; learn system architecture; learn system thinking; mit systems thinking; project management training; software architecture course; system design; system dynamics; system dynamics course; system engineering; system engineering online course; system thinking certification; system thinking training; systems thinking certificate; systems thinking certification; systems thinking course; systems thinking courses; systems thinking mit; what is system thinking,best critical thinking courses; best systems thinking courses; business systems courses; how to learn to think strategically; introduction to systems thinking; mit system dynamics course; mit systems thinking; mit systems thinking course; mit systems thinking course online; mit xpro systems thinking; project management cert; system design certification; system dynamics course; system engineering online course; system thinking certification; system thinking course; system thinking training; systems thinking certificate; systems thinking course; systems thinking mit,,,,,,,best critical thinking courses; best systems thinking courses; business systems courses; how to learn to think strategically; introduction to systems thinking; learn product management; learn system architecture; learn system thinking; mit system dynamics course; mit systems thinking; mit systems thinking course; mit systems thinking course online; mit xpro systems thinking; project management cert; project management training; software architecture course; system design; system design certification; system dynamics; system dynamics course; system engineering; system engineering online course; system thinking certification; system thinking course; system thinking training; systems thinking certificate; systems thinking certification; systems thinking course; systems thinking courses; systems thinking mit; what is system thinking
synthetic_USA_Phrase; Exact_semantic_n20_50,,business systems courses; introduction to systems thinking; learn system architecture; learn system thinking; mit systems thinking; system architecture course; system design; system dynamics; system dynamics course; system engineering; system models; system thinking certification; system thinking training; systems thinking certificate; systems thinking certification; systems thinking courses; systems thinking in business; systems thinking mit; thinking in systems a primer; what is system thinking,best systems thinking courses; business systems courses; introduction to systems thinking; learn system thinking; mit systems thinking; mit systems thinking course; mit systems thinking course online; mit xpro systems thinking; system design; system dynamics course; system engineering; system thinking certification; system thinking course; system thinking training; systems thinking certificate; systems thinking course; systems thinking in business; systems thinking mit; thinking in systems a primer; what is system thinking,,,,,,,best systems thinking courses; business systems courses; introduction to systems thinking; learn system architecture; learn system thinking; mit systems thinking; mit systems thinking course; mit systems thinking course online; mit xpro systems thinking; system architecture course; system design; system dynamics; system dynamics course; system engineering; system models; system thinking certification; system thinking course; system thinking training; systems thinking certificate; systems thinking certification; systems thinking course; systems thinking courses; systems thinking in business; systems thinking mit; thinking in systems a primer; what is system thinking
synthetic_USA_Phrase; Exact_dispersion_n20_51,,best critical thinking courses; how to learn to think strategically; learn product management; learn system architecture; mit system dynamics group; pmp training; product management certification; project management cert; project management online course; project management training; software architecture course; solve complex problems; system design; system design certification; system dynamics; system models; technical problem solving; technical project management; thinking in systems a primer; what is system thinking,best critical thinking courses; how to learn to think strategically; learn product management; learn system architecture; mit system dynamics course; mit system dynamics group; mit xpro systems thinking; pmp training; project management cert; project management online course; project management program; project management training; software architecture course; solve complex problems; system design; system design certification; system dynamics; technical project management; thinking in systems a primer; what is system thinking,,,,,,,best critical thinking courses; how to learn to think strategically; learn product management; learn system architecture; mit system dynamics course; mit system dynamics group; mit xpro systems thinking; pmp training; product management certification; project management cert; project management online course; project management program; project management training; software architecture course; solve complex problems; system design; system design certification; system dynamics; system models; technical problem solving; technical project management; thinking in systems a primer; what is system thinking
synthetic_USA_Phrase; Exact_composite_n20_52,,best critical thinking courses; how to learn to think strategically; introduction to systems thinking; learn system architecture; learn system thinking; mit system dynamics group; mit systems thinking; pmp training; product management certification; solve complex problems; system design; system design certification; system dynamics; system engineering; system models; system thinking training; systems thinking in business; technical problem solving; thinking in systems a primer; what is system thinking,best critical thinking courses; how to learn to think strategically; introduction to systems thinking; learn product management; learn system architecture; learn system thinking; mit system dynamics group; mit systems thinking; mit xpro systems thinking; pmp training; project management cert; solve complex problems; system design; system design certification; system dynamics; system engineering; systems thinking in business; technical project management; thinking in systems a primer; what is system thinking,,,,,,,best critical thinking courses; how to learn to think strategically; introduction to systems thinking; learn product management; learn system architecture; learn system thinking; mit system dynamics group; mit systems thinking; mit xpro systems thinking; pmp training; product management certification; project management cert; solve complex problems; system design; system design certification; system dynamics; system engineering; system models; system thinking training; systems thinking in business; technical problem solving; technical project management; thinking in systems a primer; what is system thinking
synthetic_USA_Phrase; Exact_allowlist_n40_53,,best critical thinking courses; business systems courses; how to learn to think strategically; introduction to systems thinking; learn product management; learn system architecture; learn system thinking; mit system dynamics group; mit systems thinking; mit xpro systems thinking; online system thinking course; pmp training; product management certification; project management cert; project management course; project management online course; project management program; project management training; software architecture course; solve complex problems; system architecture course; system design; system design certification; system dynamics; system dynamics course; system engineering; system engineering online course; system models; system thinking certification; system thinking training; systems thinking certificate; systems thinking certification; systems thinking course; systems thinking courses; systems thinking in business; systems thinking mit; technical problem solving; technical project management; thinking in systems a primer; what is system thinking,best critical thinking courses; best systems thinking courses; business systems courses; how to learn to think strategically; introduction to systems thinking; learn product management; learn system architecture; learn system thinking; mit system dynamics course; mit system dynamics group; mit systems thinking; mit systems thinking course; mit systems thinking course online; mit xpro systems thinking; pmp training; project management cert; project management online course; project management program; project management training; software architecture course; solve complex problems; system architecture course; system design; system design certification; system dynamics; system dynamics course; system engineering; system engineering online course; system models; system thinking certification; system thinking course; system thinking training; systems thinking certificate; systems thinking course; systems thinking courses; systems thinking in business; systems thinking mit; technical project management; thinking in systems a primer; what is system thinking,,,,,,,best critical thinking courses; best systems thinking courses; business systems courses; how to learn to think strategically; introduction to systems thinking; learn product management; learn system architecture; learn system thinking; mit system dynamics course; mit system dynamics group; mit systems thinking; mit systems thinking course; mit systems thinking course online; mit xpro systems thinking; online system thinking course; pmp training; product management certification; project management cert; project management course; project management online course; project management program; project management training; software architecture course; solve complex problems; system architecture course; system design; system design certification; system dynamics; system dynamics course; system engineering; system engineering online course; system models; system thinking certification; system thinking course; system thinking training; systems thinking certificate; systems thinking certification; systems thinking course; systems thinking courses; systems thinking in business; systems thinking mit; technical problem solving; technical project management; thinking in systems a primer; what is system thinking
synthetic_USA_Phrase; Exact_top_conv_n40_54,,best critical thinking courses; best systems thinking courses; business systems course; business systems courses; dynamic models; how to learn to think strategically; learn product management; learn system architecture; learn system thinking; mit system dynamics course; mit system dynamics group; mit systems thinking; mit systems thinking course; mit xpro systems thinking; online system thinking course; product management certification; product management course; project management cert; project management certificate; project management course; project management program; project management training; software architecture course; system architecture course; system design; system dynamics; system dynamics course; system engineering; system engineering online course; system models; system thinking certification; system thinking course; system thinking training; systems thinking certificate; systems thinking certification; systems thinking course; systems thinking courses; systems thinking mit; what is system engineering; what is system thinking,best critical thinking courses; best systems thinking courses; business systems courses; dynamic models; how to learn to think strategically; introduction to systems thinking; learn product management; learn system thinking; mit system dynamics course; mit system dynamics group; mit systems thinking; mit systems thinking course; mit systems thinking course online; mit xpro systems thinking; online system thinking course; product management certification; product management course; project management cert; project management certificate; project management program; project management training; software architecture course; system architecture course; system design; system design certification; system dynamics; system dynamics course; system engineering; system engineering online course; system models; system thinking certification; system thinking course; system thinking training; systems thinking certificate; systems thinking course; systems thinking courses; systems thinking mit; thinking in systems a primer; what is system engineering; what is system thinking,,,,,,,best critical thinking courses; best systems thinking courses; business systems course; business systems courses; dynamic models; how to learn to think strategically; introduction to systems thinking; learn product management; learn system architecture; learn system thinking; mit system dynamics course; mit system dynamics group; mit systems thinking; mit systems thinking course; mit systems thinking course online; mit xpro systems thinking; online system thinking course; product management certification; product management course; project management cert; project management certificate; project management course; project management program; project management training; software architecture course; system architecture course; system design; system design certification; system dynamics; system dynamics course; system engineering; system engineering online course; system models; system thinking certification; system thinking course; system thinking training; systems thinking certificate; systems thinking certification; systems thinking course; systems thinking courses; systems thinking mit; thinking in systems a primer; what is system engineering; what is system thinking
